rank_by_apps,name,appearances,goals,current_club,is_current_pl,position,nationality,born,player_id
1,James Milner,658,56,,False,Left/Centre/Right Central Midfielder,England,4 January 1986,340458
2,Gareth Barry,653,53,West Bromwich Albion,False,Centre Central Midfielder,England,23 February 1981,52234
3,Ryan Giggs,632,109,Manchester United,False,Left/Centre Central Midfielder,Wales,29 November 1973,323
4,Frank Lampard,609,177,,False,Attacking Midfielder,England,20 June 1978,143319
5,David James,572,0,,False,Goalkeeper,England,1 August 1970,55236
6,Gary Speed,535,80,Sheffield United,False,Midfielder,Wales,8 September 1969,30153
7,Emile Heskey,516,110,,False,Centre Striker,England,11 January 1978,14283
8,Mark Schwarzer,514,0,,False,Goalkeeper,Australia,6 October 1972,13977
9,Jamie Carragher,508,3,,False,Defender,England,28 January 1978,143184
10,Phil Neville,505,9,Everton,False,Centre Defensive Midfielder,England,21 January 1977,3869
11,Steven Gerrard,504,120,,False,Midfielder,England,30 May 1980,55247
12,Rio Ferdinand,504,11,,False,Defender,England,7 November 1978,54994
13,Sol Campbell,503,20,,False,Centre Central Defender,England,18 September 1974,5768
14,Paul Scholes,499,107,Manchester United,False,Centre Central Midfielder,England,16 November 1974,324
15,Jermain Defoe,496,162,,False,Centre Striker,England,7 October 1982,303240
16,John Terry,492,41,Aston Villa,False,Centre Central Defender,England,7 December 1980,47414
17,Wayne Rooney,491,208,Derby County,False,Centre Second Striker,England,24 October 1985,172398
18,Ashley Young,485,50,,False,Right Full Back,England,9 July 1985,738971
19,Michael Carrick,481,24,Manchester United,False,Centre Central Midfielder,England,28 July 1981,4242
20,Sylvain Distin,469,7,,False,Centre Central Defender,France,16 December 1977,18714
21,Peter Crouch,468,108,,False,Centre Striker,England,30 January 1981,154344
22,Jordan Henderson,463,34,Chelsea,True,Centre Central Midfielder,England,17 June 1990,790521
23,Aaron Hughes,455,5,Melbourne City FC,False,Centre Central Defender,Northern Ireland,8 November 1979,122564
24,Brad Friedel,450,1,Tottenham Hotspur,False,Goalkeeper,United States,18 May 1971,6178
25,Shay Given,450,0,,False,Goalkeeper,Ireland,20 April 1976,20166
26,Kyle Walker,446,8,Burnley,False,Right Full Back,England,28 May 1990,738114
27,John O'Shea,445,13,Reading,False,Centre Central Defender,Ireland,30 April 1981,130648
28,Kevin Davies,444,88,Preston North End,False,Centre Striker,England,26 March 1977,11879
29,Petr Cech,443,0,Arsenal,False,Goalkeeper,Czech Republic,20 May 1982,266361
30,Alan Shearer,441,260,,False,Forward,England,13 August 1970,1440
31,Jussi Jääskeläinen,436,0,Wigan Athletic,False,Goalkeeper,Finland,19 April 1975,20384
32,Richard Dunne,431,11,,False,Centre Central Defender,Ireland,21 September 1979,11886
33,Gareth Southgate,426,17,,False,Defender,England,3 September 1970,2732
34,James Ward-Prowse,422,57,Southampton,False,Centre Central Midfielder,England,1 November 1994,23392
35,Leighton Baines,420,32,Everton,False,Left Full Back,England,11 December 1984,4600
36,Teddy Sheringham,418,146,,False,Centre Second Striker,England,2 April 1966,110022
37,Danny Murphy,417,50,Fulham,False,Centre Central Midfielder,England,18 March 1977,4624
38,Aaron Lennon,416,36,Burnley,False,Right Winger,England,16 April 1987,288361
39,David de Gea,415,0,Fiorentina,False,Goalkeeper,Spain,7 November 1990,364040
40,Andrew Cole,414,187,,False,Forward,England,15 October 1971,4848
41,Mark Noble,414,47,,False,Centre Central Midfielder,England,8 May 1987,4029
42,Nicky Butt,411,29,,False,Midfielder,England,21 January 1975,3805
43,Stewart Downing,408,37,Blackburn Rovers,False,Left/Right Winger,England,22 July 1984,159684
44,Danny Welbeck,402,90,Chelsea,True,Centre Striker,England,26 November 1990,790419
45,Kevin Nolan,401,69,Notts County,False,Centre Attacking Midfielder,England,24 June 1982,43709
46,Gary Neville,400,5,,False,Right Full Back,England,18 February 1975,309
47,Tim Howard,399,1,Colorado Rapids,False,Goalkeeper,United States,6 March 1979,141554
48,Theo Walcott,397,80,Southampton,False,Right Winger,England,16 March 1989,277556
49,Lee Bowyer,397,57,Ipswich Town,False,Midfielder,England,3 January 1977,176853
50,Raheem Sterling,396,123,Feyenoord,False,Forward,England,8 December 1994,785522
51,Gary Cahill,394,28,,False,Centre Central Defender,England,19 December 1985,288155
52,Damien Duff,392,54,,False,Left Winger,Ireland,2 March 1979,124533
53,Ben Foster,390,0,,False,Goalkeeper,England,3 April 1983,339679
54,Jonny Evans,386,14,,False,Centre Central Defender,Northern Ireland,3 January 1988,110232
55,Ashley Cole,385,15,,False,Left Full Back,England,20 December 1980,152954
56,George Boateng,384,17,Nottingham Forest,False,Midfielder,Netherlands,5 September 1975,177168
57,Robbie Fowler,379,163,,False,Forward,England,9 April 1975,55008
58,Ray Parlour,379,20,,False,Midfielder,England,7 March 1973,3636
59,Joe Cole,378,46,,False,Left/Centre/Right Attacking Midfielder,England,8 November 1981,142798
60,Luke Young,378,9,Queens Park Rangers,False,Left/Right Full Back,England,19 July 1979,6078
61,Stephen Carr,377,8,Birmingham City,False,Right Full Back,Ireland,29 August 1976,5253
62,Phil Jagielka,376,18,Stoke City,False,Centre Central Defender,England,17 August 1982,300740
63,Lukasz Fabianski,376,0,West Ham United,False,Goalkeeper,Poland,18 April 1985,746312
64,Dwight Yorke,375,123,,False,Midfielder,Trinidad & Tobago,3 November 1971,4762
65,Séamus Coleman,374,22,,False,Right Full Back,Ireland,11 October 1988,94007
66,Paul Robinson,374,1,Burnley,False,Goalkeeper,England,15 October 1979,18840
67,Nigel Martyn,372,0,,False,Goalkeeper,England,11 August 1966,3209
68,Scott Parker,367,24,Fulham,False,Midfielder,England,13 October 1980,23102
69,Roy Keane,366,39,,False,Midfielder,Ireland,10 August 1971,110403
70,Jordan Pickford,366,0,Everton,False,Goalkeeper,England,7 March 1994,46085
71,Nicolas Anelka,364,125,,False,Centre Striker,France,14 March 1979,6786
72,David Unsworth,364,38,,False,Defender,England,16 October 1973,4432
73,Chris Perry,363,8,Southampton,False,Defender,England,26 April 1973,97107
74,Thomas Sørensen,363,0,Melbourne City FC,False,Goalkeeper,Denmark,12 June 1976,122559
75,Trevor Sinclair,361,52,,False,Midfielder,England,2 March 1973,3290
76,Hugo Lloris,361,0,Los Angeles Football Club,False,Goalkeeper,France,26 December 1986,735833
77,Rory Delap,358,23,,False,Midfielder,Ireland,6 July 1976,12887
78,Glen Johnson,358,15,,False,Left/Right Full Back,England,23 August 1984,20168
79,Ugo Ehiogu,355,19,,False,Defender,England,3 November 1972,2472
80,Leon Osman,352,44,,False,Centre/Right Attacking Midfielder,England,17 May 1981,2371
81,Kolo Touré,352,12,Celtic,False,Centre Central Defender,Cote D’Ivoire,19 March 1981,32441
82,Nigel Winterburn,352,5,,False,Defender,England,11 December 1963,2514
83,Les Ferdinand,351,149,Reading,False,Forward,England,8 December 1966,353263
84,Steve Watson,351,26,,False,Defender,England,1 April 1974,4004
85,Cesc Fàbregas,350,50,,False,Centre Central Midfielder,Spain,4 May 1987,153033
86,Robbie Keane,349,126,,False,Centre Second Striker,Ireland,8 July 1980,6225
87,César Azpilicueta,349,10,Atlético de Madrid,False,Right Full Back,Spain,28 August 1989,341459
88,Paul Konchesky,347,9,,False,Left Full Back,England,15 May 1981,91545
89,Robbie Savage,346,20,,False,Midfielder,Wales,18 October 1974,54999
90,Shane Long,344,56,Reading,False,Centre Striker,Ireland,22 January 1987,96938
91,James Tarkowski,344,13,Everton,True,Centre Central Defender,England,19 November 1992,314846
92,David Seaman,344,0,,False,Goalkeeper,England,19 September 1963,110008
93,Virgil van Dijk,343,31,Liverpool,True,Centre Central Defender,Netherlands,8 July 1991,92622
94,Jamie Vardy,342,145,Burnley,False,Forward,England,11 January 1987,794725
95,Nick Barmby,342,53,Hull City,False,Centre Central Midfielder,England,11 February 1974,4977
96,Tim Sherwood,341,37,Coventry City,False,Midfielder,England,6 February 1969,352904
97,Darren Fletcher,341,23,Stoke City,False,Centre Central Midfielder,Scotland,1 February 1984,156961
98,Joe Hart,340,0,Celtic,False,Goalkeeper,England,19 April 1987,289224
99,Steed Malbranque,336,39,Lyon,False,Left/Centre/Right Attacking Midfielder,France,6 January 1980,8768
100,Andy Robertson,336,12,Tottenham Hotspur,True,Left Full Back,Scotland,11 March 1994,785377
101,Kenny Cunningham,335,0,,False,Defender,Ireland,28 June 1971,2828
102,Son Heung-Min,333,127,,False,Left/Centre/Right Winger,South Korea,8 July 1992,20239
103,Hermann Hreidarsson,332,14,Coventry City,False,Defender,Iceland,11 July 1974,176377
104,James Beattie,331,91,Accrington Stanley,False,Centre Striker,England,27 February 1978,9736
105,Jason Dodd,329,9,Brighton and Hove Albion,False,Defender,England,2 November 1970,352800
106,Mohamed Salah,328,193,Trabzonspor,False,Right Winger,Egypt,15 June 1992,794358
107,Denis Irwin,328,18,,False,Defender,Ireland,31 October 1965,3386
108,Willian,327,47,,False,Left/Right Winger,Brazil,9 August 1988,735582
109,Graeme Le Saux,327,12,,False,Defender,England,17 October 1968,110013
110,Michael Owen,326,150,,False,Centre Striker,England,14 December 1979,6476
111,Kevin Campbell,325,83,,False,Forward,England,4 February 1970,3744
112,Gary McAllister,325,49,,False,Midfielder,Scotland,25 December 1964,2428
113,Matthew Taylor,325,40,Swindon Town,False,Midfielder,England,27 November 1981,55847
114,Antonio Valencia,325,24,Manchester United,False,Right Full Back,Ecuador,4 August 1985,25370
115,Kevin Kilbane,325,15,Huddersfield Town,False,Midfielder,Ireland,1 February 1977,178305
116,Gaël Clichy,325,3,Istanbul Basaksehir,False,Left Full Back,France,26 July 1985,52622
117,Gary Kelly,325,2,,False,Defender,Ireland,9 July 1974,704
118,Alex Iwobi,324,35,Fulham,True,Left/Centre/Right Second Striker,Nigeria,3 May 1996,346851
119,James McArthur,323,23,Crystal Palace,False,Central Midfielder,Scotland,7 October 1987,52229
120,Martin Keown,323,4,,False,Centre Central Defender,England,24 July 1966,110016
121,Gabriel Agbonlahor,322,74,Aston Villa,False,Left/Centre Striker,England,13 October 1986,39503
122,Robert Huth,322,21,Leicester City,False,Centre Central Defender,Germany,18 August 1984,32264
123,William Gallas,321,25,,False,Defender,France,17 August 1977,54991
124,John Arne Riise,321,21,APOEL Nicosia,False,Left Full Back,Norway,24 September 1980,15706
125,Harry Kane,320,213,FC Bayern München,False,Striker,England,28 July 1993,344721
126,Darren Anderton,319,37,,False,Midfielder,England,3 March 1972,3471
127,Paul Telfer,319,7,Sutton United,False,Defender,Scotland,21 October 1971,12313
128,Gylfi Sigurdsson,318,67,Vikingur Reykjavík,False,Midfielder,Iceland,8 September 1989,736198
129,Sami Hyypiä,318,22,Liverpool,False,Defender,Finland,7 October 1973,2140
130,Peter Atherton,318,9,,False,Defender,England,6 April 1970,2311
131,Declan Rice,317,25,Arsenal,True,Centre Central Midfielder,England,14 January 1999,342058
132,Ryan Shawcross,316,14,Stoke City,False,Centre Central Defender,England,4 October 1987,166767
133,Ben Davies,316,11,Tottenham Hotspur,True,Left Full Back,Wales,24 April 1993,14111
134,Dennis Bergkamp,315,87,Arsenal,False,Forward,Netherlands,10 May 1969,1107
135,Shaun Wright-Phillips,315,32,,False,Left/Right Winger,England,25 October 1981,115063
136,Wayne Bridge,315,3,Reading,False,Left Full Back,England,5 August 1980,11905
137,Edwin van der Sar,313,0,,False,Goalkeeper,Netherlands,29 October 1970,110391
138,Dion Dublin,312,111,Leicester City,False,Forward,England,22 April 1969,353071
139,Aaron Cresswell,312,10,Stoke City,False,Defender,England,15 December 1989,738342
140,Ian Walker,312,0,,False,Goalkeeper,England,31 October 1971,3823
141,James Morrison,311,32,West Bromwich Albion,False,Midfielder,Scotland,25 May 1986,39500
142,Christian Eriksen,310,55,VfL Wolfsburg,False,Attacking Midfielder,Denmark,14 February 1992,751914
143,Marc Albrighton,310,20,West Bromwich Albion,False,Left/Right Winger,England,18 November 1989,337842
144,Peter Schmeichel,310,1,,False,Goalkeeper,Denmark,18 November 1963,143575
145,David Silva,309,60,,False,Left/Centre/Right Attacking Midfielder,Spain,8 January 1986,189086
146,Ross Barkley,309,40,Aston Villa,True,Centre Central Midfielder,England,5 December 1993,364659
147,Joel Ward,309,5,Swansea City,False,Defender,England,29 October 1989,773472
148,Wes Brown,308,4,Blackburn Rovers,False,Centre Central Defender,England,13 October 1979,39650
149,Patrick Vieira,307,31,,False,Centre Defensive Midfielder,France,23 June 1976,5746
150,Paul Ince,306,42,,False,Midfielder,England,21 October 1967,3400
151,Steven Davis,306,17,,False,Centre Central Midfielder,Northern Ireland,1 January 1985,126112
152,Wilfried Zaha,305,68,,False,Left Winger,Cote D’Ivoire,10 November 1992,364371
153,Jordan Ayew,305,42,Sheffield United,False,Forward,Ghana,11 September 1991,794794
154,Adam Lallana,305,33,Southampton,False,Left/Centre Attacking Midfielder,England,10 May 1988,177697
155,Lee Dixon,305,9,,False,Defender,England,17 March 1964,13
156,Alan Wright,305,5,Fleetwood Town,False,Defender,England,28 September 1971,27467
157,Bernardo Silva,304,45,Real Madrid,False,Attacking Midfielder,Portugal,10 August 1994,785568
158,Jack Cork,304,9,Burnley,False,Centre Central Midfielder,England,25 June 1989,49709
159,Simon Davies,303,27,Fulham,False,Right Winger,Wales,23 October 1979,4196
160,Craig Dawson,303,21,,False,Centre Central Defender,England,6 May 1990,336892
161,Lewis Dunk,303,18,Brighton and Hove Albion,False,Defender,England,21 November 1991,13742
162,Phil Bardsley,303,7,Stockport County,False,Right Full Back,Scotland,28 June 1985,335366
163,Nolberto Solano,302,49,Hartlepool United,False,Midfielder,Peru,12 December 1974,27645
164,Pablo Zabaleta,302,9,West Ham United,False,Right Full Back,Argentina,16 January 1985,44033
165,Marcus Rashford,301,89,Barcelona,False,Left Winger,England,31 October 1997,738981
166,Garry Flitcroft,301,24,,False,Midfielder,England,6 November 1972,1126
167,Gavin McCann,301,12,,False,Centre Central Midfielder,England,10 January 1978,4538
168,Luke Shaw,299,4,Manchester United,True,Left Full Back,England,12 July 1995,14011
169,Shola Ameobi,298,43,Fleetwood Town,False,Striker,Nigeria,12 October 1981,43711
170,Mark Hughes,297,64,,False,Forward,Wales,1 November 1963,2598
171,Wayne Routledge,297,16,Swansea City,False,Right Winger,England,7 January 1985,6161
172,Pepe Reina,297,0,Villarreal,False,Goalkeeper,Spain,31 August 1982,127990
173,Jamie Redknapp,295,33,,False,Midfielder,England,25 June 1973,3710
174,Luís Boa Morte,295,29,,False,Midfielder,Portugal,4 August 1977,111470
175,Moussa Sissoko,295,16,Panathinaikos,False,Midfielder,France,16 August 1989,794257
176,Harry Maguire,295,15,Manchester United,True,Centre Central Defender,England,5 March 1993,161345
177,Graham Stuart,294,45,,False,Midfielder,England,24 October 1970,3673
178,Craig Bellamy,293,81,,False,Left/Centre/Right Striker,Wales,13 July 1979,6618
179,Titus Bramble,292,10,Sunderland,False,Centre Central Defender,England,31 July 1981,5799
180,Andros Townsend,291,26,,False,Midfielder,England,16 July 1991,349917
181,Cheikhou Kouyaté,291,15,,False,Centre Defensive Midfielder,Senegal,21 December 1989,323012
182,Jeff Kenna,290,8,Derby County,False,Defender,Ireland,27 August 1970,352963
183,Claus Lundekvam,290,1,,False,Defender,Norway,22 February 1973,1458
184,Louis Saha,289,85,,False,Centre Striker,France,8 August 1978,6569
185,James Tomkins,289,14,,False,Defender,England,29 March 1989,51519
186,Andy Impey,289,12,Nottingham Forest,False,Midfielder,England,30 September 1971,353126
187,Jimmy Floyd Hasselbaink,288,127,,False,Forward,Netherlands,27 March 1972,4165
188,Kevin De Bruyne,288,72,Napoli,False,Attacking Midfielder,Belgium,28 June 1991,738058
189,Carlton Cole,288,52,,False,Centre Striker,England,12 October 1983,143401
190,Matthew Etherington,288,21,Stoke City,False,Left Winger,England,14 August 1981,5100
191,Steve Staunton,288,13,Coventry City,False,Defender,Ireland,19 January 1969,352897
192,Matt Upson,288,9,MK Dons,False,Centre Central Defender,England,18 April 1979,19664
193,Frank Sinclair,288,8,Wrexham,False,Defender,Jamaica,3 December 1971,29322
194,Joleon Lescott,287,23,Racing Murcia,False,Left/Right Central Defender,England,16 August 1982,266152
195,Brian Deane,286,71,Sunderland,False,Forward,England,7 February 1968,353362
196,Michael Keane,286,19,Everton,True,Centre Central Defender,England,11 January 1993,48260
197,Ashley Westwood,286,12,Charlotte FC,False,Centre Central Midfielder,England,1 April 1990,336080
198,Michael Dawson,286,11,Hull City,False,Centre Central Defender,England,18 November 1983,130632
199,Tim Flowers,286,0,,False,Goalkeeper,England,3 February 1967,3123
200,Alan Smith,285,45,MK Dons,False,Central Midfielder,England,28 October 1980,14937
201,Riyad Mahrez,284,82,,False,Left/Right Winger,Algeria,21 February 1991,131779
202,Mikel Arteta,284,41,,False,Left/Centre/Right Central Midfielder,Spain,26 March 1982,5905
203,Zat Knight,284,7,Reading,False,Centre Central Defender,England,2 May 1980,16835
204,Mario Melchiot,284,6,,False,Centre/Right Full Back,Netherlands,4 November 1976,4810
205,Kasper Schmeichel,284,0,Celtic,False,Goalkeeper,Denmark,5 November 1986,361188
206,Sebastian Larsson,282,26,AIK,False,Centre Central Midfielder,Sweden,6 June 1985,153110
207,Lee Carsley,282,16,,False,Centre Defensive Midfielder,Ireland,28 February 1974,5265
208,Chris Wood,281,92,Nottingham Forest,False,Forward,New Zealand,7 December 1991,781456
209,Charles N'Zogbia,281,28,Aston Villa,False,Left Winger,France,28 May 1986,5916
210,Robin van Persie,280,144,Feyenoord,False,Centre Striker,Netherlands,6 August 1983,93894
211,Christian Benteke,280,86,D.C. United,False,Forward,Belgium,3 December 1990,322315
212,Paul Merson,280,46,FW England,False,Centre Central Midfielder,England,20 March 1968,128586
213,Robert Lee,280,34,,False,Midfielder,England,1 February 1966,2646
214,Jermaine Jenas,280,32,,False,Centre Central Midfielder,England,18 February 1983,6378
215,Jeffrey Schlupp,280,22,Norwich City,False,Left Winger,Ghana,23 December 1992,739010
216,Andy O'Brien,280,8,Leeds United,False,Defender,Ireland,29 June 1979,27919
217,Lucas Neill,279,6,Doncaster Rovers,False,Centre/Right Central Defender,Australia,9 March 1978,10787
218,Romelu Lukaku,278,121,Fenerbahçe,False,Striker,Belgium,13 May 1993,793343
219,Juan Mata,278,52,,False,Midfielder,Spain,28 April 1988,354745
220,Abdoulaye Doucouré,278,36,NEOM,False,Central Midfielder,Mali,1 January 1993,740512
221,Dennis Wise,278,34,Millwall,False,Midfielder,England,16 December 1966,353098
222,Jonjo Shelvey,278,23,,False,Central Midfielder,England,27 February 1992,732152
223,James Collins,278,11,Ipswich Town,False,Centre Central Defender,Wales,23 August 1983,145119
224,Patrice Evra,278,7,,False,Left Full Back,France,15 May 1981,94513
225,Nathaniel Clyne,278,4,,False,Right Full Back,England,5 April 1991,27098
226,Dominic Calvert-Lewin,277,72,Leeds United,True,Striker,England,16 March 1997,740415
227,Ben Mee,277,14,Sheffield United,False,Central Defender,England,21 September 1989,741722
228,Warren Barton,277,10,,False,Defender,England,19 March 1969,2644
229,Darren Bent,276,106,Burton Albion,False,Centre Striker,England,6 February 1984,93984
230,Richarlison,276,75,Tottenham Hotspur,True,Left/Centre/Right Second Striker,Brazil,10 May 1997,314636
231,Nathan Redmond,276,28,Blackburn Rovers,False,Midfielder,England,6 March 1994,782254
232,Glenn Whelan,276,4,Bristol Rovers,False,Centre Defensive Midfielder,Ireland,13 January 1984,289829
233,Dominic Matteo,276,3,,False,Defender,Scotland,28 April 1974,5078
234,Ederson,276,0,Fenerbahçe,False,Goalkeeper,Brazil,17 August 1993,741887
235,Sergio Agüero,275,184,,False,Centre Striker,Argentina,2 June 1988,277441
236,Steve McManaman,275,41,,False,Midfielder,England,11 February 1972,3287
237,Mikaël Silvestre,275,9,SV Werder Bremen,False,Left/Centre Central Defender,France,9 August 1977,126227
238,Henning Berg,275,8,Rangers,False,Defender,Norway,1 September 1969,279141
239,Callum Wilson,274,95,Brentford,True,Centre Striker,England,27 February 1992,785903
240,Harry Kewell,274,57,Galatasaray,False,Left/Right Winger,Australia,22 September 1978,99163
241,Branislav Ivanovic,274,22,West Bromwich Albion,False,Centre/Right Central Defender,Serbia,22 February 1984,252230
242,Eric Dier,274,12,Monaco,False,Central Defender,England,15 January 1994,738006
243,Chris Powell,274,2,Leicester City,False,Defender,England,8 September 1969,96263
244,Kanu,273,54,Portsmouth,False,Centre Second Striker,Nigeria,1 August 1976,4272
245,Jason Wilcox,273,31,Leicester City,False,Midfielder,England,15 July 1971,353065
246,James McCarthy,272,13,,False,Centre Central Midfielder,Ireland,12 November 1990,289231
247,Adama Traoré,271,14,West Ham United,False,Right Winger,Spain,25 January 1996,775911
248,Lee Cattermole,271,6,Sunderland,False,Centre Defensive Midfielder,England,21 March 1988,5473
249,Matthew Le Tissier,270,100,,False,Midfielder,England,14 October 1968,513
250,Duncan Ferguson,269,68,,False,Forward,Scotland,27 December 1971,948
251,Joey Barton,269,26,Burnley,False,Centre Central Midfielder,England,2 September 1982,44039
252,Chris Brunt,269,24,,False,Left Winger,Northern Ireland,14 December 1984,222348
253,Michail Antonio,268,68,Watford,False,Striker,Jamaica,28 March 1990,794848
254,Dietmar Hamann,268,12,,False,Midfielder,Germany,27 August 1973,29970
255,Ledley King,268,10,Tottenham Hotspur,False,Centre Central Defender,England,12 October 1980,2004
256,Bacary Sagna,267,4,Montreal Impact,False,Right Full Back,France,14 February 1983,144801
257,Colin Cooper,266,13,,False,Defender,England,28 February 1967,1933
258,David Batty,266,5,,False,Midfielder,England,2 December 1968,234
259,Robert Green,266,0,Chelsea,False,Goalkeeper,England,18 January 1980,133748
260,David Beckham,265,62,,False,Centre/Right Central Midfielder,England,2 May 1975,113463
261,Darius Vassell,265,52,Leicester City,False,Forward,England,13 June 1980,27979
262,Adam Johnson,265,32,,False,Left/Right Winger,England,14 July 1987,6485
263,Kieran Richardson,265,24,,False,Full Back,England,21 October 1984,40578
264,Vincent Kompany,265,18,,False,Defender,Belgium,10 April 1986,262223
265,Tony Hibbert,265,0,Everton,False,Right Full Back,England,20 February 1981,2363
266,Jason Euell,264,56,Doncaster Rovers,False,Forward,Jamaica,6 February 1977,178101
267,Fernandinho,264,20,,False,Centre Defensive Midfielder,Brazil,4 May 1985,6723
268,Des Walker,264,0,,False,Centre Central Defender,England,26 November 1965,110015
269,Sadio Mané,263,111,Al-Nassr,False,Left/Right Second Striker,Senegal,10 April 1992,343482
270,Kevin Phillips,263,92,,False,Centre Striker,England,25 July 1973,11265
271,Steve Stone,263,25,,False,Midfielder,England,20 August 1971,3337
272,Granit Xhaka,263,18,Sunderland,True,Defensive Midfielder,Switzerland,27 September 1992,739465
273,Aaron Ramsey,262,40,Cardiff City,False,Centre Central Midfielder,Wales,26 December 1990,342076
274,Ryan Bertrand,262,7,,False,Left Full Back,England,5 August 1989,281358
275,Carlton Palmer,261,15,,False,Defender,England,5 December 1965,2098
276,Gary Pallister,261,9,,False,Defender,England,30 June 1965,1934
277,Marouane Fellaini,260,37,Manchester United,False,Centre Attacking Midfielder,Belgium,22 November 1987,6727
278,Craig Gardner,260,31,,False,Centre Central Midfielder,England,25 November 1986,46950
279,Adam Smith,260,5,Bournemouth,False,Right Full Back,England,29 April 1991,10050
280,Morten Pedersen,259,34,,False,Left/Centre Attacking Midfielder,Norway,8 September 1981,24892
281,Trent Alexander-Arnold,259,18,Real Madrid,False,Right Full Back,England,7 October 1998,738070
282,Alisson Becker,259,1,Liverpool,True,Goalkeeper,Brazil,2 October 1992,133131
283,Thierry Henry,258,175,,False,Centre Striker,France,17 August 1977,25936
284,Jay Rodriguez,258,46,Wrexham,False,Forward,England,29 July 1989,734485
285,Liam Ridgewell,257,16,,False,Centre Central Defender,England,21 July 1984,161267
286,David Wetherall,257,15,,False,Defender,England,14 March 1971,2071
287,John Stones,257,11,Internazionale,False,Centre Central Defender,England,28 May 1994,790456
288,Roberto Firmino,256,82,,False,Left/Centre/Right Striker,Brazil,2 October 1991,19511
289,Asmir Begovic,256,1,Leicester City,False,Goalkeeper,Bosnia & Herzegovina,20 June 1987,739434
290,Olivier Giroud,255,90,Lille,False,Centre Striker,France,30 September 1986,738239
291,Chris Sutton,255,83,,False,Forward,England,10 March 1973,4120
292,Laurent Koscielny,255,22,Bordeaux,False,Centre Central Defender,France,10 September 1985,170758
293,Tony Adams,255,12,,False,Defender,England,10 October 1966,3
294,Bernd Leno,255,0,Fulham,True,Goalkeeper,Germany,4 March 1992,321656
295,Didier Drogba,254,104,Phoenix Rising,False,Forward,Cote D’Ivoire,11 March 1978,153650
296,Pierre-Emile Højbjerg,254,12,Marseille,False,Centre Defensive Midfielder,Denmark,5 August 1995,738050
297,Idrissa Gueye,254,9,,False,Centre Defensive Midfielder,Senegal,26 September 1989,263465
298,Nathan Aké,253,18,Fenerbahçe,False,Left/Centre Central Defender,Netherlands,18 February 1995,793340
299,Lucas Digne,253,6,Paris Saint Germain,False,Left Full Back,France,20 July 1993,172347
300,Richard Shaw,253,0,Millwall,False,Defender,England,11 September 1968,353084
301,Yakubu,252,95,Coventry City,False,Striker,Nigeria,22 November 1982,43839
302,Bobby Zamora,252,47,Brighton and Hove Albion,False,Centre Striker,England,16 January 1981,18814
303,Jonathan Greening,252,9,,False,Midfielder,England,2 January 1979,20496
304,David Dunn,251,37,,False,Centre Attacking Midfielder,England,27 December 1979,20833
305,Pascal Groß,251,33,Brighton & Hove Albion,True,Centre Central Midfielder,Germany,15 June 1991,772476
306,Lee Hendrie,251,27,,False,Midfielder,England,18 May 1977,12990
307,Matt Oakley,251,15,Exeter City,False,Centre Central Midfielder,England,17 August 1977,10841
308,Ricardo Gardner,251,10,,False,Midfielder,Jamaica,25 September 1978,30076
309,Nemanja Matic,251,6,,False,Centre Defensive Midfielder,Serbia,1 August 1988,356468
310,Niall Quinn,250,59,,False,Forward,Ireland,6 October 1966,1492
311,Dwight McNeil,250,21,Crystal Palace,True,Left Winger,England,22 November 1999,792315
312,John Obi Mikel,249,1,Stoke City,False,Centre Central Midfielder,Nigeria,22 April 1987,189078
313,Andy Carroll,248,54,,False,Centre Striker,England,6 January 1989,327316
314,Muzzy Izzet,248,34,,False,Midfielder,Turkiye,31 October 1974,3475
315,Youri Tielemans,248,26,Manchester United,True,Central Midfielder,Belgium,7 May 1997,785954
316,Nick Pope,248,0,Newcastle United,True,Goalkeeper,England,19 April 1992,313738
317,Ian Taylor,247,29,Derby County,False,Midfielder,England,4 June 1968,352970
318,Kurt Zouma,247,15,,False,Centre Central Defender,France,27 October 1994,288580
319,Lucas Leiva,247,1,,False,Centre Central Midfielder,Brazil,9 January 1987,51075
320,Neil Sullivan,247,0,Doncaster Rovers,False,Goalkeeper,Scotland,24 February 1970,27204
321,Brett Emerton,246,13,,False,Right Attacking Midfielder,Australia,22 February 1979,3167
322,Eden Hazard,245,85,Real Madrid,False,Left/Centre/Right Second Striker,Belgium,7 January 1991,159895
323,Stephen Ireland,245,19,,False,Centre Central Midfielder,Ireland,22 August 1986,139710
324,Simon Mignolet,245,0,Club Brugge,False,Goalkeeper,Belgium,6 March 1988,162448
325,Robbie Earle,244,45,,False,Midfielder,Jamaica,27 January 1965,576
326,Jonathan Woodgate,244,6,Middlesbrough,False,Centre Central Defender,England,22 January 1980,58296
327,Gabriel Jesus,243,79,Barcelona,False,Striker,Brazil,3 April 1997,794569
328,Noel Whelan,243,44,Darlington,False,Forward,England,30 December 1974,95531
329,Mousa Dembélé,243,12,Guangzhou R&F,False,Central Midfielder,Belgium,16 July 1987,160625
330,Francis Benali,243,1,,False,Defender,England,30 December 1968,503
331,Stéphane Henchoz,243,0,,False,Defender,Switzerland,7 September 1974,1580
332,El Hadji Diouf,242,28,Leeds United,False,Left/Centre/Right Attacking Midfielder,Senegal,15 January 1981,11217
333,Martin Skrtel,242,16,Istanbul Basaksehir,False,Centre Central Defender,Slovakia,15 December 1984,163782
334,Tom Cleverley,242,14,Watford,False,Centre Central Midfielder,England,12 August 1989,44032
335,Tom Huddlestone,242,12,Hull City,False,Defensive Midfielder,England,28 December 1986,321716
336,Emmanuel Adebayor,241,97,Istanbul Basaksehir,False,Centre Striker,Togo,26 February 1984,52642
337,Freddie Ljungberg,241,48,,False,Midfielder,Sweden,16 April 1977,110400
338,Scott Dann,241,16,Reading,False,Centre Central Defender,England,14 February 1987,288590
339,Ashley Williams,241,6,Bristol City,False,Centre Central Defender,Wales,23 August 1984,162574
340,Mark Viduka,240,92,,False,Forward,Australia,9 October 1975,4712
341,Danny Ings,240,72,Sheffield United,False,Forward,England,23 July 1992,740728
342,Harvey Barnes,240,57,Newcastle United,True,Left/Right Winger,England,9 December 1997,342771
343,Stuart Ripley,240,14,,False,Midfielder,England,20 November 1967,1991
344,Jlloyd Samuel,240,2,Bolton Wanderers,False,Defender,Trinidad & Tobago,29 March 1981,26835
345,Leandro Trossard,239,52,Besiktas,False,Left Winger,Belgium,4 December 1994,793523
346,Mohamed Diamé,239,18,,False,Centre Defensive Midfielder,Senegal,14 June 1987,309578
347,Oriol Romeu,239,7,Southampton,False,Centre Defensive Midfielder,Spain,24 September 1991,20061
348,Jarrod Bowen,238,65,West Ham United,False,Centre Striker,England,20 December 1996,180212
349,Keith Gillespie,238,17,,False,Midfielder,Northern Ireland,18 February 1975,29676
350,Ian Pearce,238,11,Lincoln City,False,Defender,England,7 May 1974,30403
351,Brede Hangeland,238,10,,False,Centre Central Defender,Norway,20 June 1981,13931
352,Ian Harte,237,28,Bournemouth,False,Left Full Back,Ireland,31 August 1977,10049
353,John McGinn,237,22,Aston Villa,True,Centre Central Midfielder,Scotland,18 October 1994,135200
354,Cristiano Ronaldo,236,103,Riyadh ST XI,False,Centre Striker,Portugal,5 February 1985,336621
355,Dan Burn,236,7,Newcastle United,True,Centre Central Defender,England,9 May 1992,302934
356,Aaron Wan-Bissaka,236,4,Aston Villa,True,Right Full Back,DR Congo,26 November 1997,792955
357,Simon Charlton,236,3,,False,Defender,England,25 October 1971,3665
358,Steve Finnan,236,1,Portsmouth,False,Right Full Back,Ireland,20 April 1976,5435
359,Ole Gunnar Solskjær,235,91,Manchester United,False,Forward,Norway,26 February 1973,1425
360,Alex Oxlade-Chamberlain,235,20,Celtic,False,Midfielder,England,15 August 1993,793538
361,Steve Lomas,235,14,,False,Midfielder,Northern Ireland,18 January 1974,1505
362,David Weir,235,9,Rangers,False,Centre Central Defender,Scotland,10 May 1970,126098
363,Michael Gray,235,5,Sheffield Wednesday,False,Defender,England,3 August 1974,97071
364,Bruno Fernandes,234,74,Manchester United,True,Left/Centre/Right Attacking Midfielder,Portugal,8 September 1994,180060
365,Ezri Konsa,234,8,Arsenal,True,Centre Central Defender,England,23 October 1997,792948
366,Dean Whitehead,234,7,Huddersfield Town,False,Centre Central Midfielder,England,12 January 1982,19391
367,Raúl Jiménez,233,68,Wolverhampton Wanderers,False,Striker,Mexico,5 May 1991,785459
368,Jonathan Walters,233,43,Burnley,False,Centre Striker,Ireland,20 September 1983,136908
369,Tugay Kerimoglu,233,10,,False,Midfielder,Turkiye,24 August 1970,2592
370,Olof Mellberg,232,8,FC København,False,Centre Central Defender,Sweden,3 September 1977,7189
371,Jan Vertonghen,232,6,RSC Anderlecht,False,Centre Central Defender,Belgium,24 April 1987,326457
372,Jermaine Pennant,231,14,,False,Right Winger,England,15 January 1983,15274
373,Darren Peacock,231,8,,False,Defender,England,3 February 1968,2552
374,Matthew Lowton,231,4,,False,Right Full Back,England,9 June 1989,335850
375,Phil Babb,231,4,,False,Defender,Ireland,30 November 1970,3032
376,Emiliano Martínez,231,0,Chelsea,True,Goalkeeper,Argentina,2 September 1992,794384
377,Bukayo Saka,230,63,Arsenal,False,Left Winger,England,5 September 2001,135654
378,Yaya Touré,230,62,,False,Central Midfielder,Cote D’Ivoire,13 May 1983,138364
379,Dimitar Berbatov,229,94,PAOK Salonika,False,Centre Striker,Bulgaria,30 January 1981,24464
380,Phil Foden,229,68,Manchester City,False,Centre Central Midfielder,England,28 May 2000,260162
381,Gianfranco Zola,229,59,,False,Forward,Italy,5 July 1966,1342
382,Tomás Soucek,229,41,West Ham United,False,Centre Defensive Midfielder,Czech Republic,27 February 1995,259014
383,Patrik Berger,229,38,Sparta Prague,False,Left/Right Winger,Czech Republic,10 November 1973,100429
384,Mark Pembridge,229,17,,False,Midfielder,Wales,29 November 1970,3227
385,Dean Holdsworth,228,63,,False,Forward,England,8 November 1968,1599
386,Joseph Yobo,228,8,Fenerbahçe,False,Centre/Right Central Defender,Nigeria,6 September 1980,11596
387,James Maddison,227,56,Tottenham Hotspur,True,Left/Centre/Right Attacking Midfielder,England,23 November 1996,340680
388,N'Golo Kanté,227,12,Fenerbahçe,False,Central Midfielder,France,29 March 1991,793341
389,Tim Cahill,226,56,Millwall,False,Centre Second Striker,Australia,6 December 1979,94112
390,Kieron Dyer,225,23,Queens Park Rangers,False,Centre/Right Attacking Midfielder,England,29 December 1978,6097
391,Kieran Trippier,225,6,Wolverhampton Wanderers,False,Right Full Back,England,19 September 1990,785458
392,Erik Pieters,225,1,Derby County,False,Defender,Netherlands,7 August 1988,792758
393,Scot Gemmill,224,8,Leicester City,False,Midfielder,Scotland,2 January 1971,353070
394,Ayoze Pérez,223,45,Villarreal,False,Left/Centre/Right Winger,Spain,29 July 1993,362819
395,Ruel Fox,223,36,,False,Forward,Montserrat,14 January 1968,1275
396,Dave Watson,223,6,,False,Defender,England,20 November 1961,167
397,Tim Krul,222,0,Luton Town,False,Goalkeeper,Netherlands,3 April 1988,354397
398,Ollie Watkins,221,91,,False,Left/Centre/Right Second Striker,England,30 December 1995,226363
399,Ilkay Gündogan,221,45,Galatasaray,False,Midfielder,Germany,24 October 1990,741877
400,Jacob Murphy,221,22,Sheffield Wednesday,False,Left/Right Winger,England,24 February 1995,162005
401,Paul Scharner,221,21,,False,Centre Central Defender,Austria,11 March 1980,6553
402,Emmerson Boyce,221,11,Blackpool,False,Centre Central Defender,Barbados,24 September 1979,18665
403,Shaka Hislop,221,0,,False,Goalkeeper,,22 February 1969,2008
404,Tony Cottee,220,78,,False,Forward,England,11 July 1965,1687
405,Don Hutchison,220,37,,False,Midfielder,Scotland,9 May 1971,1067
406,Jason Roberts,220,36,Reading,False,Centre Striker,Grenada,25 January 1978,6420
407,Samir Nasri,220,36,,False,Left/Centre/Right Attacking Midfielder,France,26 June 1987,144300
408,Victor Moses,220,20,Luton Town,False,Right Winger,Nigeria,12 December 1990,365284
409,Wilfred Ndidi,220,7,Besiktas,False,Centre Central Midfielder,Nigeria,16 December 1996,739942
410,Chris Smalling,219,12,,False,Centre Central Defender,England,22 November 1989,259066
411,Andy Hinchcliffe,219,11,,False,Defender,England,5 February 1969,1726
412,Daniel Sturridge,218,76,Trabzonspor,False,Centre Striker,England,1 September 1989,163694
413,Clint Dempsey,218,57,,False,Left/Centre/Right Attacking Midfielder,United States,9 March 1983,13682
414,Colin Hendry,218,8,,False,Defender,Scotland,7 December 1965,2604
415,Danny Mills,218,6,,False,Defender,England,18 May 1977,4579
416,Anton Ferdinand,218,4,Southend United,False,Centre Central Defender,England,18 February 1985,35191
417,Georginio Wijnaldum,217,27,Roma,False,Centre Attacking Midfielder,Netherlands,11 November 1990,322321
418,Chris Armstrong,216,71,,False,Forward,England,19 June 1971,2864
419,John Moncur,216,10,,False,Midfielder,England,22 September 1966,1065
420,Will Hughes,216,6,Crystal Palace,True,Centre Central Midfielder,England,17 April 1995,288559
421,Marcus Bent,215,40,,False,Forward,England,19 May 1978,30144
422,Dan Petrescu,215,23,,False,Defender,Romania,22 December 1967,2491
423,Andy Townsend,215,13,,False,Midfielder,Ireland,23 July 1963,1935
424,Victor Lindelöf,215,4,Aston Villa,True,Centre Central Defender,Sweden,17 July 1994,741610
425,Steven Pienaar,214,20,Sunderland,False,Left/Centre/Right Attacking Midfielder,South Africa,17 March 1982,32100
426,Gary O'Neil,214,16,Bolton Wanderers,False,Central Midfielder,England,18 May 1983,134599
427,Ciaran Clark,214,15,Stoke City,False,Centre Central Defender,Ireland,26 September 1989,349855
428,Jim Magilton,214,15,,False,Midfielder,Northern Ireland,6 May 1969,2388
429,Maynor Figueroa,214,4,Houston Dynamo,False,Left Full Back,Honduras,2 May 1983,154572
430,Ian Wright,213,113,,False,Forward,England,3 November 1963,2019
431,Jack Grealish,213,29,Everton,True,Left/Centre/Right Attacking Midfielder,England,10 September 1995,794458
432,Patrick van Aanholt,213,20,PSV,False,Left Full Back,Netherlands,29 August 1990,337920
433,David Luiz,213,14,Pafos,False,Defender,Brazil,22 April 1987,740772
434,Danny Simpson,213,0,Scarborough Athletic,False,Defender,England,4 January 1987,355662
435,Fernando Torres,212,85,,False,Centre Striker,Spain,20 March 1984,31365
436,Joelinton,212,24,Newcastle United,True,Left Central Midfielder,Brazil,14 August 1996,160671
437,Fabian Schär,212,18,Newcastle United,False,Defender,Switzerland,20 December 1991,275377
438,Alan Stubbs,212,11,,False,Defender,England,6 October 1971,4574
439,Stephen Warnock,212,8,Bradford City,False,Left Full Back,England,12 December 1981,93980
440,Eidur Gudjohnsen,211,55,Molde,False,Centre Striker,Iceland,15 September 1978,24386
441,Cameron Jerome,211,33,Bolton Wanderers,False,Centre Striker,England,14 August 1986,337371
442,Chris Bart-Williams,211,22,,False,Midfielder,England,16 June 1974,2631
443,Nemanja Vidic,211,15,,False,Centre Central Defender,Serbia,21 October 1981,17798
444,Mateo Kovacic,211,11,Manchester City,True,Centre Central Midfielder,Croatia,6 May 1994,340665
445,Tyrick Mitchell,211,6,Crystal Palace,False,Left Full Back,England,1 September 1999,169744
446,Fabricio Coloccini,211,4,San Lorenzo,False,Centre Central Defender,Argentina,22 January 1982,142621
447,Paul Jones,211,0,,False,Goalkeeper,Wales,18 April 1967,3432
448,Anthony Martial,209,63,AEK Athens,False,Striker,France,5 December 1995,741086
449,Danny Higginbotham,209,9,,False,Defender,Gibraltar,29 December 1978,13840
450,Ben Thatcher,209,1,Ipswich Town,False,Defender,Wales,30 November 1975,96171
451,Dirk Kuijt,208,51,Feyenoord,False,Centre/Right Attacking Midfielder,Netherlands,22 July 1980,34038
452,Neville Southall,208,0,,False,Goalkeeper,Wales,16 September 1958,2065
453,Ashley Barnes,207,42,Burnley,False,Striker,England,30 October 1989,729588
454,Charlie Adam,207,33,Reading,False,Centre Central Midfielder,Scotland,10 December 1985,166766
455,Alexis Mac Allister,207,28,Liverpool,True,Left/Centre/Right Attacking Midfielder,Argentina,24 December 1998,340453
456,Kevin Richardson,207,7,,False,Midfielder,England,4 December 1962,1748
457,Paul Robinson,207,1,Birmingham City,False,Left/Centre Central Defender,England,14 December 1978,9885
458,Kevin Pressman,207,0,Coventry City,False,Goalkeeper,England,6 November 1967,352889
459,Mark Bosnich,206,0,,False,Goalkeeper,Australia,13 January 1972,2329
460,Matthew Jarvis,205,20,Woking,False,Midfielder,England,22 May 1986,261509
461,Nigel Reo-Coker,205,10,MK Dons,False,Centre Central Midfielder,England,14 May 1984,125709
462,Joshua King,204,53,Toulouse,False,Forward,Norway,15 January 1992,386584
463,Marcus Gayle,204,34,,False,Forward,Jamaica,27 September 1970,848
464,Victor Anichebe,204,26,Sunderland,False,Centre Striker,Nigeria,23 April 1988,38829
465,Jason Puncheon,204,24,Huddersfield Town,False,Left/Centre/Right Attacking Midfielder,England,18 June 1986,144539
466,Fabian Delph,204,7,,False,Left/Centre Central Midfielder,England,21 November 1989,160457
467,Phil Jones,204,2,,False,Centre Central Defender,England,21 February 1992,6013
468,Mark Crossley,204,0,Chesterfield,False,Goalkeeper,Wales,16 June 1969,26950
469,Steve Potts,204,0,,False,Defender,England,7 May 1967,821
470,Gareth McAuley,203,15,Rangers,False,Centre Central Defender,Northern Ireland,5 December 1979,137403
471,Robbie Mustoe,203,10,,False,Midfielder,England,28 August 1968,3119
472,Micah Richards,203,8,Aston Villa,False,Right Full Back,England,24 June 1988,18557
473,Paul Williams,203,5,Stoke City,False,Defender,England,26 March 1971,353327
474,Stuart Pearce,202,20,,False,Defender,England,24 April 1962,2257
475,Matt Holland,202,17,FW Rest of the World,False,Centre Central Midfielder,Ireland,11 April 1974,128607
476,Sean Davis,202,10,Bolton Wanderers,False,Midfielder,England,20 September 1979,178211
477,Danny Rose,202,9,Watford,False,Left Full Back,England,2 July 1990,277658
478,Yves Bissouma,202,5,,False,Centre Central Midfielder,Mali,30 August 1996,312817
479,Carlos Tevez,201,84,Boca Juniors,False,Centre Striker,Argentina,5 February 1984,121631
480,Darren Huckerby,201,38,,False,Forward,England,23 April 1976,3684
481,John Barnes,201,28,,False,Midfielder,England,7 November 1963,1848
482,Franck Queudrue,201,12,Colchester United,False,Defender,France,27 August 1978,95416
483,Angelo Ogbonna,201,8,Watford,False,Defender,Italy,23 May 1988,363438
484,Jonas Olsson,201,8,Wigan Athletic,False,Centre Central Defender,Sweden,10 March 1983,154710
485,Kasey Keller,201,0,,False,Goalkeeper,United States,29 November 1969,110749
486,Steve Sidwell,200,21,Brighton and Hove Albion,False,Centre Central Midfielder,England,14 December 1982,30580
487,Demarai Gray,200,19,Birmingham City,False,Left/Centre/Right Second Striker,Jamaica,28 June 1996,58729
488,Morgan Schneiderlin,200,13,Nice,False,Centre Defensive Midfielder,France,8 November 1989,258394
489,Toby Alderweireld,200,9,Royal Antwerp,False,Defender,Belgium,2 March 1989,319009
490,Joachim Andersen,200,4,Fulham,True,Centre Central Defender,Denmark,31 May 1996,363213
491,Matt Elliott,199,22,,False,Defender,Scotland,1 November 1968,1403
492,Joe Allen,199,16,Swansea City,False,Centre Central Midfielder,Wales,14 March 1990,97327
493,Federico Fernández,199,4,,False,Centre Central Defender,Argentina,21 February 1989,325640
494,Robert Pirès,198,62,,False,Midfielder,France,29 October 1973,143177
495,Kevin Gallacher,198,56,,False,Forward,Scotland,23 November 1966,2176
496,Kenneth Monkou,198,10,,False,Defender,Netherlands,29 November 1964,502
497,Conor Coady,198,7,Charlton Athletic,False,Centre Central Defender,England,25 February 1993,775937
498,Rod Wallace,197,45,,False,Forward,England,2 October 1969,2621
499,Younes Kaboul,197,12,Watford,False,Centre Central Defender,France,4 January 1986,32102
500,Ryan Nelsen,197,9,,False,Centre Central Defender,New Zealand,18 October 1977,6568
501,Ahmed El Mohamady,197,6,,False,Right Full Back,Egypt,9 September 1987,50119
502,Martin Olsson,197,6,Malmö FF,False,Defender,Sweden,17 May 1988,289029
503,Lucas Radebe,197,0,,False,Defender,South Africa,12 April 1969,961
504,Martin Dúbravka,197,0,Tottenham Hotspur,True,Goalkeeper,Slovakia,15 January 1989,785402
505,Dean Saunders,196,45,,False,Forward,Wales,21 June 1964,2081
506,Kelechi Iheanacho,196,42,Celtic,False,Forward,Nigeria,3 October 1996,741880
507,Rodri,196,23,Barcelona,False,Centre Defensive Midfielder,Spain,22 June 1996,793316
508,Douglas Luiz,196,21,Nottingham Forest,False,Centre Central Midfielder,Brazil,9 May 1998,775916
509,Jorginho,196,21,,False,Centre Central Midfielder,Italy,20 December 1991,337833
510,Gabriel Magalhães,196,20,Arsenal,True,Centre Central Defender,Brazil,19 December 1997,202648
511,Michael Hughes,196,15,,False,Midfielder,Northern Ireland,2 August 1971,3552
512,Jake Livermore,196,7,Watford,False,Centre Defensive Midfielder,England,14 November 1989,342631
513,Christian Dailly,196,4,Southend United,False,Defender,Scotland,23 October 1973,177713
514,Steve Bould,196,2,,False,Defender,England,16 November 1962,2192
515,Kenwyne Jones,195,40,Atlanta United FC,False,Centre Striker,Trinidad & Tobago,5 October 1984,141441
516,Morgan Gibbs-White,195,34,Nottingham Forest,True,Centre Central Midfielder,England,27 January 2000,323587
517,David Ginola,195,21,,False,Forward,France,25 January 1967,2653
518,Neil Ruddock,195,16,,False,Defender,England,9 May 1968,2011
519,Sean Longstaff,195,12,Leeds United,True,Central Midfielder,England,30 October 1997,738681
520,Earl Barrett,195,1,,False,Defender,England,28 April 1967,1725
521,Aaron Ramsdale,195,0,Southampton,False,Goalkeeper,England,14 May 1998,792554
522,Dean Kiely,195,0,,False,Goalkeeper,Ireland,10 October 1970,5145
523,Heurelho Gomes,195,0,Watford,False,Goalkeeper,Brazil,15 February 1981,15253
524,Dele Alli,194,51,,False,Centre Attacking Midfielder,England,11 April 1996,739167
525,Tomasz Radzinski,194,35,,False,Forward,Canada,14 December 1973,3590
526,Yossi Benayoun,194,31,Beitar Jerusalem,False,Midfielder,Israel,5 May 1980,263226
527,Solly March,194,14,Brighton and Hove Albion,False,Right Winger,England,20 July 1994,372092
528,Steven Taylor,194,12,,False,Centre Central Defender,England,23 January 1986,52017
529,Steven Nzonzi,194,11,Stoke City,False,Midfielder,France,15 December 1988,739986
530,Michael Brown,194,4,Port Vale,False,Centre Central Midfielder,England,25 January 1977,15019
531,Lewis Cook,194,1,Bournemouth,True,Centre Central Midfielder,England,3 February 1997,294324
532,Philippe Coutinho,193,47,,False,Left/Centre/Right Attacking Midfielder,Brazil,12 June 1992,312585
533,Steve Howey,193,12,,False,Defender,England,26 October 1971,3174
534,Jefferson Lerma,193,9,Crystal Palace,True,Centre Central Midfielder,Colombia,25 October 1994,340460
535,George McCartney,193,1,,False,Defender,Northern Ireland,29 April 1981,4415
536,Steven Reid,192,8,Burnley,False,Right Full Back,Ireland,10 March 1981,13908
537,Tyrone Mings,192,6,Aston Villa,True,Centre Central Defender,England,13 March 1993,372085
538,David Burrows,192,3,,False,Defender,England,25 October 1968,919
539,Gabriel Martinelli,191,41,,False,Left Winger,Brazil,18 June 2001,166789
540,Steve Ogrizovic,191,0,,False,Goalkeeper,England,12 September 1957,116
541,Paolo Di Canio,190,66,,False,Forward,Italy,9 July 1968,3190
542,Diogo Jota,190,63,,False,Left/Centre/Right Striker,Portugal,4 December 1996,255674
543,Matt Doherty,190,14,Sheffield United,False,Defender,Ireland,16 January 1992,786078
544,Jack Colback,190,9,Queens Park Rangers,False,Centre Central Midfielder,England,24 October 1989,343406
545,Alexandre Song,190,7,FC Sion,False,Centre Central Midfielder,Cameroon,9 September 1987,135768
546,Dejan Stefanovic,190,7,Havant & Waterlooville,False,Defender,Serbia,28 October 1974,27653
547,Steven Fletcher,189,53,Wrexham,False,Forward,Scotland,26 March 1987,348131
548,Clive Wilson,189,9,,False,Defender,England,13 November 1961,1273
549,Jody Craddock,189,9,Wolverhampton Wanderers,False,Centre Central Defender,England,25 July 1975,3389
550,Colin Calderwood,189,6,,False,Defender,Scotland,20 January 1965,1814
551,Chris Kirkland,189,0,,False,Goalkeeper,England,2 May 1981,30706
552,Dan Gosling,188,18,,False,Midfielder,England,1 February 1990,353568
553,Nedum Onuoha,188,4,Real Salt Lake,False,Centre Central Defender,England,12 November 1986,153670
554,Gustavo Poyet,187,54,,False,Midfielder,Uruguay,15 November 1967,2769
555,Andrew Johnson,187,51,,False,Centre Striker,England,10 February 1981,3566
556,Ki Sung-Yueng,187,15,Seoul,False,Centre Defensive Midfielder,South Korea,24 January 1989,737827
557,Nacho Monreal,187,7,Real Sociedad,False,Left Full Back,Spain,26 February 1986,163201
558,Wayne Hennessey,187,0,,False,Goalkeeper,Wales,24 January 1987,731491
559,Oyvind Leonhardsen,186,30,,False,Midfielder,Norway,17 August 1970,2810
560,Miguel Almirón,186,23,,False,Left/Centre/Right Second Striker,Paraguay,10 February 1994,154335
561,Joe Willock,186,16,Newcastle United,True,Centre Attacking Midfielder,England,20 August 1999,287383
562,Matty Cash,186,10,Aston Villa,True,Right Full Back,Poland,7 August 1997,211499
563,Ian Nolan,186,4,,False,Defender,Northern Ireland,9 July 1970,2310
564,Maximilian Kilman,186,3,West Ham United,False,Left/Centre Central Defender,England,23 May 1997,360341
565,Peter Beardsley,185,58,,False,Forward,England,18 January 1961,1600
566,Neil Maddison,185,17,,False,Midfielder,England,2 October 1969,1937
567,Lee Clark,185,13,,False,Midfielder,England,27 October 1972,744
568,Stiliyan Petrov,185,9,Aston Villa,False,Centre Central Midfielder,Bulgaria,5 July 1979,4117
569,Marko Arnautovic,184,43,Crvena Zvezda,False,Centre Striker,Austria,19 April 1989,740844
570,Mesut Özil,184,33,,False,Centre Attacking Midfielder,Germany,15 October 1988,324745
571,Pedro Neto,184,21,Chelsea,True,Left/Right Winger,Portugal,9 March 2000,362697
572,David Bentley,184,18,Tottenham Hotspur,False,Left/Centre/Right Attacking Midfielder,England,27 August 1984,179093
573,Vinnie Jones,184,13,,False,Midfielder,Wales,5 January 1965,577
574,Matt Ritchie,184,12,Reading,False,Midfielder,Scotland,10 September 1989,740916
575,Gunnar Halle,184,10,,False,Defender,Norway,11 August 1965,2069
576,Jan Bednarek,184,9,FC Porto,False,Central Defender,Poland,12 April 1996,739353
577,Lauren,184,6,Portsmouth,False,Defender,Cameroon,19 January 1977,4266
578,Mason Mount,183,32,Manchester United,True,Centre Attacking Midfielder,England,10 January 1999,341034
579,Luka Milivojevic,183,28,,False,Centre Central Midfielder,Serbia,7 April 1991,7748
580,Mark Draper,183,13,,False,Midfielder,England,11 November 1970,2493
581,Héctor Bellerín,183,8,Real Betis,False,Right Full Back,Spain,19 March 1995,342164
582,Timothy Castagne,183,6,Fulham,True,Right Full Back,Belgium,5 December 1995,346392
583,Craig Cathcart,183,5,,False,Centre Central Defender,Northern Ireland,6 February 1989,347715
584,Eberechi Eze,182,41,Arsenal,True,Centre Attacking Midfielder,England,29 June 1998,740654
585,Jesse Lingard,182,29,Seoul,False,Midfielder,England,15 December 1992,737830
586,Jack Wilshere,182,8,Bournemouth,False,Centre Central Midfielder,England,1 January 1992,267645
587,Jack Harrison,181,25,New England Revolution,False,Left Winger,England,20 November 1996,791880
588,Alf Inge Haaland,181,18,,False,Defender,Norway,23 November 1972,2443
589,Ryan Fraser,181,18,,False,Left/Right Winger,Scotland,24 February 1994,363816
590,Calum Chambers,181,7,Cardiff City,False,Defender,England,20 January 1995,360824
591,Craig Short,181,7,,False,Defender,England,25 June 1968,4325
592,Darryl Powell,181,5,,False,Midfielder,Jamaica,15 January 1971,3113
593,Marc Wilson,181,1,Bolton Wanderers,False,Centre Central Midfielder,Ireland,17 August 1987,133648
594,Alan Kimble,181,0,,False,Defender,England,8 June 1966,846
595,Dominic Solanke,180,41,Tottenham Hotspur,True,Striker,England,14 September 1997,362647
596,Martin Ødegaard,180,37,Arsenal,True,Left/Centre/Right Attacking Midfielder,Norway,17 December 1998,288147
597,Boudewijn Zenden,180,19,,False,Left/Centre Central Midfielder,Netherlands,15 August 1976,5471
598,Steve Cook,180,10,Queens Park Rangers,False,Central Defender,England,19 April 1991,344449
599,Étienne Capoue,180,10,Villarreal,False,Centre Defensive Midfielder,France,11 July 1988,266708
600,Kieran Gibbs,180,2,,False,Left Full Back,England,26 September 1989,312092
601,Maik Taylor,180,0,Leeds United,False,Goalkeeper,Northern Ireland,4 September 1971,178482
602,Manuel Lanzini,179,27,River Plate,False,Attacking Midfielder,Argentina,15 February 1993,348087
603,Marcos Alonso,179,26,Celta de Vigo,False,Left Full Back,Spain,28 December 1990,363456
604,Andy Sinton,179,16,,False,Midfielder,England,19 March 1966,1274
605,Ben Chilwell,179,14,Crystal Palace,True,Left Full Back,England,21 December 1996,794510
606,Celestine Babayaro,179,5,,False,Defender,Nigeria,29 August 1978,3643
607,Radostin Kishishev,179,2,Brighton and Hove Albion,False,Midfielder,Bulgaria,30 July 1974,26684
608,Scott McTominay,178,19,Napoli,False,Centre Central Midfielder,Scotland,8 December 1996,738060
609,Mathieu Flamini,178,10,Getafe,False,Centre Central Midfielder,France,7 March 1984,133372
610,José Fonte,178,7,Sporting Braga,False,Central Defender,Portugal,22 December 1983,342397
611,Damien Johnson,178,4,,False,Midfielder,Northern Ireland,18 November 1978,13789
612,Benito Carbone,177,35,,False,Forward,Italy,14 August 1971,2738
613,Rúben Neves,177,21,Al-Hilal,False,Centre Central Midfielder,Portugal,13 March 1997,354649
614,Érik Lamela,177,17,Sevilla,False,Left/Centre/Right Attacking Midfielder,Argentina,4 March 1992,283441
615,Jamaal Lascelles,177,10,Leicester City,False,Central Defender,England,11 November 1993,776434
616,Issa Diop,177,8,Ipswich Town,True,Centre Central Defender,Morocco,9 January 1997,786122
617,Sebastien Bassong,177,6,Peterborough United,False,Central Defender,Cameroon,9 July 1986,139674
618,Diogo Dalot,177,4,Milan,False,Right Full Back,Portugal,18 March 1999,258769
619,Ian Rush,176,48,,False,Forward,Wales,20 October 1961,1723
620,Anthony Gordon,176,31,Barcelona,False,Left/Right Winger,England,24 February 2001,785487
621,Ben White,176,6,Arsenal,True,Centre/Right Central Defender,England,8 October 1997,284417
622,Stephen Clemence,176,6,,False,Midfielder,England,31 March 1978,98165
623,Nicky Shorey,176,3,Colchester United,False,Left Full Back,England,19 February 1981,19026
624,Kyle Naughton,176,1,Swansea City,False,Right Full Back,England,17 November 1988,41422
625,Juan Pablo Ángel,175,44,,False,Forward,Colombia,24 October 1975,2308
626,Iain Dowie,175,33,,False,Forward,Northern Ireland,9 January 1965,1293
627,Yohan Cabaye,175,26,,False,Centre Central Midfielder,France,14 January 1986,163664
628,Lee Sharpe,175,22,,False,Midfielder,England,27 May 1971,2074
629,Nathan Dyer,175,18,Swansea City,False,Right Winger,England,29 November 1987,19449
630,Daniel Agger,175,9,Brøndby IF,False,Defender,Denmark,12 December 1984,119508
631,João Moutinho,175,5,Sporting Braga,False,Midfielder,Portugal,8 September 1986,346451
632,Rúben Dias,174,5,Manchester City,True,Centre Central Defender,Portugal,14 May 1997,257590
633,Tony Dorigo,174,3,,False,Defender,England,31 December 1965,1884
634,Steve Chettle,174,2,Nottingham Forest,False,Defender,England,27 September 1968,382
635,Justin Edinburgh,174,0,,False,Defender,England,18 December 1969,531
636,Bryan Mbeumo,173,55,Manchester United,True,Right Winger,Cameroon,7 August 1999,738869
637,David Raya,173,0,Arsenal,True,Goalkeeper,Spain,15 September 1995,360351
638,Zoltán Gera,172,17,Ferencvárosi TC,False,Left/Right Winger,Hungary,22 April 1979,119701
639,Ivan Campo,172,13,,False,Midfielder,Spain,21 February 1974,2862
640,Andrew Todd,172,8,,False,Defender,England,21 September 1974,178390
641,Curtis Davies,172,7,Cheltenham Town,False,Centre Central Defender,Sierra Leone,15 March 1985,340812
642,John Scales,172,3,,False,Defender,England,4 July 1966,2537
643,Robert Snodgrass,171,26,Heart of Midlothian,False,Left/Right Attacking Midfielder,Scotland,7 September 1987,326932
644,James McFadden,171,20,,False,Left/Centre Winger,Scotland,14 April 1983,6570
645,Marc Guéhi,171,10,Manchester City,True,Centre Central Defender,England,13 July 2000,774431
646,Stephen Ward,171,6,Walsall,False,Left Full Back,Ireland,20 August 1985,281237
647,Kyle Walker-Peters,171,3,West Ham United,False,Left/Right Full Back,England,13 April 1997,738829
648,Robert Sánchez,171,0,Como,False,Goalkeeper,Spain,18 November 1997,794571
649,Tomás Rosicky,170,19,,False,Centre Attacking Midfielder,Czech Republic,4 October 1980,38011
650,Gilberto Silva,170,17,Atlético Mineiro,False,Centre Defensive Midfielder,Brazil,7 October 1976,109097
651,Christopher Samba,170,16,Aston Villa,False,Centre Central Defender,Congo,28 March 1984,50128
652,Wes Morgan,170,8,,False,Centre Central Defender,Jamaica,21 January 1984,11241
653,Joe Gomez,170,0,Liverpool,False,Left/Centre/Right Central Defender,England,23 May 1997,41538
654,Neal Ardley,169,12,Cardiff City,False,Midfielder,England,1 September 1972,352875
655,Michael Ball,169,8,,False,Left Full Back,England,2 October 1979,178446
656,Angel Rangel,169,4,Queens Park Rangers,False,Right Full Back,Spain,28 November 1982,135805
657,Spencer Prior,169,2,,False,Defender,England,22 April 1971,2444
658,Charlie Taylor,169,1,Derby County,False,Defender,England,18 September 1993,785948
659,Ludek Miklosko,169,0,,False,Goalkeeper,Czech Republic,9 December 1961,818
660,Michael Essien,168,17,Panathinaikos,False,Defensive Midfielder,Ghana,3 December 1982,34287
661,Tom Cairney,168,10,Fulham,True,Left/Centre/Right Attacking Midfielder,Scotland,20 January 1991,19302
662,Adrian Mariappa,168,2,St Albans City,False,Defender,Jamaica,3 October 1986,759948
663,Geoff Cameron,168,2,,False,Defender,United States,11 July 1985,319847
664,Kai Havertz,167,45,Arsenal,True,Left/Centre/Right Second Striker,Germany,11 June 1999,340669
665,Salomón Rondón,167,36,Pachuca,False,Forward,Venezuela,16 September 1989,355591
666,Jacob Ramsey,167,17,Newcastle United,True,Left/Centre Winger,England,28 May 2001,740550
667,David Thompson,167,15,,False,Midfielder,England,12 September 1977,4146
668,Jack Rodwell,167,10,Foxtel A-League All Stars,False,Midfielder,England,11 March 1991,311676
669,Chris Riggott,167,8,Burton Albion,False,Defender,England,1 September 1980,176253
670,Fabrice Muamba,167,5,Bolton Wanderers,False,Centre Central Midfielder,England,6 April 1988,4906
671,Cédric Soares,167,3,Arsenal,False,Right Full Back,Portugal,31 August 1991,337933
672,Steve Clarke,167,1,,False,Defender,Scotland,29 August 1963,101
673,Gareth Bale,166,53,,False,Left/Right Winger,Wales,16 July 1989,319918
674,Stéphane Sessègnon,166,25,,False,Centre/Right Attacking Midfielder,Benin,1 June 1984,6782
675,Stan Lazaridis,166,7,,False,Midfielder,Australia,16 August 1972,2841
676,Paul McGrath,166,6,,False,Defender,Ireland,4 December 1959,1362
677,Winston Reid,166,6,West Ham United,False,Centre Central Defender,New Zealand,3 July 1988,268500
678,Troy Deeney,165,47,Forest Green Rovers,False,Centre Striker,England,29 June 1988,345118
679,Vitaly Janelt,165,12,Brentford,True,Centre Defensive Midfielder,Germany,10 May 1998,258703
680,Aleksandar Kolarov,165,11,Internazionale,False,Left Full Back,Serbia,10 November 1985,256687
681,Abdoulaye Diagne-Faye,165,10,,False,Centre Central Defender,Senegal,26 February 1978,6695
682,Joël Veltman,165,5,West Ham United,False,Full Back,Netherlands,15 January 1992,791393
683,Gary Breen,165,3,Barnet,False,Defender,Ireland,12 December 1973,94818
684,Matt Targett,165,3,Hull City,True,Left Full Back,England,18 September 1995,786127
685,Nélson Semedo,165,1,Fenerbahçe,False,Right Full Back,Portugal,16 November 1993,739516
686,Kevin Doyle,164,37,Colorado Rapids,False,Striker,Ireland,18 September 1983,141573
687,Youssouf Mulumbu,164,12,Celtic,False,Centre Defensive Midfielder,DR Congo,25 January 1987,136921
688,Eddie Newton,164,7,,False,Midfielder,England,13 December 1971,106
689,Tom Davies,164,6,Sheffield United,False,Attacking Midfielder,England,30 June 1998,345098
690,Stan Collymore,163,62,,False,Forward,England,22 January 1971,2531
691,Jean-Philippe Mateta,163,50,Crystal Palace,True,Centre Striker,France,28 June 1997,302911
692,Callum Hudson-Odoi,163,20,Nottingham Forest,True,Left Winger,England,7 November 2000,347498
693,Dean Henderson,163,0,Crystal Palace,True,Goalkeeper,England,12 March 1997,346759
694,Brian McClair,162,18,Manchester United,False,Forward,Scotland,8 December 1963,325
695,Peter Beagrie,162,17,,False,,England,28 November 1965,25937
696,Jóhann Gudmundsson,162,10,,False,Left Winger,Iceland,27 October 1990,30985
697,Dejan Lovren,162,7,PAOK Salonika,False,Central Defender,Croatia,5 July 1989,366093
698,Stig Inge Bjornebye,162,2,,False,Defender,Norway,11 December 1969,2580
699,Antonee Robinson,162,1,Fulham,True,Left Full Back,United States,8 August 1997,190129
700,Emiliano Buendía,161,16,Bayer 04 Leverkusen,False,Attacking Midfielder,Argentina,25 December 1996,733017
701,Junior Hoilett,161,16,Hibernian,False,Left/Right Winger,Canada,5 June 1990,737786
702,Mathias Jensen,161,11,Brentford,True,Centre Central Midfielder,Denmark,1 January 1996,160425
703,Steve Guppy,161,9,Stoke City,False,Midfielder,England,29 March 1969,353343
704,Michael Duberry,161,5,Oxford United,False,Defender,England,14 October 1975,177233
705,José Enrique,161,2,Real Zaragoza,False,Left Full Back,Spain,23 January 1986,104729
706,Steve Vickers,161,2,,False,Defender,England,13 October 1967,2818
707,Carlo Cudicini,161,0,LA Galaxy,False,Goalkeeper,Italy,6 September 1973,114930
708,Efan Ekoku,160,52,,False,Forward,Nigeria,8 June 1967,1075
709,Neal Maupay,160,33,Marseille,False,Centre Striker,France,14 August 1996,738051
710,Eddie Nketiah,160,24,Crystal Palace,True,Centre Striker,England,30 May 1999,363773
711,Reece James,160,10,Chelsea,True,Right Full Back,England,8 December 1999,52087
712,Robert Brady,160,10,Preston North End,False,Left Winger,Ireland,14 January 1992,315651
713,Claudio Yacob,160,1,Nottingham Forest,False,Centre Defensive Midfielder,Argentina,18 July 1987,138635
714,José Sá,160,0,Wolverhampton Wanderers,False,Goalkeeper,Portugal,17 January 1993,281359
715,Yoane Wissa,159,47,Newcastle United,True,Centre Striker,DR Congo,3 September 1996,741652
716,Steffen Iversen,159,40,,False,Forward,Norway,10 November 1976,27112
717,Ian Marshall,159,33,,False,Defender,England,20 March 1966,2782
718,Harry Wilson,159,29,Leeds United,True,Right Winger,Wales,22 March 1997,785899
719,Ramires,159,17,Chelsea,False,Centre/Right Central Midfielder,Brazil,24 March 1987,5690
720,Graham Hyde,159,11,,False,Midfielder,England,10 November 1970,486
721,Alexandre Lacazette,158,54,NEOM,False,Forward,France,28 May 1991,740086
722,Chicharito,158,53,Guadalajara,False,Forward,Mexico,1 June 1988,377868
723,James McClean,158,11,,False,Left Winger,Ireland,22 April 1989,343669
724,Michael Turner,158,9,Southend United,False,Centre Central Defender,England,9 November 1983,50105
725,David May,158,8,,False,Defender,England,24 June 1970,1004
726,Marcel Desailly,158,6,Chelsea,False,Defender,France,7 September 1968,1868
727,Mark Delaney,158,2,,False,Defender,Wales,13 May 1976,1815
728,Paul Pogba,157,29,Monaco,False,Central Midfielder,France,15 March 1993,738007
729,Claus Jensen,157,20,,False,Midfielder,Denmark,29 April 1977,3586
730,Craig Burley,157,14,,False,Midfielder,Scotland,24 September 1971,2110
731,Ruben Loftus-Cheek,157,10,Milan,False,Centre Central Midfielder,England,23 January 1996,341253
732,Dean Blackwell,157,0,,False,Defender,England,5 December 1969,567
733,Eric Cantona,156,70,,False,Forward,France,24 May 1966,330
734,Paulo Wanchope,156,50,Málaga,False,Forward,Costa Rica,31 July 1976,127475
735,Julian Joachim,156,42,Hinckley United,False,Forward,England,20 September 1974,96052
736,Salomon Kalou,156,36,Hertha BSC,False,Left/Centre/Right Attacking Midfielder,Cote D’Ivoire,5 August 1985,48805
737,Jason McAteer,156,7,,False,Midfielder,Ireland,18 June 1971,2757
738,Per Mertesacker,156,6,Arsenal,False,Centre Central Defender,Germany,29 September 1984,5899
739,Jack Stephens,156,5,Coventry City,False,Centre Central Defender,England,27 January 1994,23381
740,Dean Sturridge,155,38,Queens Park Rangers,False,Forward,England,27 July 1973,353247
741,Paul Dickov,155,36,,False,Forward,Scotland,1 November 1972,28435
742,Bruno Guimarães,155,31,Arsenal,True,Defensive Midfielder,Brazil,16 November 1997,791921
743,Lars Bohinen,155,14,,False,Midfielder,Norway,8 September 1969,1645
744,Jerome Thomas,155,11,Port Vale,False,Left/Right Winger,England,23 March 1983,30902
745,Jon Newsome,155,8,,False,Defender,England,6 September 1970,1261
746,Neil Lennon,155,5,Celtic,False,Midfielder,Northern Ireland,25 June 1971,278339
747,Benoit Assou-Ekotto,155,4,St Etienne,False,Left Wing Back,Cameroon,24 March 1984,24719
748,Fraser Forster,155,0,Bournemouth,True,Goalkeeper,England,17 March 1988,772491
749,Rob Jones,155,0,,False,Defender,England,5 November 1971,2289
750,Alexis Sánchez,154,63,,False,Left/Centre/Right Second Striker,Chile,19 December 1988,332413
751,John Hartson,154,55,Celtic,False,Forward,Wales,5 April 1975,278349
752,Peter Ndlovu,154,34,Sheffield United,False,Midfielder,Zimbabwe,25 February 1973,353301
753,Hugo Rodallega,154,29,Trabzonspor,False,Centre Striker,Colombia,25 July 1985,93351
754,Mame Diouf,154,27,Hatayspor,False,Centre Striker,Senegal,16 December 1987,256645
755,Emile Smith Rowe,154,21,Fulham,True,Centre Attacking Midfielder,England,28 July 2000,362162
756,Niko Kranjcar,154,20,Queens Park Rangers,False,Left/Centre/Right Attacking Midfielder,Croatia,13 August 1984,11895
757,Conor Gallagher,154,19,Tottenham Hotspur,True,Central Midfielder,England,6 February 2000,774030
758,Park Ji-Sung,154,19,PSV,False,Left/Centre/Right Attacking Midfielder,South Korea,25 February 1981,9005
759,Victor Wanyama,154,10,Montreal Impact,False,Centre Defensive Midfielder,Kenya,25 June 1991,337562
760,Jonás Gutiérrez,154,7,Deportivo de La Coruña,False,Left/Right Attacking Midfielder,Argentina,5 July 1983,105966
761,Maya Yoshida,154,6,,False,Centre Central Defender,Japan,24 August 1988,313297
762,Andy Griffin,154,2,,False,Right Full Back,England,17 March 1979,13058
763,John Beresford,154,2,,False,Defender,England,4 September 1966,1741
764,Brad Guzan,154,0,Atlanta United FC,False,Goalkeeper,United States,9 September 1984,154466
765,Martin Kelly,154,0,West Bromwich Albion,False,Right Full Back,England,27 April 1990,337757
766,Curtis Jones,153,11,Internazionale,False,Central Midfielder,England,30 January 2001,793351
767,Nathan Collins,153,6,Brentford,True,Centre Central Defender,Ireland,30 April 2001,340957
768,Chris Baird,153,4,Fulham,False,Defender,Northern Ireland,25 February 1982,20726
769,Bobby De Cordova-Reid,152,21,Leicester City,False,Forward,Jamaica,2 February 1993,360340
770,Lucas Moura,152,20,Tottenham Hotspur,False,Winger,Brazil,13 August 1992,340986
771,Pablo Fornals,152,16,Real Betis,False,Attacking Midfielder,Spain,22 February 1996,356767
772,Philip Billing,152,12,FC Midtjylland,False,Midfielder,Denmark,11 June 1996,740846
773,Leander Dendoncker,152,10,Hajduk Split,False,Centre Defensive Midfielder,Belgium,15 April 1995,794612
774,David Howells,152,9,,False,Midfielder,England,15 December 1967,1992
775,Rayan Aït-Nouri,152,9,Manchester City,True,Left Full Back,Algeria,6 June 2001,737019
776,Moisés Caicedo,152,7,Chelsea,True,Centre Defensive Midfielder,Ecuador,2 November 2001,345054
777,Jamie Clapham,152,5,,False,Defender,England,7 December 1975,29919
778,Emerson Thome,152,3,,False,Defender,Brazil,30 March 1972,4053
779,Alex McCarthy,152,0,Leicester City,False,Goalkeeper,England,3 December 1989,786020
780,Andrei Kanchelskis,151,42,,False,Forward,Russia,23 January 1969,3127
781,Kevin Mirallas,151,29,Fiorentina,False,Left/Right Winger,Belgium,5 October 1987,134603
782,Antoine Sibierski,151,18,,False,Forward,France,5 August 1974,4818
783,Dean Gordon,151,8,,False,Defender,England,10 February 1973,1932
784,Fabinho,151,8,Trabzonspor,False,Defensive Midfielder,Brazil,23 October 1993,794353
785,John Salako,151,8,,False,Midfielder,England,11 February 1969,2325
786,Ronny Johnsen,151,8,,False,Defender,Norway,10 June 1969,3642
787,Alan Hutton,151,3,Bolton Wanderers,False,Defender,Scotland,30 November 1984,9993
788,Paul Dummett,151,3,Carlisle United,False,Defender,Wales,26 September 1991,731233
789,Ruud van Nistelrooij,150,95,Málaga,False,Centre Striker,Netherlands,1 July 1976,105262
790,Laurent Robert,150,23,,False,Midfielder,France,21 May 1975,4831
791,Fraizer Campbell,150,18,Huddersfield Town,False,Centre Striker,England,13 September 1987,162265
792,Joël Matip,150,9,,False,Centre Central Defender,Cameroon,8 August 1991,43049
793,Marc Cucurella,150,7,Real Madrid,False,Left Full Back,Spain,22 July 1998,785564
794,Hayden Mullins,150,3,Notts County,False,Defensive Midfielder,England,27 March 1979,14938
795,Harry Winks,150,2,,False,Centre Central Midfielder,England,2 February 1996,340927
796,Oleksandr Zinchenko,150,2,,False,Left Full Back,Ukraine,15 December 1996,741700
797,Florent Malouda,149,35,Trabzonspor,False,Left Attacking Midfielder,France,13 June 1980,9379
798,Neil Shipperley,149,27,,False,Forward,England,30 October 1974,4460
799,Stuart Armstrong,149,16,Aberdeen,False,Midfielder,Scotland,30 March 1992,742081
800,Thomas Gravesen,149,11,Real Madrid,False,Midfielder,Denmark,11 March 1976,4606
801,Julio Arca,149,8,Middlesbrough,False,Midfielder,Argentina,31 January 1981,4250
802,Alessandro Pistone,149,2,,False,Defender,Italy,27 July 1975,2360
803,Leon Britton,149,0,Swansea City,False,Centre Central Midfielder,England,16 September 1982,6157
804,Vicente Guaita,149,0,Celta de Vigo,False,Goalkeeper,Spain,10 January 1987,346855
805,Glenn Murray,148,37,Nottingham Forest,False,Centre Striker,England,25 September 1983,268503
806,Brian McBride,148,36,,False,Forward,United States,19 June 1972,3230
807,Jonatan Johansson,148,27,,False,Forward,Finland,16 August 1975,2328
808,Anthony Elanga,148,16,Newcastle United,True,Left Winger,Sweden,27 April 2002,738400
809,Andreas Pereira,148,11,,False,Attacking Midfielder,Brazil,1 January 1996,316561
810,Steve Bruce,148,11,Birmingham City,False,Defender,England,31 December 1960,41779
811,Nikolaos Dabizas,148,10,Leicester City,False,Defender,Greece,3 August 1973,353064
812,Nicky Summerbee,148,6,,False,Midfielder,England,26 August 1971,3431
813,Pascal Chimbonda,148,6,Carlisle United,False,Right Full Back,France,21 February 1979,10421
814,Bruno N'Gotty,148,4,,False,Defender,France,10 June 1971,2609
815,Jens Lehmann,148,0,,False,Goalkeeper,Germany,10 November 1969,3131
816,Nani,147,26,Adana Demirspor,False,Left Winger,Portugal,17 November 1986,357841
817,Geremi Sorele Nijtap Fotso,147,12,,False,Midfielder,Cameroon,20 December 1978,4710
818,Jeff Hendrick,147,12,Derby County,False,Centre Central Midfielder,Ireland,31 January 1992,58057
819,Vitalii Mykolenko,147,4,Everton,True,Left Full Back,Ukraine,29 May 1999,299539
820,Danny Collins,147,3,Nottingham Forest,False,Left/Centre Central Defender,Wales,6 August 1980,39552
821,Jacob Laursen,147,3,,False,Defender,Denmark,6 October 1971,2706
822,Brian Borrows,147,2,,False,Defender,England,20 December 1960,124
823,Alain Goma,147,1,,False,Defender,France,5 October 1972,2670
824,Tal Ben Haim,147,1,Beitar Jerusalem,False,Defender,Israel,31 March 1982,263214
825,Wilson Palacios,147,1,,False,Centre Defensive Midfielder,Honduras,29 July 1984,143268
826,John Lukic,147,0,,False,Goalkeeper,England,11 December 1960,1320
827,Vladimír Coufal,147,0,TSG 1899 Hoffenheim,False,Right Full Back,Czech Republic,22 August 1992,785877
828,Lomana Lua Lua,146,24,,False,Forward,DR Congo,28 December 1980,123783
829,Eyal Berkovic,146,17,,False,Midfielder,Israel,2 April 1972,3347
830,Arjan De Zeeuw,146,4,,False,Defender,Netherlands,16 April 1970,4047
831,Neco Williams,146,4,Nottingham Forest,True,Right Full Back,Wales,13 April 2001,316560
832,Curtis Fleming,146,2,,False,Defender,Ireland,8 October 1968,335
833,Neil Taylor,146,0,Middlesbrough,False,Left Full Back,Wales,7 February 1989,296444
834,Pavel Srnicek,146,0,,False,Goalkeeper,Czech Republic,10 March 1968,727
835,Scott Carson,146,0,,False,Goalkeeper,England,3 September 1985,282078
836,Dwight Gayle,145,26,Derby County,False,Centre Striker,England,17 October 1989,357618
837,Luke Moore,145,20,Toronto FC,False,Striker,England,13 February 1986,120464
838,Ben Watson,145,12,Charlton Athletic,False,Centre Central Midfielder,England,9 July 1985,257563
839,Daryl Janmaat,145,8,,False,Right Full Back,Netherlands,22 July 1989,284325
840,Mario Lemina,145,8,Galatasaray,False,Centre Defensive Midfielder,Gabon,1 September 1993,735555
841,Frederic Kanoute,144,43,Sevilla,False,Centre Striker,Mali,2 September 1977,101300
842,Brennan Johnson,144,26,Everton,True,Right Winger,Wales,23 May 2001,792316
843,Junior Stanislas,144,26,,False,Left/Right Winger,England,26 November 1989,14289
844,Garry Parker,144,19,,False,Midfielder,England,7 September 1965,976
845,Frank Leboeuf,144,17,,False,Defender,France,22 January 1968,1339
846,Paul Warhurst,144,13,,False,Defender,England,26 September 1969,2605
847,Andrew Surman,144,6,MK Dons,False,Centre Central Midfielder,England,20 August 1986,264366
848,Ian Bishop,144,4,,False,Midfielder,England,29 May 1965,2542
849,Matt Jackson,144,4,,False,Defender,England,19 October 1971,4052
850,Claude Makelele,144,2,Paris Saint Germain,False,Centre Defensive Midfielder,France,18 February 1973,174411
851,Pierre-Emerick Aubameyang,143,69,,False,Centre Striker,Gabon,18 June 1989,739647
852,Mark Bright,143,50,Charlton Athletic,False,Forward,England,6 June 1962,2028
853,Henrik Pedersen,143,22,,False,Forward,Denmark,10 June 1975,2627
854,Xabi Alonso,143,14,FC Bayern München,False,Centre Central Midfielder,Spain,25 November 1981,15843
855,Eirik Bakke,143,8,Brann,False,Midfielder,Norway,13 September 1977,173401
856,Neil Cox,143,6,,False,Defender,England,8 October 1971,2233
857,Davinson Sánchez,143,3,Galatasaray,False,Centre Central Defender,Colombia,12 June 1996,348051
858,Anthony Gardner,143,2,Sheffield Wednesday,False,Centre Central Defender,England,19 September 1980,12053
859,Terry Phelan,143,1,,False,Defender,Ireland,16 March 1967,1381
860,Antti Niemi,143,0,,False,Goalkeeper,Finland,31 May 1972,5573
861,Stephen Hunt,142,21,Coventry City,False,Midfielder,Ireland,1 August 1981,19054
862,Matt Phillips,142,12,,False,Left/Right Winger,Scotland,13 March 1991,362188
863,Mark Bowen,142,9,,False,Defender,Wales,7 December 1963,1841
864,Graham Dorrans,142,8,Rangers,False,Midfielder,Scotland,5 May 1987,136706
865,Tim Breacker,142,3,,False,Defender,England,2 July 1965,827
866,Tore Andre Flo,141,38,,False,Forward,Norway,15 June 1973,3044
867,Stephen Kelly,141,2,Rotherham United,False,Left/Right Full Back,Ireland,6 September 1983,19963
868,Liam Rosenior,141,1,Brighton and Hove Albion,False,Defender,England,9 July 1984,90689
869,Kepa Arrizabalaga,141,0,Arsenal,True,Goalkeeper,Spain,3 October 1994,737392
870,Paulo Ferreira,141,0,Chelsea,False,Right Full Back,Portugal,18 January 1979,3517
871,Russell Hoult,141,0,Hereford United,False,Goalkeeper,England,22 November 1972,27734
872,Ricardo Fuller,140,19,,False,Forward,Jamaica,31 October 1979,20832
873,Emmanuel Petit,140,11,Chelsea,False,Midfielder,France,22 September 1970,2637
874,Dean Richards,140,7,,False,Defender,England,9 June 1974,2767
875,Stelios Giannakopoulos,139,20,,False,Midfielder,Greece,12 July 1974,5209
876,Fred,139,8,Fenerbahçe,False,Centre Central Midfielder,Brazil,5 March 1993,345071
877,Adrián,139,0,Real Betis,False,Goalkeeper,Spain,3 January 1987,101878
878,Guy Whittingham,138,27,,False,Forward,England,10 November 1964,1047
879,Adam Webster,138,6,Brighton and Hove Albion,False,Defender,England,4 January 1995,336893
880,Damien Delaney,138,3,Crystal Palace,False,Centre Central Defender,Ireland,20 July 1981,52228
881,Gary Mabbutt,138,2,Tottenham Hotspur,False,Defender,England,23 August 1961,529
882,Cheick Tioté,138,1,Newcastle United,False,Centre Defensive Midfielder,Cote D’Ivoire,21 June 1986,5780
883,Mart Poom,138,0,,False,Goalkeeper,Estonia,3 February 1972,3770
884,Ashley Ward,137,33,,False,Forward,England,24 November 1970,2315
885,Pedro,137,29,Lazio,False,Left/Right Winger,Spain,28 July 1987,289288
886,Marlon Harewood,137,28,Hartlepool United,False,Centre Striker,England,25 August 1979,11053
887,Mark Wright,137,5,Liverpool,False,Defender,England,1 August 1963,248
888,Mason Holgate,137,3,West Bromwich Albion,False,Centre Central Defender,Jamaica,22 October 1996,181879
889,Riccardo Scimeca,137,3,,False,Defender,England,13 June 1975,97880
890,Erling Haaland,136,116,Manchester City,True,Centre Striker,Norway,21 July 2000,312560
891,Nicklas Bendtner,136,32,,False,Centre Striker,Denmark,16 January 1988,167192
892,Nicolás Otamendi,136,8,Benfica,False,Central Defender,Argentina,12 February 1988,258178
893,Chris Marsden,136,6,,False,Midfielder,England,3 January 1969,1994
894,Gary Rowett,136,5,,False,Defender,England,6 March 1974,2874
895,Jody Morris,136,5,Millwall,False,Midfielder,England,22 December 1978,353097
896,Sander Berge,136,3,Fulham,True,Centre Central Midfielder,Norway,14 February 1998,363132
897,Danny Gabbidon,136,1,,False,Central Defender,Wales,8 August 1979,14410
898,Rufus Brevett,136,1,,False,Defender,England,24 September 1969,3102
899,Simon Francis,136,0,Bournemouth,False,Centre/Right Central Defender,England,16 February 1985,10045
900,David Hirst,135,43,,False,Forward,England,7 December 1967,1749
901,Malcolm Christie,135,29,,False,Forward,England,11 April 1979,2996
902,Gudni Bergsson,135,8,Bolton Wanderers,False,Defender,Iceland,21 July 1965,1142
903,Ricardo Carvalho,135,7,Monaco,False,Centre Central Defender,Portugal,18 May 1978,15937
904,Steve Harper,135,0,,False,Goalkeeper,England,14 March 1975,20192
905,Julian Dicks,134,24,,False,Defender,England,8 August 1968,888
906,Dusan Tadic,134,20,N.E.C.,False,Forward,Serbia,20 November 1988,793695
907,Per Frandsen,134,8,Wigan Athletic,False,Midfielder,Denmark,6 February 1970,353394
908,Gary Naysmith,134,6,Huddersfield Town,False,Defender,Scotland,16 November 1978,27786
909,Mike Williamson,134,1,Gateshead,False,Central Defender,England,8 November 1983,139237
910,Hwang Hee-Chan,133,24,,False,Centre Striker,South Korea,26 January 1996,312590
911,Saido Berahino,133,23,Sheffield Wednesday,False,Centre Striker,Burundi,4 August 1993,288846
912,Niclas Alexandersson,133,12,,False,Midfielder,Sweden,29 December 1971,2370
913,Antonio Rüdiger,133,9,Real Madrid,False,Centre Central Defender,Germany,3 March 1993,315688
914,Paul Gerrard,133,0,Oldham Athletic,False,Goalkeeper,England,22 January 1973,177200
915,Ian Woan,132,17,Nottingham Forest,False,Midfielder,England,14 December 1967,388
916,Simon Barker,132,15,,False,Midfielder,England,4 November 1964,442
917,Ander Herrera,132,12,Boca Juniors,False,Centre Central Midfielder,Spain,14 August 1989,732118
918,Emmanuel Eboué,132,5,,False,Right Full Back,Cote D’Ivoire,4 June 1983,20194
919,Wojciech Szczesny,132,0,Barcelona,False,Goalkeeper,Poland,18 April 1990,371120
920,Cody Gakpo,131,33,Liverpool,True,Centre Striker,Netherlands,7 May 1999,335653
921,Oscar,131,21,Chelsea,False,Centre Attacking Midfielder,Brazil,9 September 1991,6285
922,Jordi Gómez,131,14,Omonia Nicosia,False,Midfielder,Spain,24 May 1985,258412
923,Robbie Elliott,131,10,,False,Defender,England,25 December 1973,735
924,William Saliba,131,7,Marseille,False,Central Defender,France,24 March 2001,289352
925,James Justin,131,6,Leeds United,True,Right Full Back,England,23 February 1998,740677
926,Keith Curle,131,6,Wolverhampton Wanderers,False,Defender,England,14 November 1963,42082
927,Philippe Senderos,131,6,,False,Central Defender,Switzerland,14 February 1985,154029
928,Harrison Reed,131,4,Fulham,True,Centre Central Midfielder,England,27 January 1995,202622
929,Billy Jones,131,3,Crewe Alexandra,False,Right Full Back,England,24 March 1987,267924
930,David Bardsley,131,3,,False,Defender,England,11 September 1964,429
931,Dave Beasant,131,0,Stevenage,False,Goalkeeper,England,20 March 1959,15180
932,Edin Dzeko,130,50,,False,Striker,Bosnia & Herzegovina,17 March 1986,738336
933,Thomas Partey,130,9,Villarreal,False,Centre Defensive Midfielder,Ghana,13 June 1993,739947
934,Barry Horne,130,3,,False,Midfielder,Wales,18 May 1962,2177
935,Mauricio Taricco,130,2,Brighton and Hove Albion,False,Defender,Argentina,10 March 1973,26668
936,Roland Nilsson,130,1,,False,Defender,Sweden,27 November 1963,1610
937,Marian Pahars,129,42,,False,Forward,Latvia,5 August 1976,1995
938,Aleksandar Mitrovic,129,38,Al-Hilal,False,Forward,Serbia,16 September 1994,354653
939,Peter Odemwingie,129,36,,False,Centre Striker,Nigeria,15 July 1981,41041
940,Santi Cazorla,129,25,Real Oviedo,False,Attacking Midfielder,Spain,13 December 1984,350190
941,Xherdan Shaqiri,129,22,FC Basel,False,Left/Centre/Right Attacking Midfielder,Switzerland,10 October 1991,98635
942,Christian Nørgaard,129,11,Everton,True,Defensive Midfielder,Denmark,10 March 1994,790547
943,Charlie Daniels,129,9,,False,Left Full Back,England,7 September 1986,287752
944,Papa Bouba Diop,129,8,West Ham United,False,Midfielder,Senegal,28 January 1978,177945
945,John Heitinga,129,3,,False,Centre/Right Central Defender,Netherlands,15 November 1983,24782
946,João Pedro,128,40,Chelsea,True,Centre Striker,Brazil,26 September 2001,737574
947,Bryan Hughes,128,10,Accrington Stanley,False,Midfielder,England,19 June 1976,175717
948,Sylvain Legwinski,128,8,,False,Midfielder,France,10 June 1973,2673
949,Mamadou Sakho,128,3,Montpellier,False,Centre Central Defender,France,13 February 1990,315859
950,Des Lyttle,128,2,Tamworth,False,Defender,England,24 September 1971,29098
951,Artur Boruc,128,0,,False,Goalkeeper,Poland,20 February 1980,289289
952,Divock Origi,127,22,,False,Centre Striker,Belgium,18 April 1995,346867
953,Gerard Deulofeu,127,20,Udinese,False,Left Winger,Spain,13 March 1994,281578
954,Tuncay Sanli,127,20,Bolton Wanderers,False,Centre Second Striker,Turkiye,16 January 1982,5949
955,Luka Modric,127,13,Milan,False,Central Midfielder,Croatia,9 September 1985,738487
956,Anders Svensson,127,9,IF Elfsborg,False,Midfielder,Sweden,17 July 1976,8558
957,Ryan Christie,127,5,Bournemouth,True,Left/Centre/Right Attacking Midfielder,Scotland,22 February 1995,288967
958,Amdy Faye,127,1,,False,Midfielder,Senegal,12 March 1977,29889
959,Marc Edworthy,127,1,Burton Albion,False,Defender,England,24 December 1972,95198
960,Nicky Hunt,127,1,Darlington,False,Central Defender,England,3 September 1983,261185
961,Jerzy Dudek,127,0,Real Madrid,False,Goalkeeper,Poland,23 March 1973,101201
962,Karl Henry,127,0,,False,Centre Central Midfielder,England,26 November 1982,140904
963,Mikael Forssell,126,34,HJK Helsinki,False,Forward,Finland,15 March 1981,122231
964,Henri Camara,126,31,,False,Forward,Senegal,10 May 1977,98344
965,Daniel James,126,12,,False,Right Winger,Wales,10 November 1997,325634
966,Willy Boly,126,7,,False,Centre Central Defender,Cote D’Ivoire,3 February 1991,325444
967,Grétar Steinsson,126,4,Bolton Wanderers,False,Right Full Back,Iceland,9 January 1982,4533
968,Javier Manquillo,126,2,Celta de Vigo,False,Right Full Back,Spain,5 May 1994,356123
969,Thibaut Courtois,126,0,Real Madrid,False,Goalkeeper,Belgium,11 May 1992,135209
970,Juninho Paulista,125,29,,False,Midfielder,Brazil,22 February 1973,335132
971,Jason Dozzell,125,20,,False,Midfielder,England,9 December 1967,813
972,David Phillips,125,10,Nottingham Forest,False,Midfielder,Wales,29 July 1963,1032
973,Russell Martin,125,8,MK Dons,False,Centre Central Defender,Scotland,4 January 1986,145371
974,Moritz Volz,125,2,,False,Left/Right Full Back,Germany,21 January 1983,125080
975,Ché Adams,124,25,,False,Centre Striker,Scotland,13 July 1996,161456
976,Nacer Chadli,124,21,KVC Westerlo,False,Left/Centre/Right Attacking Midfielder,Belgium,2 August 1989,326908
977,Danny Graham,124,18,Sunderland,False,Centre Striker,England,12 August 1985,132396
978,Abou Diaby,124,14,Marseille,False,Centre Central Midfielder,France,11 May 1986,24339
979,Jay Jay Okocha,124,14,,False,Midfielder,Nigeria,14 August 1973,143568
980,David Hopkin,124,7,,False,Midfielder,Scotland,21 August 1970,2530
981,Mikkel Damsgaard,124,6,Brentford,True,Left/Centre Attacking Midfielder,Denmark,3 July 2000,322881
982,Mark Fish,124,4,,False,Defender,South Africa,14 March 1974,2321
983,Carlos Cuellar,124,3,,False,Defender,Spain,23 August 1981,264353
984,Chris Makin,124,2,Reading,False,Defender,England,8 May 1973,353253
985,Aaron Mokoena,124,0,Portsmouth,False,Centre Defensive Midfielder,South Africa,25 November 1980,5065
986,Dean Austin,124,0,,False,Defender,England,26 April 1970,535
987,Mathew Ryan,124,0,Lens,False,Goalkeeper,Australia,8 April 1992,735825
988,John Carew,123,38,West Ham United,False,Centre Striker,Norway,5 September 1979,177954
989,Shaun Bartlett,123,24,,False,Forward,South Africa,31 October 1972,2327
990,Leon Bailey,123,16,Olympiakos,False,Right Winger,Jamaica,9 August 1997,794562
991,Leroy Fer,123,16,Alanyaspor,False,Centre Central Midfielder,Netherlands,5 January 1990,333978
992,Andy Clarke,123,11,,False,Forward,England,22 July 1967,585
993,Cristian Romero,123,11,Atlético de Madrid,False,Centre Central Defender,Argentina,27 April 1998,793313
994,Steven Caulker,123,8,Wigan Athletic,False,Centre Central Defender,Sierra Leone,29 December 1991,336152
995,Elliot Anderson,123,6,Manchester City,True,Central Midfielder,England,6 November 2002,785467
996,Jonathan Fortune,123,5,Exeter City,False,Defender,England,23 August 1980,176580
997,Jesús Navas,123,4,,False,Right Full Back,Spain,21 November 1985,52378
998,Sun Jihai,123,3,,False,Defender,China,30 September 1977,2963
999,Jonathan Spector,123,1,,False,Left/Right Full Back,United States,1 March 1986,142305
1000,Andy Wilkinson,123,0,Stoke City,False,Right Full Back,England,6 August 1984,23719
1001,Ed de Goey,123,0,Stoke City,False,Goalkeeper,Netherlands,20 December 1966,353314
1002,John Ruddy,123,0,Wolverhampton Wanderers,False,Goalkeeper,England,24 October 1986,793199
1003,Antoine Semenyo,122,37,Manchester City,True,Left/Right Winger,Ghana,7 January 2000,773471
1004,Milan Baros,122,28,Slovan Liberec,False,Forward,Czech Republic,28 October 1981,34396
1005,Emerson,122,4,Marseille,False,Left Full Back,Italy,3 August 1994,741645
1006,Egil Ostenstad,121,29,,False,Forward,Norway,2 January 1972,279367
1007,Enzo Fernández,121,19,Manchester City,True,Centre Central Midfielder,Argentina,17 January 2001,794465
1008,Johan Elmander,121,19,Brøndby IF,False,Centre Striker,Sweden,27 May 1981,119525
1009,Franco Di Santo,121,14,,False,Centre Striker,Argentina,7 April 1989,348122
1010,David Brooks,121,12,Bournemouth,False,Left/Centre/Right Attacking Midfielder,Wales,8 July 1997,356534
1011,Vladimir Smicer,121,10,Slavia Prague,False,Midfielder,Czech Republic,24 May 1973,100426
1012,John Ebbrell,121,9,Sheffield United,False,Defender,England,1 October 1969,42012
1013,Aymeric Laporte,121,8,Athletic Club,False,Centre Central Defender,Spain,27 May 1994,117098
1014,Seth Johnson,121,5,,False,Midfielder,England,12 March 1979,2701
1015,Pascal Struijk,121,4,Brighton & Hove Albion,True,Central Defender,Netherlands,11 August 1999,785429
1016,Benni McCarthy,120,37,Orlando Pirates,False,Forward,South Africa,12 November 1977,111287
1017,Rickie Lambert,120,31,Cardiff City,False,Centre Striker,England,16 February 1982,36583
1018,Marcus Tavernier,120,21,Bournemouth,False,Midfielder,England,22 March 1999,348034
1019,Connor Wickham,120,19,Charlton Athletic,False,Centre Striker,England,31 March 1993,358227
1020,Alejandro Garnacho,120,17,Aston Villa,True,Winger,Argentina,1 July 2004,786128
1021,Ethan Pinnock,120,8,Coventry City,True,Centre Central Defender,Jamaica,29 May 1993,793175
1022,Cole Palmer,119,49,Chelsea,True,Attacking Midfielder,England,6 May 2002,346777
1023,Matheus Cunha,119,39,Manchester United,True,Left/Centre Second Striker,Brazil,27 May 1999,736964
1024,Benjani,119,26,Portsmouth,False,Forward,Zimbabwe,13 August 1978,156368
1025,Andy Booth,119,25,,False,Forward,England,6 December 1973,2549
1026,Francis Jeffers,119,25,Sheffield Wednesday,False,Forward,England,25 January 1981,97081
1027,Deon Burton,119,22,Worcester City,False,Forward,Jamaica,25 October 1976,20441
1028,Roberto Di Matteo,119,15,,False,Midfielder,Italy,29 May 1970,1340
1029,Scott Sinclair,119,13,Bristol Rovers,False,Left/Right Winger,England,25 March 1989,328520
1030,Ryan Sessegnon,119,11,Fulham,True,Left/Right Winger,England,18 May 2000,361805
1031,Yannick Bolasie,119,11,,False,Left/Right Winger,DR Congo,24 May 1989,354169
1032,Pedro Porro,119,9,Tottenham Hotspur,True,Right Full Back,Spain,13 September 1999,340461
1033,Chris Fairclough,119,7,Bolton Wanderers,False,Defender,England,12 April 1964,1140
1034,Shane Duffy,119,7,Norwich City,False,Centre Central Defender,Ireland,1 January 1992,340756
1035,Jordon Ibe,119,4,Derby County,False,Left/Right Wing Back,England,8 December 1995,280778
1036,Billy McKinlay,119,3,,False,Midfielder,Scotland,22 April 1969,3583
1037,Vedran Corluka,119,2,Lokomotiv Moscow,False,Centre/Right Central Defender,Croatia,5 February 1986,24299
1038,Alphonse Areola,119,0,West Ham United,False,Goalkeeper,France,27 February 1993,314431
1039,Hans Segers,119,0,,False,Goalkeeper,Netherlands,30 October 1961,1999
1040,Ronny Rosenthal,118,10,,False,Forward,Israel,11 October 1963,817
1041,Keane Lewis-Potter,118,8,Brentford,True,Striker,England,22 February 2001,317507
1042,Ryan Taylor,118,8,Fleetwood Town,False,Defender,England,19 August 1984,138849
1043,Isaac Hayden,118,4,Queens Park Rangers,False,Midfielder,Jamaica,22 March 1995,740704
1044,James Garner,118,3,Everton,True,Centre Central Midfielder,England,13 March 2001,338756
1045,Ryan Yates,118,3,Nottingham Forest,True,Left/Centre/Right Attacking Midfielder,England,21 November 1997,134233
1046,Ibrahima Konaté,118,2,Real Madrid,False,Central Defender,France,25 May 1999,785565
1047,Boaz Myhill,118,0,West Bromwich Albion,False,Goalkeeper,Wales,9 November 1982,32020
1048,Dmitri Kharin,118,0,,False,Goalkeeper,Russia,16 August 1968,89
1049,Simon Grayson,118,0,,False,Defender,England,16 December 1969,2587
1050,Papiss Cissé,117,37,Fenerbahçe,False,Centre Striker,Senegal,3 June 1985,259180
1051,Szilard Nemeth,117,23,,False,Forward,Slovakia,8 August 1977,2739
1052,Mike Newell,117,22,Bradford City,False,Forward,England,27 January 1965,41826
1053,Dango Ouattara,117,16,Brentford,True,Left/Right Winger,Burkina Faso,11 February 2002,740540
1054,Martin Petrov,117,16,Espanyol,False,Left Winger,Bulgaria,15 January 1979,105400
1055,Thomas Hitzlsperger,117,10,,False,Left/Centre Central Midfielder,Germany,5 April 1982,6294
1056,Trevoh Chalobah,117,10,Como,False,Central Defender,England,5 July 1999,793334
1057,João Gomes,117,7,Aston Villa,True,Central Midfielder,Brazil,12 February 2001,786071
1058,Marcos Senesi,117,6,Tottenham Hotspur,True,Centre Central Defender,Argentina,10 May 1997,785378
1059,Andy Linighan,117,5,Crystal Palace,False,Defender,England,18 June 1962,1620
1060,Tosin Adarabioyo,117,4,Tottenham Hotspur,True,Centre Central Defender,England,24 September 1997,794467
1061,Stuart Parnaby,117,2,Hartlepool United,False,Right Full Back,England,19 July 1982,14694
1062,Ismaïla Sarr,116,27,Crystal Palace,True,Right Winger,Senegal,25 February 1998,362159
1063,Dejan Kulusevski,116,22,Tottenham Hotspur,True,Right Winger,Sweden,25 April 2000,340568
1064,Steven Naismith,116,19,Norwich City,False,Forward,Scotland,14 September 1986,91681
1065,Carlos Bocanegra,116,8,Racing de Santander,False,Left Full Back,United States,25 May 1979,102820
1066,Emanuel Pogatetz,116,4,,False,Central Defender,Austria,16 January 1983,163438
1067,Alan McDonald,116,3,,False,Defender,Northern Ireland,12 October 1963,433
1068,Kristoffer Ajer,116,3,Brentford,False,Centre Central Defender,Norway,17 April 1998,310499
1069,Christian Fuchs,116,2,,False,Left Full Back,Austria,7 April 1986,311979
1070,Steve Nicol,116,1,,False,Defender,Scotland,11 December 1961,1260
1071,Steffen Freund,116,0,,False,Midfielder,Germany,19 January 1970,3255
1072,Tom Heaton,116,0,,False,Goalkeeper,England,15 April 1986,277767
1073,Wilfried Bony,115,35,Swansea City,False,Centre Striker,Cote D’Ivoire,10 December 1988,53058
1074,Andre Gray,115,23,,False,Striker,Jamaica,26 June 1991,372417
1075,Chris Waddle,115,11,FW England,False,Centre Central Midfielder,England,14 December 1960,128587
1076,Emre Can,115,10,Borussia Dortmund,False,Centre Central Midfielder,Germany,12 January 1994,187029
1077,Andy Reid,115,7,,False,Left/Centre Central Midfielder,Ireland,29 July 1982,11622
1078,Olivier Bernard,115,6,,False,Defender,France,14 October 1979,2482
1079,Matheus Nunes,115,3,Manchester City,True,Centre Central Midfielder,Portugal,27 August 1998,346778
1080,Ben Godfrey,115,0,Ipswich Town,False,Defender,England,15 January 1998,759637
1081,Marcus Hahnemann,115,0,,False,Goalkeeper,United States,15 June 1972,121148
1082,Nikica Jelavic,114,29,,False,Centre Striker,Croatia,27 August 1985,20950
1083,Shinji Okazaki,114,14,Sint-Truidense VV,False,Forward,Japan,16 April 1986,323682
1084,Rodrigo Bentancur,114,9,Tottenham Hotspur,True,Centre Central Midfielder,Uruguay,25 June 1997,302775
1085,Amadou Onana,114,8,Aston Villa,True,Centre Defensive Midfielder,Belgium,16 August 2001,361427
1086,José Holebas,114,5,Olympiakos,False,Defender,Greece,27 June 1984,269592
1087,Gilles Grimandi,114,4,,False,Defender,France,11 November 1970,1534
1088,Nigel Worthington,114,3,,False,Defender,Northern Ireland,4 November 1961,3655
1089,Erland Johnsen,114,1,,False,Defender,Norway,5 April 1967,97
1090,Richard Hughes,114,0,Bournemouth,False,Centre Central Midfielder,Scotland,25 June 1979,10061
1091,Kaoru Mitoma,113,23,Brighton and Hove Albion,False,Forward,Japan,20 May 1997,289869
1092,Andreas Weimann,113,17,SK Rapid Wien,False,Forward,Austria,5 August 1991,777042
1093,Sam Vokes,113,17,Gillingham,False,Forward,Wales,21 October 1989,737474
1094,Kevin Lisbie,113,14,Cray Valley Paper Mills,False,Centre Striker,Jamaica,17 October 1978,261158
1095,Thiago Silva,113,8,FC Porto,False,Centre Central Defender,Brazil,22 September 1984,334773
1096,Sèrge Aurier,113,6,Galatasaray,False,Right Full Back,Cote D’Ivoire,24 December 1992,356787
1097,Ola Aina,113,5,Nottingham Forest,True,Right Full Back,Nigeria,8 October 1996,342617
1098,Linvoy Primus,113,3,,False,Centre/Right Central Defender,England,14 September 1973,3330
1099,Diego Costa,112,53,,False,Striker,Spain,7 October 1988,327260
1100,John Spencer,112,36,,False,Forward,Scotland,11 September 1970,2033
1101,Paul Rideout,112,29,,False,Forward,England,14 August 1964,189
1102,Hassan Kachloul,112,16,,False,Midfielder,Morocco,19 February 1973,3445
1103,Jadon Sancho,112,12,Borussia Dortmund,False,Left/Right Winger,England,25 March 2000,741621
1104,Wes Hoolahan,112,12,Cambridge United,False,Left/Centre Central Midfielder,Ireland,20 May 1982,186991
1105,John Sheridan,112,7,Bolton Wanderers,False,Midfielder,Ireland,1 October 1964,1592
1106,Ricardo Pereira,112,7,Leicester City,False,Right Full Back,Portugal,6 October 1993,129749
1107,David Linighan,112,4,,False,Defender,England,9 January 1965,198
1108,David Jones,112,3,,False,Central Defender,England,4 November 1984,294164
1109,José Bosingwa,112,3,Trabzonspor,False,Right Wing Back,Portugal,24 August 1982,9368
1110,Kenny Tete,112,3,Lyon,False,Right Full Back,Netherlands,9 October 1995,314795
1111,Djimi Traore,112,0,,False,Left Full Back,Mali,1 March 1980,121145
1112,Rui Patrício,112,0,,False,Goalkeeper,Portugal,15 February 1988,363472
1113,Charlie Austin,111,34,Swindon Town,False,Centre Striker,England,5 July 1989,97353
1114,Carl Cort,111,28,Brentford,False,Forward,Guyana,1 November 1977,29520
1115,Fabio Borini,111,16,Salford City,False,Left/Centre/Right Second Striker,Italy,29 March 1991,756407
1116,Casemiro,111,15,,False,Centre Central Midfielder,Brazil,23 February 1992,323846
1117,Allan Saint-Maximin,111,12,Fenerbahçe,False,Left Winger,France,12 March 1997,361056
1118,Josh Brownhill,111,6,,False,Centre Central Midfielder,England,19 December 1995,180093
1119,Dickson Etuhu,111,4,Blackburn Rovers,False,Centre Defensive Midfielder,Nigeria,8 June 1982,9949
1120,Gary Ablett,111,4,Birmingham City,False,Defender,England,19 November 1965,41775
1121,Ryan Bennett,111,3,Cambridge United,False,Centre Central Defender,England,6 March 1990,335971
1122,Ainsley Maitland-Niles,111,2,Everton,True,Centre/Right Wing Back,England,29 August 1997,794512
1123,Tino Livramento,111,2,Newcastle United,True,Right Full Back,England,12 November 2002,344361
1124,Ali Al Habsi,111,0,West Bromwich Albion,False,Goalkeeper,Oman,30 December 1981,166127
1125,Richard Wright,111,0,Manchester City,False,Goalkeeper,England,5 November 1977,25111
1126,Luis Suárez,110,69,Inter Miami CF,False,Centre Striker,Uruguay,24 January 1987,354910
1127,Djibril Cissé,110,32,,False,Centre Striker,France,12 August 1981,9595
1128,Nigel Clough,110,20,,False,Midfielder,England,19 March 1966,1796
1129,Diomansy Kamara,110,17,,False,Forward,Senegal,8 November 1980,29893
1130,Lucas Paquetá,110,16,,False,Centre Attacking Midfielder,Brazil,27 August 1997,325037
1131,Saïd Benrahma,110,15,NEOM,False,Forward,Algeria,10 August 1995,740085
1132,Thomas Vermaelen,110,13,Vissel Kobe,False,Centre Central Defender,Belgium,14 November 1985,171637
1133,Jo Tessem,110,12,,False,Midfielder,Norway,28 February 1972,2186
1134,Romain Saïss,110,9,Al-Shabab,False,Centre Central Defender,Morocco,26 March 1990,355414
1135,Jan Paul van Hecke,110,4,Tottenham Hotspur,True,Central Defender,Netherlands,8 June 2000,785371
1136,Sandro,110,4,Harborough Town,False,Centre Defensive Midfielder,Brazil,15 March 1989,728705
1137,Martin Taylor,110,3,,False,Defender,England,9 November 1979,12848
1138,Andrew Taylor,110,0,Bolton Wanderers,False,Left Full Back,England,1 August 1986,46953
1139,Dominik Szoboszlai,109,16,Liverpool,True,Left/Centre/Right Attacking Midfielder,Hungary,25 October 2000,340932
1140,Rafael,109,5,Botafogo,False,Right Full Back,Brazil,9 July 1990,331828
1141,DeAndre Yedlin,109,2,Inter Miami CF,False,Right Full Back,United States,9 July 1993,312091
1142,Joseph O'Brien,109,2,West Ham United,False,Right Full Back,Ireland,17 February 1986,23566
1143,Dale Stephens,109,1,Burnley,False,Centre Central Midfielder,England,12 June 1989,256106
1144,Geraint Williams,109,1,,False,Defender,Wales,5 January 1962,195
1145,Manuel Almunia,109,0,Watford,False,Goalkeeper,Spain,19 May 1977,12484
1146,Gordon Watson,108,23,,False,Forward,England,20 March 1971,1055
1147,Gavin Peacock,108,17,,False,Midfielder,England,18 November 1967,2784
1148,Aliaksandr Hleb,108,8,BATE Borisov,False,Left/Centre/Right Attacking Midfielder,Belarus,1 May 1981,113848
1149,Mark Kinsella,108,5,,False,Midfielder,Ireland,12 August 1972,2808
1150,Christian Kabasele,108,4,Udinese,False,Central Defender,Belgium,24 February 1991,791899
1151,Barry Ferguson,108,3,Blackpool,False,Central Midfielder,Scotland,2 February 1978,9977
1152,Darren Williams,108,2,Gainsborough Trinity,False,Defender,England,28 April 1977,176673
1153,Arthur Masuaku,108,1,,False,Left Full Back,DR Congo,7 November 1993,740108
1154,Ryan Babel,107,17,Eyupspor,False,Left/Right Winger,Netherlands,19 December 1986,339060
1155,Kiernan Dewsbury-Hall,107,12,Everton,True,Central Midfielder,England,6 September 1998,739761
1156,Pape Matar Sarr,107,8,Juventus,False,Midfielder,Senegal,14 September 2002,794554
1157,Jonny,107,6,Alavés,False,Right Full Back,Spain,3 March 1994,739054
1158,Michael Thomas,107,6,Liverpool,False,Midfielder,England,24 August 1967,253
1159,Mike Milligan,107,5,,False,Midfielder,England,20 February 1967,1021
1160,Ian Holloway,107,4,Plymouth Argyle,False,Midfielder,England,12 March 1963,353148
1161,Carl Tiler,107,3,,False,Defender,England,11 February 1970,1840
1162,Rico Henry,107,3,Brentford,True,Left Full Back,Jamaica,8 July 1997,36581
1163,Davy Pröpper,107,2,,False,Centre Central Midfielder,Netherlands,2 September 1991,114730
1164,Kiko Femenía,107,2,Getafe,False,Right Full Back,Spain,2 February 1991,793938
1165,Roger Johnson,107,2,Charlton Athletic,False,Centre Central Defender,England,28 April 1983,14450
1166,Craig Forrest,107,0,,False,Goalkeeper,Canada,20 September 1967,1759
1167,Illan Meslier,107,0,Arsenal,True,Goalkeeper,France,2 March 2000,785902
1168,Hamilton Ricard,106,31,,False,Forward,Colombia,12 January 1974,1942
1169,Sylvain Wiltord,106,31,Marseille,False,Forward,France,10 May 1974,174170
1170,Kevin Schade,106,24,Brentford,True,Left/Right Winger,Germany,27 November 2001,340456
1171,Roberto Pereyra,106,16,AEK Athens,False,Central Midfielder,Argentina,7 January 1991,741081
1172,Matej Vydra,106,11,Viktoria Plzen,False,Forward,Czech Republic,1 May 1992,337217
1173,Gerry Taggart,106,9,Stoke City,False,Defender,Northern Ireland,18 October 1970,353326
1174,Richard Hall,106,9,,False,Defender,England,14 March 1972,1504
1175,Ian Crook,106,3,,False,Midfielder,England,18 January 1963,367
1176,Callum Davidson,106,2,Preston North End,False,Defender,Scotland,25 June 1976,30078
1177,Daniel Amartey,106,2,,False,Centre Central Defender,Ghana,21 December 1994,342774
1178,Toti Gomes,106,2,Wolverhampton Wanderers,False,Centre Central Defender,Portugal,16 January 1999,300707
1179,Vurnon Anita,106,2,RKC Waalwijk,False,Centre Defensive Midfielder,Curacao,4 April 1989,256907
1180,Rodrigo,105,27,,False,Centre Striker,Spain,6 March 1991,194758
1181,Andrey Arshavin,105,23,Zenit St Petersburg,False,Left/Centre/Right Attacking Midfielder,Russia,29 May 1981,7906
1182,Michael Ballack,105,17,,False,Centre Central Midfielder,Germany,26 September 1976,126372
1183,Alan Thompson,105,14,Celtic,False,Midfielder,England,22 December 1973,278335
1184,Lee Chung-Yong,105,8,Ulsan Hyundai,False,Midfielder,South Korea,2 July 1988,267759
1185,Ray Houghton,105,8,,False,Midfielder,Ireland,6 January 1962,937
1186,Claudio Reyna,105,7,,False,Midfielder,United States,20 July 1973,3288
1187,David Wheater,105,7,Oldham Athletic,False,Centre Central Defender,England,14 February 1987,161184
1188,Anderson,105,5,,False,Left/Centre Central Midfielder,Brazil,13 April 1988,172570
1189,Scott Minto,105,4,Rotherham United,False,Defender,England,6 August 1971,353269
1190,Valon Behrami,105,4,Genoa,False,Centre Defensive Midfielder,Switzerland,19 April 1985,281277
1191,Shaun Teale,105,2,Tranmere Rovers,False,Defender,England,10 March 1964,42057
1192,Francis Coquelin,105,0,Nantes,False,Defensive Midfielder,France,13 May 1991,735864
1193,Alexander Isak,104,60,Liverpool,True,Centre Striker,Sweden,21 September 1999,741642
1194,Tammy Abraham,104,28,Aston Villa,True,Centre Striker,England,2 October 1997,775774
1195,Chris Kiwomya,104,21,,False,Forward,England,2 December 1969,896
1196,Dean Windass,104,17,,False,Forward,England,1 April 1969,4987
1197,Jonny Howson,104,8,Middlesbrough,False,Midfielder,England,21 May 1988,740197
1198,Jesper Grønkjaer,104,7,FC København,False,Left/Right Winger,Denmark,12 August 1977,98936
1199,Danny Drinkwater,104,4,Reading,False,Midfielder,England,5 March 1990,291459
1200,Kieran Tierney,104,4,Celtic,False,Left Full Back,Scotland,5 June 1997,17423
1201,Milos Kerkez,104,4,Liverpool,True,Left Full Back,Hungary,7 November 2003,737233
1202,Tariq Lamptey,104,3,Queens Park Rangers,False,Defender,Ghana,30 September 2000,786086
1203,John Oster,104,2,Gateshead,False,Midfielder,Wales,8 December 1978,10935
1204,Mike Whitlow,104,2,,False,Defender,England,13 January 1968,1589
1205,Ulises de la Cruz,104,2,,False,Defender,Ecuador,8 February 1974,4286
1206,Nigel de Jong,104,1,Galatasaray,False,Defensive Midfielder,Netherlands,30 November 1984,141936
1207,Bryan Gunn,104,0,Norwich City,False,Goalkeeper,Scotland,22 December 1963,356
1208,Tony Coton,104,0,,False,Goalkeeper,England,19 May 1961,1467
1209,Luis Díaz,103,29,FC Bayern München,False,Left/Right Winger,Colombia,13 January 1997,739477
1210,Uwe Rösler,103,29,,False,Forward,Germany,15 November 1968,2494
1211,Marouane Chamakh,103,15,,False,Centre Striker,Morocco,10 January 1984,40569
1212,Neil Clement,103,7,,False,Left/Centre Central Defender,England,3 October 1978,3071
1213,Ryan Gravenberch,103,6,Liverpool,True,Centre Central Midfielder,Netherlands,16 May 2002,346846
1214,Danny Guthrie,103,4,Walsall,False,Centre Central Midfielder,England,18 April 1987,161327
1215,David Meyler,103,4,Coventry City,False,Centre Central Midfielder,Ireland,29 May 1989,154751
1216,Andy Myers,103,2,,False,Defender,England,3 November 1973,2070
1217,Marcus Hall,103,1,,False,Left Full Back,England,24 March 1976,29995
1218,Patrick Bamford,102,24,Sheffield United,False,Forward,England,5 September 1993,761778
1219,André Ayew,102,21,Le Havre,False,Forward,Ghana,17 December 1989,353926
1220,Alex Rae,102,12,MK Dons,False,Midfielder,Scotland,30 September 1969,29972
1221,Adam Armstrong,102,8,Wolverhampton Wanderers,False,Centre Striker,England,10 February 1997,776268
1222,Georgi Kinkladze,102,7,,False,Midfielder,Georgia,6 July 1973,2114
1223,Shkodran Mustafi,102,7,Levante,False,Centre Central Defender,Germany,17 April 1992,289743
1224,Gary Caldwell,102,6,Wigan Athletic,False,Centre Central Defender,Scotland,12 April 1982,5510
1225,Zanka,102,5,,False,Centre Central Defender,Denmark,23 April 1990,362873
1226,Michel Vorm,102,0,,False,Goalkeeper,Netherlands,20 October 1983,166315
1227,Craig Hignett,101,19,,False,Forward,England,12 January 1970,3266
1228,John Wark,101,13,Ipswich Town,False,Defender,Scotland,4 August 1957,196
1229,João Palhinha,101,12,Benfica,False,Centre Defensive Midfielder,Portugal,9 July 1995,793503
1230,George Boyd,101,9,Salford City,False,Winger,Scotland,2 October 1985,261659
1231,Bradley Johnson,101,6,MK Dons,False,Centre Central Midfielder,England,28 April 1987,343644
1232,Chris Coleman,101,6,,False,Defender,Wales,10 June 1970,1119
1233,Stefan Schwarz,101,5,,False,Midfielder,Sweden,18 April 1969,2207
1234,Alexander Tettey,101,4,Norwich City,False,Centre Defensive Midfielder,Norway,4 April 1986,6363
1235,Andy Johnson,101,2,Leicester City,False,Midfielder,Wales,2 May 1974,3084
1236,Oliver Skipp,101,1,Charlton Athletic,False,Midfielder,England,16 September 2000,794531
1237,David White,100,26,Sheffield United,False,Midfielder,England,30 October 1967,42015
1238,Marc Overmars,100,25,Barcelona,False,Midfielder,Netherlands,29 March 1973,127268
1239,Odsonne Édouard,100,18,Lens,False,Centre Striker,France,16 January 1998,751850
1240,Oliver McBurnie,100,13,Hull City,True,Centre Striker,Scotland,4 June 1996,739776
1241,Armando Broja,100,9,Burnley,False,Striker,Albania,10 September 2001,739994
1242,Gianluca Festa,100,8,,False,Defender,Italy,15 March 1969,1430
1243,John Robinson,100,6,Gillingham,False,Midfielder,Wales,29 August 1971,352995
1244,Andy Pearce,100,4,,False,Defender,England,20 April 1966,1318
1245,Jannik Vestergaard,100,4,,False,Centre Central Defender,Denmark,3 August 1992,287385
1246,Dara O'Shea,100,3,Ipswich Town,True,Centre Central Defender,Ireland,4 March 1999,363354
1247,Igor Stimac,100,3,,False,Defender,Croatia,6 September 1967,2255
1248,André Gomes,100,2,Lille,False,Centre Central Defender,Portugal,30 July 1993,365036
1249,Andy Melville,100,2,Nottingham Forest,False,Defender,Wales,29 November 1968,353124
1250,Salif Diao,100,2,Stoke City,False,Centre Defensive Midfielder,Senegal,10 February 1977,5095
1251,Magnus Hedman,100,0,,False,Goalkeeper,Sweden,19 March 1973,4166
1252,Demba Ba,99,43,,False,Forward,Senegal,25 May 1985,279905
1253,Paul Kitson,99,28,,False,Forward,England,9 January 1971,1508
1254,Beto,99,20,,False,Centre Striker,Guinea-Bissau,31 January 1998,346391
1255,Brett Ormerod,99,12,,False,Forward,England,18 October 1976,13618
1256,David N'Gog,99,12,Swansea City,False,Centre Striker,France,1 April 1989,9354
1257,Robbie Blake,99,11,Bolton Wanderers,False,Left/Centre/Right Attacking Midfielder,England,4 March 1976,5678
1258,Lys Mousset,99,9,Nîmes,False,Centre Striker,France,8 February 1996,338506
1259,Richard Jobson,99,8,,False,Defender,England,9 May 1963,2543
1260,Anders Limpar,99,7,,False,Midfielder,Sweden,24 September 1965,42092
1261,Richard Rufus,99,6,,False,Defender,England,12 January 1975,1846
1262,Harvey Elliott,99,5,Liverpool U19,False,Left/Centre/Right Attacking Midfielder,England,4 April 2003,741620
1263,Jimmy Phillips,99,3,Bolton Wanderers,False,Midfielder,England,8 February 1966,1148
1264,Craig Fleming,99,1,,False,Defender,England,6 October 1971,3662
1265,Javier Mascherano,99,1,Barcelona,False,Centre Central Defender,Argentina,8 June 1984,6895
1266,Johan Djourou,99,1,Hamburger SV,False,Centre Central Defender,Switzerland,18 January 1987,119807
1267,Yehor Yarmoliuk,99,1,Brentford,True,Centre Attacking Midfielder,Ukraine,1 March 2004,333368
1268,Bart Verbruggen,99,0,Brighton & Hove Albion,True,Goalkeeper,Netherlands,18 August 2002,340943
1269,Lee Chapman,98,23,,False,,England,5 December 1959,26053
1270,Christian Pulisic,98,20,Milan,False,Left/Centre/Right Attacking Midfielder,United States,18 September 1998,342046
1271,Scott Sellars,98,9,Bolton Wanderers,False,Midfielder,England,27 November 1965,1149
1272,João Cancelo,98,5,Barcelona,False,Right Full Back,Portugal,27 May 1994,793315
1273,Çaglar Söyüncü,98,4,Fenerbahçe,False,Central Defender,Turkiye,23 May 1996,359616
1274,Calvin Bassey,98,3,Fulham,True,Left Full Back,Nigeria,31 December 1999,343384
1275,Carl Bradshaw,98,3,,False,Midfielder,England,10 February 1968,1019
1276,Gary Charles,98,3,,False,Defender,England,13 April 1970,2256
1277,Gaël Givet,98,3,Blackburn Rovers,False,Left/Centre Central Defender,France,9 October 1981,5279
1278,Rob Holding,98,2,Sheffield United,False,Central Defender,England,20 September 1995,735503
1279,Chris Basham,98,1,,False,Centre Central Defender,England,20 July 1988,15123
1280,John Jensen,98,1,Brøndby IF,False,Midfielder,Denmark,3 May 1965,145641
1281,Nampalys Mendy,98,1,Watford,False,Midfielder,Senegal,23 June 1992,740901
1282,Matt Jansen,97,19,,False,Forward,England,20 October 1977,3836
1283,Mustapha Hadji,97,14,Espanyol,False,Midfielder,Morocco,16 November 1971,127422
1284,Allan Nielsen,97,12,,False,Midfielder,Denmark,13 March 1971,1499
1285,Murillo,97,3,Nottingham Forest,True,Left/Centre Central Defender,Brazil,4 July 2002,346775
1286,Malo Gusto,97,2,Chelsea,False,Right Full Back,France,19 May 2003,338125
1287,Oliver Norwood,97,2,Stockport County,False,Midfielder,Northern Ireland,12 April 1991,363274
1288,Paul McShane,97,2,Rochdale,False,Defender,Ireland,6 January 1986,288664
1289,Tim Ream,97,2,,False,Left/Centre Central Defender,United States,5 October 1987,19300
1290,Armand Traore,97,1,Cardiff City,False,Left Full Back,Senegal,8 October 1989,94346
1291,Ronnie Wallwork,97,1,,False,Defender,England,10 September 1977,3075
1292,Heidar Helguson,96,28,Watford,False,Forward,Iceland,22 August 1977,97506
1293,Leonardo Ulloa,96,19,Rayo Vallecano,False,Centre Striker,Argentina,26 July 1986,168961
1294,Ademola Lookman,96,11,Atlético de Madrid,False,Winger,Nigeria,20 October 1997,785485
1295,Aaron Mooy,96,9,Celtic,False,Centre Central Midfielder,Australia,15 September 1990,320028
1296,Philippe Albert,96,8,,False,Defender,Belgium,10 August 1967,1010
1297,Gordon Strachan,96,7,,False,Midfielder,Scotland,9 February 1957,925
1298,Denilson,96,6,São Paulo,False,Centre Central Midfielder,Brazil,16 February 1988,115279
1299,Jason Koumas,96,6,Tranmere Rovers,False,Centre Central Midfielder,Wales,25 September 1979,12447
1300,Leandro Bacuna,96,6,Watford,False,Midfielder,Curacao,21 August 1991,335372
1301,Mick Stockwell,96,5,,False,Midfielder,England,14 February 1965,208
1302,Olivier Dacourt,96,5,,False,Midfielder,France,25 September 1974,100438
1303,Vinny Samways,96,5,,False,Midfielder,England,27 October 1968,946
1304,Chris Richards,96,3,Crystal Palace,True,Centre Central Defender,United States,28 March 2000,320542
1305,Nigel Quashie,96,3,Queens Park Rangers,False,Midfielder,Scotland,20 July 1978,41994
1306,Sasa Lukic,96,2,Ipswich Town,True,Central Midfielder,Serbia,13 August 1996,791922
1307,John Polston,96,1,,False,Defender,England,10 June 1968,357
1308,Phil Whelan,96,1,,False,Defender,England,7 August 1972,1227
1309,Christophe Berra,96,0,Ipswich Town,False,Left/Centre Central Defender,Scotland,31 January 1985,11146
1310,Gary Walsh,96,0,,False,Goalkeeper,England,21 March 1968,4042
1311,Darwin Núñez,95,25,,False,Centre Striker,Uruguay,24 June 1999,312801
1312,Collins John,95,20,,False,Forward,Netherlands,17 October 1985,175292
1313,Noni Madueke,95,16,Arsenal,True,Right Winger,England,10 March 2002,738680
1314,David Nugent,95,14,Tranmere Rovers,False,Centre Striker,England,2 May 1985,268649
1315,Damien Francis,95,11,,False,Midfielder,Jamaica,27 February 1979,4390
1316,Stefano Eranio,95,7,,False,Midfielder,Italy,29 December 1966,1647
1317,Dean Marney,95,4,Fleetwood Town,False,Centre Central Midfielder,England,31 January 1984,134422
1318,Mido,94,22,,False,Centre Striker,Egypt,23 February 1983,126259
1319,Taiwo Awoniyi,94,21,Coventry City,True,Centre Striker,Nigeria,12 August 1997,792794
1320,Hal Robson-Kanu,94,14,West Bromwich Albion,False,Left/Centre/Right Second Striker,Wales,21 May 1989,35863
1321,Gastón Ramírez,94,9,Monza,False,Midfielder,Uruguay,2 December 1990,299750
1322,Andy King,94,8,Bristol City,False,Centre Central Midfielder,Wales,29 October 1988,277791
1323,Jérémie Aliadière,94,8,Middlesbrough,False,Forward,France,30 March 1983,4698
1324,Ricardo Vaz Tê,94,8,,False,Left/Centre/Right Second Striker,Portugal,1 October 1986,20638
1325,Darron Gibson,94,5,Salford City,False,Centre Central Midfielder,Ireland,25 October 1987,271271
1326,Mike Marsh,94,5,Southend United,False,Midfielder,England,21 July 1969,42027
1327,Harry Arter,94,3,Nottingham Forest,False,Midfielder,Ireland,28 December 1989,348195
1328,John Collins,94,3,,False,Midfielder,Scotland,31 January 1968,2677
1329,Mads Roerslev,94,2,Southampton,False,Defender,Denmark,24 June 1999,794844
1330,Tom Carroll,94,2,Reading,False,Midfielder,England,28 May 1992,736305
1331,Wesley Fofana,94,1,Chelsea,True,Centre Central Defender,France,17 December 2000,325335
1332,John Pantsil,94,0,,False,Defender,Ghana,15 June 1981,178443
1333,Roy Carroll,94,0,Notts County,False,Goalkeeper,Northern Ireland,30 September 1977,14928
1334,Danny Dichio,93,19,Millwall,False,Forward,England,19 October 1974,353106
1335,James Scowcroft,93,14,,False,Forward,England,15 November 1975,98169
1336,Danny Cadamarteri,93,13,Carlisle United,False,Striker,England,12 October 1979,10436
1337,Graham Fenton,93,13,,False,Forward,England,22 May 1974,1688
1338,Daniel Podence,93,12,Olympiakos,False,Left Winger,Portugal,21 October 1995,263914
1339,Jamie O'Hara,93,9,Billericay Town,False,Centre Central Midfielder,England,25 September 1986,155657
1340,Phil Stamp,93,6,,False,Midfielder,England,12 December 1975,345
1341,Luke Ayling,93,4,Middlesbrough,False,Right Full Back,England,25 August 1991,359145
1342,Carl Jenkinson,93,3,Bromley,False,Right Full Back,England,8 February 1992,728600
1343,Mark Kennedy,93,2,Ipswich Town,False,Defender,Ireland,15 May 1976,27849
1344,Sam Ricketts,93,1,Coventry City,False,Left/Right Full Back,Wales,11 October 1981,19042
1345,Steve Palmer,93,1,Queens Park Rangers,False,Defender,England,31 March 1968,353217
1346,Allan Nyom,93,0,Getafe,False,Right Full Back,Cameroon,10 May 1988,310090
1347,Andreas Christensen,93,0,Barcelona,False,Centre Central Defender,Denmark,10 April 1996,315360
1348,Guglielmo Vicario,93,0,Juventus,False,Goalkeeper,Italy,7 October 1996,793596
1349,Julian Speroni,93,0,Crystal Palace,False,Goalkeeper,Argentina,18 May 1979,21225
1350,Max Aarons,93,0,Rangers,False,Defender,England,4 January 2000,740861
1351,Thomas Myhre,93,0,,False,Goalkeeper,Norway,16 October 1973,3838
1352,Obafemi Martins,92,28,,False,Centre Striker,Nigeria,28 October 1984,154132
1353,Mark Robins,92,25,,False,Forward,England,22 December 1969,985
1354,Nathan Blake,92,23,,False,Forward,Wales,27 January 1972,3409
1355,Mike Sheron,92,18,Stoke City,False,Forward,England,11 January 1972,42042
1356,Joseph-Desire Job,92,16,,False,Forward,Cameroon,1 December 1977,2479
1357,Christian Ziege,92,14,,False,Defender,Germany,1 February 1972,2766
1358,Neil Adams,92,12,,False,Midfielder,England,23 November 1965,756
1359,Darren Ambrose,92,11,Colchester United,False,Centre/Right Central Midfielder,England,29 February 1984,19031
1360,Sean Flynn,92,8,Stoke City,False,Midfielder,England,13 March 1968,42037
1361,Fabrice Fernandes,92,5,,False,Midfielder,France,29 October 1979,4076
1362,Ben Johnson,92,3,Stoke City,False,Left/Right Wing Back,England,24 January 2000,792947
1363,Carlos Baleba,92,3,Manchester United,True,Centre Defensive Midfielder,Cameroon,3 January 2004,793053
1364,Boubacar Kamara,92,2,Aston Villa,True,Centre Defensive Midfielder,France,23 November 1999,372086
1365,Kalvin Phillips,92,1,Sheffield United,False,Centre Defensive Midfielder,England,2 December 1995,785345
1366,Fabien Barthez,92,0,Marseille,False,Goalkeeper,France,28 June 1971,278804
1367,Michael Ricketts,91,21,,False,Forward,England,4 December 1978,98409
1368,Pedro Obiang,91,3,Monza,False,Centre Central Midfielder,Equatorial Guinea,27 March 1992,738878
1369,Steve Harkness,91,3,Liverpool,False,Defender,England,27 August 1971,244
1370,Mohamed Elneny,91,1,,False,Centre Defensive Midfielder,Egypt,11 July 1992,163773
1371,Savo Milosevic,90,29,Celta de Vigo,False,Forward,Serbia,2 September 1973,127332
1372,Leroy Sané,90,25,Galatasaray,False,Right Winger,Germany,11 January 1996,737763
1373,Justin Kluivert,90,22,Bournemouth,True,Left/Right Winger,Netherlands,5 May 1999,340631
1374,Jimmy Bullard,90,15,Ipswich Town,False,Midfielder,England,23 October 1978,176855
1375,Steve Sedgley,90,13,Ipswich Town,False,Defender,England,26 May 1968,952
1376,Mile Jedinak,90,6,,False,Centre Central Midfielder,Australia,3 August 1984,32086
1377,Marc Rieper,90,5,,False,Defender,Denmark,5 June 1968,1063
1378,Daley Blind,90,4,Ajax,False,Defender,Netherlands,9 March 1990,793829
1379,Konstantinos Mavropanos,90,4,West Ham United,False,Centre Central Defender,Greece,11 December 1997,345765
1380,Alberto Moreno,90,3,Como,False,Left Full Back,Spain,5 July 1992,739156
1381,Joe Parkinson,90,3,,False,Midfielder,England,11 June 1971,694
1382,Anthony Barness,90,0,Lewes,False,Defender,England,25 February 1973,28003
1383,Morgan Rogers,89,24,Chelsea,True,Attacking Midfielder,England,26 July 2002,786118
1384,Mick Harford,89,19,,False,Forward,England,12 February 1959,1076
1385,Yoan Gouffran,89,11,,False,Left/Right Winger,France,25 May 1986,6353
1386,Jarrad Branthwaite,89,5,Blackburn Rovers,False,Defender,England,27 June 2002,367718
1387,Noé Pamarot,89,4,Hércules,False,Centre Central Defender,France,14 April 1979,101018
1388,Sven Botman,89,3,Newcastle United,True,Central Defender,Netherlands,12 January 2000,729220
1389,Javier Garrido,89,2,Las Palmas,False,Right Full Back,Spain,15 March 1985,106041
1390,Barry Venison,89,1,,False,Defender,England,16 August 1964,1269
1391,Matz Sels,89,0,Nottingham Forest,True,Goalkeeper,Belgium,26 February 1992,356625
1392,Clinton Morrison,88,15,Exeter City,False,Centre Striker,Ireland,14 May 1979,14643
1393,Shaun Maloney,88,15,Hull City,False,Left/Centre/Right Attacking Midfielder,Scotland,24 January 1983,19405
1394,David Platt,88,13,,False,Midfielder,England,10 June 1966,1105
1395,Jérémy Doku,88,11,Manchester City,True,Left/Right Winger,Belgium,27 May 2002,345865
1396,Horacio Carbonari,88,8,,False,Defender,Argentina,2 May 1973,1886
1397,Pedro Mendes,88,6,Sporting Lisbon,False,Centre Defensive Midfielder,Portugal,26 February 1979,99964
1398,Peter Whittingham,88,4,,False,Left/Centre Central Midfielder,England,8 September 1984,48281
1399,Nicolás Domínguez,88,3,Nottingham Forest,True,Centre Central Midfielder,Argentina,28 June 1998,347497
1400,Teemu Tainio,88,3,,False,Centre Defensive Midfielder,Finland,27 November 1979,18373
1401,Craig Gordon,88,0,Heart of Midlothian,False,Goalkeeper,Scotland,31 December 1982,324715
1402,Didier Zokora,88,0,Trabzonspor,False,Centre Central Midfielder,Cote D’Ivoire,14 December 1980,9689
1403,Michael Bridges,87,22,,False,Forward,England,5 August 1978,4989
1404,Mohammed Kudus,87,15,Tottenham Hotspur,True,Midfielder,Ghana,2 August 2000,738357
1405,Josko Gvardiol,87,12,Manchester City,True,Left/Centre Central Defender,Croatia,23 January 2002,343671
1406,Timo Werner,87,12,RB Leipzig,False,Centre Striker,Germany,6 March 1996,355268
1407,Steve Walsh,87,8,,False,Defender,England,3 November 1964,969
1408,Jayden Bogle,87,7,Leeds United,True,Right Full Back,England,27 July 2000,361345
1409,Tommy Smith,87,6,Brentford,False,Striker,England,22 May 1980,14325
1410,Trond Egil Soltvedt,87,5,Southampton,False,Midfielder,Norway,15 February 1967,182907
1411,Fábio Aurélio,87,3,Liverpool,False,Left Full Back,Brazil,24 September 1979,4203
1412,Gareth Hall,87,3,,False,Defender,Wales,20 March 1969,1472
1413,Lewis Hall,87,2,Newcastle United,True,Left Full Back,England,8 September 2004,359413
1414,Ian Brightwell,87,1,,False,Defender,England,9 April 1968,1875
1415,Paul Parker,87,1,,False,Defender,England,4 April 1964,1336
1416,Jack Butland,87,0,Hull City,True,Goalkeeper,England,10 March 1993,785462
1417,Roque Santa Cruz,86,26,Málaga,False,Centre Striker,Paraguay,16 August 1981,105449
1418,Jon Stead,86,14,Harrogate Town,False,Centre Striker,England,7 April 1983,167572
1419,Talal El Karkouri,86,8,,False,Defender,Morocco,8 July 1976,3509
1420,Adel Taarabt,86,7,Benfica,False,Centre Attacking Midfielder,Morocco,24 May 1989,25594
1421,Alex,86,7,Milan,False,Centre Central Defender,Brazil,17 June 1982,114973
1422,Yerry Mina,86,7,Cagliari,False,Centre Central Defender,Colombia,23 September 1994,737642
1423,Mark Davies,86,5,Bolton Wanderers,False,Centre Attacking Midfielder,England,18 February 1988,4908
1424,Scott Arfield,86,5,,False,Midfielder,Canada,1 November 1988,360799
1425,Barry Bannan,86,2,Millwall,False,Midfielder,Scotland,1 December 1989,775922
1426,Fitz Hall,86,2,Watford,False,Centre Central Defender,England,20 December 1980,12491
1427,Paul Beesley,86,2,Manchester City,False,Defender,England,21 July 1965,41897
1428,Paul Bracewell,86,1,,False,Midfielder,England,19 July 1962,1477
1429,Nils-Eric Johansson,86,0,,False,Defender,Sweden,13 January 1980,3247
1430,Ivan Toney,85,36,,False,Centre Striker,England,16 March 1996,202655
1431,Bryan Roy,85,24,Hertha BSC,False,Forward,Netherlands,12 February 1970,784920
1432,Daniel Muñoz,85,8,Nottingham Forest,True,Right Full Back,Colombia,26 May 1996,794414
1433,Manuel Akanji,85,2,Internazionale,False,Central Defender,Switzerland,19 July 1995,786106
1434,Nyron Nosworthy,85,0,Dagenham and Redbridge,False,Centre Central Defender,Jamaica,11 October 1980,19100
1435,Sam Johnstone,85,0,Celtic,False,Goalkeeper,England,25 March 1993,794549
1436,Jan Åge Fjørtoft,84,25,,False,Forward,Norway,10 January 1967,1566
1437,Neil Redfearn,84,14,,False,Midfielder,England,20 June 1965,2073
1438,Hatem Ben Arfa,84,13,Lille,False,Left/Centre/Right Attacking Midfielder,France,7 March 1987,301328
1439,Mark Atkins,84,12,Wolverhampton Wanderers,False,Midfielder,England,14 September 1968,42090
1440,Crysencio Summerville,84,10,West Ham United,False,Left Winger,Netherlands,30 October 2001,362225
1441,Jeremy Goss,84,9,,False,Midfielder,Wales,11 May 1965,368
1442,Martin Laursen,84,8,,False,Defender,Denmark,26 July 1977,3462
1443,Keith Andrews,84,7,MK Dons,False,Central Midfielder,Ireland,13 September 1980,14849
1444,Naby Keïta,84,7,Ferencvárosi TC,False,Central Midfielder,Guinea,10 February 1995,774035
1445,Gary Doherty,84,6,,False,Centre Central Defender,Ireland,31 January 1980,12616
1446,Alex Scott,84,5,Bournemouth,True,Central Midfielder,England,21 August 2003,344583
1447,David Vaughan,84,5,Notts County,False,Centre Central Midfielder,Wales,18 February 1983,131176
1448,Pervis Estupiñán,84,4,Milan,False,Left Full Back,Ecuador,21 January 1998,738999
1449,Robbie Slater,84,4,,False,Midfielder,Australia,22 November 1964,1460
1450,Ray Wilkins,84,3,,False,Midfielder,England,14 September 1956,1083
1451,Steven Caldwell,84,3,Toronto FC,False,Centre Central Defender,Scotland,12 September 1980,120446
1452,Adlène Guédioura,84,2,,False,Centre Central Midfielder,Algeria,12 November 1985,304889
1453,Tyler Adams,84,2,Bournemouth,True,Defensive Midfielder,United States,14 February 1999,345193
1454,Emil Krafth,84,1,,False,Right Full Back,Sweden,2 August 1994,349514
1455,Abdoulaye Méité,84,0,,False,Defender,Cote D’Ivoire,6 October 1980,41593
1456,Mason Greenwood,83,22,Fenerbahçe,False,Right Winger,England,1 October 2001,793344
1457,Joe Ledley,83,6,Newport County,False,Centre Central Midfielder,Wales,23 January 1987,273167
1458,Jean-Ricner Bellegarde,83,5,Wolverhampton Wanderers,False,Centre Central Midfielder,Haiti,27 June 1998,346853
1459,Sandro Tonali,83,5,Tottenham Hotspur,True,Centre Defensive Midfielder,Italy,8 May 2000,785795
1460,Antolín Alcáraz,83,3,,False,Centre Central Defender,Paraguay,30 July 1982,106124
1461,George Baldock,83,2,,False,Right Full Back,Greece,9 March 1993,364205
1462,Justin Hoyte,83,2,Cincinnati,False,Right Full Back,,20 November 1984,144722
1463,Ian Culverhouse,83,1,,False,Defender,England,22 September 1964,363
1464,Shaun Newton,83,1,,False,Midfielder,England,20 August 1975,4033
1465,Wilfred Bouma,83,1,,False,Defender,Netherlands,15 June 1978,113498
1466,Sander Westerveld,83,0,,False,Goalkeeper,Netherlands,23 October 1974,3860
1467,Arouna Koné,82,17,Sivasspor,False,Centre Striker,,11 November 1983,171380
1468,Michael Olise,82,14,FC Bayern München,False,Centre Attacking Midfielder,France,12 December 2001,360352
1469,Mateusz Klich,82,5,D.C. United,False,Centre Central Midfielder,Poland,13 June 1990,336297
1470,Quinton Fortune,82,5,,False,Midfielder,South Africa,21 May 1977,98006
1471,Rob Newman,82,5,Norwich City,False,Defender,England,13 December 1963,365
1472,David Rennie,82,4,,False,Defender,Scotland,29 August 1964,118
1473,Kobbie Mainoo,82,4,Manchester United,True,Centre Central Midfielder,England,19 April 2005,328496
1474,Michel Vonk,82,4,Sheffield United,False,Defender,Netherlands,28 October 1968,42011
1475,Paul Allen,82,4,,False,Midfielder,England,28 August 1962,42164
1476,Gary Elkins,82,2,,False,Midfielder,England,4 May 1966,574
1477,Kevin Horlock,82,2,Ipswich Town,False,Midfielder,Northern Ireland,1 November 1972,353029
1478,Davide Santon,82,1,Roma,False,Left/Right Full Back,Italy,2 January 1991,131196
1479,Keith Rowland,82,1,,False,Defender,Northern Ireland,1 September 1971,826
1480,Luke Thomas,82,1,Middlesbrough,False,Left Full Back,England,10 June 2001,356341
1481,Steve Yates,82,1,,False,Defender,England,29 January 1970,764
1482,Aleksey Smertin,82,0,,False,Midfielder,Russia,1 May 1975,4194
1483,Tomás Repka,82,0,Sparta Prague,False,Centre/Right Central Defender,Czech Republic,2 January 1974,99913
1484,Vito Mannone,82,0,Crawley Town,False,Goalkeeper,Italy,2 March 1988,785349
1485,Marcus Stewart,81,26,Exeter City,False,Forward,England,8 November 1972,27403
1486,Massimo Maccarone,81,18,,False,Centre Striker,Italy,6 September 1979,121122
1487,Rodrigo Muniz,81,18,Fulham,False,Striker,Brazil,4 May 2001,323855
1488,Dave Kitson,81,15,Oxford United,False,Centre Striker,England,21 January 1980,11727
1489,Geoff Horsfield,81,12,Port Vale,False,Forward,England,1 November 1973,96834
1490,Darren Eadie,81,7,,False,Midfielder,England,10 June 1975,2135
1491,Andy Roberts,81,3,,False,Defender,England,20 March 1974,1769
1492,Danny Granville,81,3,,False,Defender,England,19 January 1975,3534
1493,Levi Colwill,81,3,Chelsea,False,Centre Central Defender,England,26 February 2003,323026
1494,Darren Moore,81,2,Burton Albion,False,Defender,Jamaica,22 April 1974,26764
1495,Sergio Reguilón,81,2,Atlético de Madrid,False,Left Full Back,Spain,16 December 1996,355776
1496,Billy Gilmour,81,0,Napoli,False,Defensive Midfielder,Scotland,11 June 2001,738059
1497,Derek Whyte,81,0,,False,Defender,Scotland,31 August 1968,340
1498,Oleg Luzhny,81,0,,False,Defender,Ukraine,5 August 1968,3384
1499,Grant Holt,80,24,Rochdale,False,Forward,England,12 April 1981,19956
1500,Nicolas Pepe,80,16,Villarreal,False,Right Winger,Cote D’Ivoire,29 May 1995,362398
1501,John Williams,80,11,,False,Forward,England,5 November 1968,132
1502,Marc-Antoine Fortuné,80,11,Chesterfield,False,Centre Striker,France,2 July 1981,139201
1503,Eddie McGoldrick,80,8,Manchester City,False,Midfielder,Ireland,30 April 1965,41912
1504,Alfie Mawson,80,6,,False,Centre Central Defender,England,19 January 1994,322917
1505,Grant Leadbitter,80,5,Middlesbrough,False,Centre Central Midfielder,England,7 January 1986,154814
1506,Christian Atsu,80,3,Newcastle United,False,Midfielder,Ghana,10 January 1992,270861
1507,Jairo Riedewald,80,2,Sheffield United,False,Defensive Midfielder,Netherlands,9 September 1996,756384
1508,Sead Kolasinac,80,2,Atalanta,False,Left Full Back,Bosnia & Herzegovina,20 June 1993,343543
1509,Fábio,80,1,,False,Left Wing Back,Brazil,9 July 1990,134143
1510,John Pemberton,80,0,,False,Midfielder,England,18 November 1964,706
1511,Tony Roberts,80,0,Dagenham and Redbridge,False,Goalkeeper,Wales,4 August 1969,27118
1512,Loïc Rémy,79,28,Adana Demirspor,False,Centre Striker,France,2 January 1987,306462
1513,Richard Holden,79,9,,False,Midfielder,England,9 September 1964,761
1514,Edu,79,7,Valencia CF,False,Midfielder,Brazil,15 May 1978,127970
1515,David Lee,79,5,,False,Defender,England,26 November 1969,102
1516,Mohamed Elyounoussi,79,5,FC København,False,Midfielder,Norway,4 August 1994,346437
1517,Emerson Royal,79,4,,False,Right Full Back,Brazil,14 January 1999,362760
1518,Jamie Pollock,79,3,,False,Midfielder,England,16 February 1974,1781
1519,Lisandro Martínez,79,3,Manchester United,True,Central Defender,Argentina,18 January 1998,318813
1520,André Ooijer,79,2,Ajax,False,Centre/Right Central Defender,Netherlands,11 July 1974,125727
1521,Grant Hanley,79,2,Hibernian,False,Defender,Scotland,20 November 1991,739764
1522,Ron Vlaar,79,2,AZ,False,Centre Central Defender,Netherlands,16 February 1985,23780
1523,Jaap Stam,79,1,,False,Defender,Netherlands,17 July 1972,110395
1524,Doriva,79,0,,False,Midfielder,Brazil,28 May 1972,3310
1525,Nathan Baker,79,0,,False,Centre Central Defender,England,23 April 1991,51322
1526,Ivan Klasnic,78,20,Bolton Wanderers,False,Centre Striker,Croatia,29 January 1980,5681
1527,John Fashanu,78,20,,False,Forward,England,18 September 1962,903
1528,Roman Pavlyuchenko,78,20,,False,Centre Striker,Russia,15 December 1981,5138
1529,Youri Djorkaeff,78,19,,False,Midfielder,France,9 March 1968,3752
1530,Geovanni,78,14,Hull City,False,Left/Centre/Right Attacking Midfielder,Brazil,11 January 1980,4972
1531,Henrikh Mkhitaryan,78,13,Internazionale,False,Left/Centre/Right Attacking Midfielder,Armenia,21 January 1989,314973
1532,Mikel Merino,78,12,Arsenal,True,Centre Central Midfielder,Spain,22 June 1996,363429
1533,Temuri Ketsbaia,78,8,,False,Midfielder,Georgia,18 March 1968,1715
1534,Jordon Mutch,78,7,Crawley Town,False,Midfielder,England,2 December 1991,339230
1535,Micky van de Ven,78,7,Tottenham Hotspur,True,Central Defender,Netherlands,19 April 2001,344362
1536,Nikola Milenkovic,78,5,Nottingham Forest,True,Centre Central Defender,Serbia,12 October 1997,361201
1537,Stephen Hughes,78,5,Coventry City,False,Midfielder,England,18 September 1976,352903
1538,Martín Demichelis,78,3,Málaga,False,Centre Central Defender,Argentina,20 December 1980,55574
1539,Stephen McPhail,78,3,Shamrock Rovers,False,Midfielder,Ireland,9 December 1979,112547
1540,Frank Onyeka,78,1,Coventry City,True,Central Midfielder,Nigeria,1 January 1998,785414
1541,Hugo Bueno,78,1,Feyenoord,False,Left Full Back,Spain,18 September 2002,362983
1542,Illia Zabarnyi,78,1,Paris Saint Germain,False,Central Defender,Ukraine,1 September 2002,740539
1543,Lee Briscoe,78,1,,False,Defender,England,30 September 1975,776
1544,Luis Garcia,77,18,Panathinaikos,False,Left Winger,Spain,24 June 1978,126073
1545,Michy Batshuayi,77,15,Eintracht Frankfurt,False,Centre Striker,Belgium,2 October 1993,735449
1546,Bertrand Traoré,77,12,,False,Left/Right Winger,Burkina Faso,6 September 1995,741616
1547,Giovani Lo Celso,77,3,Real Betis,False,Centre Attacking Midfielder,Argentina,9 April 1996,363849
1548,Sebastian Prödl,77,3,,False,Centre Central Defender,Austria,21 June 1987,281604
1549,John Egan,77,2,Hull City,True,Centre Central Defender,Ireland,20 October 1992,734553
1550,Pau Torres,77,2,Aston Villa,True,Central Defender,Spain,16 January 1997,341884
1551,Richard Stearman,77,1,Solihull Moors,False,Centre Central Defender,England,19 August 1987,350703
1552,Sebastien Schemmel,77,1,,False,Defender,France,2 June 1975,3325
1553,Stephen Jordan,77,0,Fleetwood Town,False,Left Full Back,England,6 March 1982,10889
1554,Ade Akinbiyi,76,11,Newport County,False,Forward,Nigeria,10 October 1974,28290
1555,Matt Derbyshire,76,10,Bradford City,False,Centre Striker,England,14 April 1986,336103
1556,Patson Daka,76,10,Leicester City,False,Centre Striker,Zambia,9 October 1998,277554
1557,Sylvan Ebanks-Blake,76,10,,False,Striker,England,29 March 1986,91124
1558,James Harper,76,9,Basingstoke Town,False,Midfielder,England,9 November 1980,16316
1559,Petter Rudi,76,7,,False,Midfielder,Norway,17 September 1973,1728
1560,Brenden Aaronson,76,5,1. FC Union Berlin,False,Centre Attacking Midfielder,United States,22 October 2000,342721
1561,Mateus Fernandes,76,5,Tottenham Hotspur,True,Central Midfielder,Portugal,10 July 2004,785463
1562,Neil Thompson,76,3,,False,Defender,England,2 October 1963,1779
1563,Destiny Udogie,76,2,Udinese,False,Right Full Back,Italy,28 November 2002,323826
1564,Slaven Bilic,76,2,,False,Defender,Croatia,11 September 1968,1652
1565,Marcos Rojo,76,1,Boca Juniors,False,Left/Centre Central Defender,Argentina,20 March 1990,295821
1566,Albert Ferrer,76,0,,False,Defender,Spain,6 June 1970,1867
1567,Boubakary Soumaré,76,0,Sevilla,False,Centre Central Midfielder,France,27 February 1999,346824
1568,Jørgen Strand Larsen,75,19,Crystal Palace,True,Striker,Norway,6 February 2000,776263
1569,Anthony Pilkington,75,14,Fleetwood Town,False,Left/Right Winger,Ireland,6 June 1988,281795
1570,Barry Hayles,75,13,Chesham United,False,Forward,Jamaica,17 May 1972,19002
1571,Roy Wegerle,75,13,,False,Forward,United States,19 March 1964,133
1572,Enner Valencia,75,11,Fenerbahçe,False,Striker,Ecuador,4 November 1989,256523
1573,Facundo Buonanotte,75,9,Chelsea,False,Centre Attacking Midfielder,Argentina,23 December 2004,774178
1574,Alan Smith,75,8,,False,Forward,England,21 November 1962,26
1575,Michael Kightly,75,7,Southend United,False,Left Winger,England,24 January 1986,50106
1576,Adnan Januzaj,75,5,Las Palmas,False,Left/Centre/Right Attacking Midfielder,Belgium,5 February 1995,361635
1577,David Rocastle,75,4,,False,Midfielder,England,2 May 1967,42142
1578,Dennis Rommedahl,75,4,RKC Waalwijk,False,Left/Right Winger,Denmark,22 July 1978,112352
1579,Stephen Froggatt,75,4,,False,Midfielder,England,9 March 1973,1878
1580,Abel Xavier,75,2,,False,Defender,Portugal,30 November 1972,4079
1581,Enda Stevens,75,2,Shamrock Rovers,False,Defender,Ireland,9 July 1990,764369
1582,Ryan Fredericks,75,2,,False,Right Wing Back,England,10 October 1992,314640
1583,Ian Maatsen,75,1,Aston Villa,True,Left Full Back,Netherlands,10 March 2002,359330
1584,Nigel Pearson,75,1,,False,Defender,England,21 August 1963,1224
1585,Alan Neilson,75,0,,False,Defender,Wales,26 September 1972,2791
1586,Édouard Mendy,75,0,,False,Goalkeeper,Senegal,1 March 1992,256071
1587,Mark Walters,74,11,Swindon Town,False,Midfielder,England,2 June 1964,42046
1588,Jaidon Anthony,74,10,Brentford,True,Left Winger,England,1 December 1999,785889
1589,Mathias Svensson,74,9,,False,Forward,Sweden,24 September 1974,3686
1590,Simon Adingra,74,9,Ajax,False,Left Winger,Cote D’Ivoire,1 January 2002,794607
1591,Liam Lawrence,74,7,Bristol Rovers,False,Left/Right Attacking Midfielder,Ireland,14 December 1981,18831
1592,Cameron Archer,74,6,,False,Forward,England,9 December 2001,362951
1593,Robert Ullathorne,74,5,,False,Defender,England,11 October 1971,1682
1594,Alan Kernaghan,74,3,Manchester City,False,Defender,Ireland,25 April 1967,712
1595,Kevin Foley,74,2,Billericay Town,False,Right Full Back,Ireland,1 November 1984,91143
1596,Maxence Lacroix,74,2,Chelsea,True,Central Defender,France,6 April 2000,786341
1597,Robbie Stockdale,74,2,Grimsby Town,False,Defender,Scotland,30 November 1979,27553
1598,Adam Wharton,74,1,Crystal Palace,True,Central Midfielder,England,6 February 2004,356624
1599,Christopher Schindler,74,1,1. FC Nürnberg,False,Centre Central Defender,Germany,29 April 1990,312524
1600,John Filan,74,0,,False,Goalkeeper,Australia,8 February 1970,4043
1601,Karl Darlow,74,0,Manchester United,True,Goalkeeper,Wales,8 October 1990,785953
1602,Mark Flekken,74,0,Bayer 04 Leverkusen,False,Goalkeeper,Netherlands,13 June 1993,737621
1603,Dalian Atkinson,73,22,Manchester City,False,Forward,England,21 March 1968,41926
1604,Teemu Pukki,73,22,HJK Helsinki,False,Forward,Finland,29 March 1990,735535
1605,Anwar El Ghazi,73,15,Cardiff City,False,Left/Right Winger,Netherlands,3 May 1995,362146
1606,Marc Vivien Foe,73,10,,False,Midfielder,Cameroon,1 May 1975,2968
1607,Chris Eagles,73,7,,False,Left/Right Winger,England,19 November 1985,161189
1608,Jack Collison,73,7,Peterborough United,False,Left/Centre/Right Central Midfielder,Wales,2 October 1988,19839
1609,Gavin Johnson,73,6,Bury Town,False,Midfielder,England,10 October 1970,95235
1610,Robert Molenaar,73,6,,False,Defender,Netherlands,27 February 1969,2529
1611,Bernard,73,5,,False,Midfielder,Brazil,8 September 1992,347003
1612,Pablo Hernández,73,5,,False,Left/Centre/Right Attacking Midfielder,Spain,11 April 1985,297575
1613,Ivar Ingimarsson,73,4,,False,Defender,Iceland,20 August 1977,178415
1614,Lesley Ugochukwu,73,4,Galatasaray,False,Defensive Midfielder,France,26 March 2004,786102
1615,Moussa Djenepo,73,3,,False,Forward,Mali,15 June 1998,136802
1616,Robin Koch,73,0,Eintracht Frankfurt,False,Central Defender,Germany,17 July 1996,360556
1617,Stuart Dallas,72,9,,False,Right Full Back,Northern Ireland,19 April 1991,19433
1618,Georginio Rutter,72,8,Brighton & Hove Albion,True,Centre Striker,France,20 April 2002,363094
1619,Anthony Knockaert,72,5,Valenciennes,False,Left/Centre/Right Attacking Midfielder,France,20 November 1991,347968
1620,Daryl Murphy,72,4,Bolton Wanderers,False,Centre Striker,Ireland,15 March 1983,166806
1621,Jamie Lawrence,72,4,,False,Midfielder,Jamaica,8 March 1970,2079
1622,Peter Fear,72,4,,False,Defender,England,10 September 1973,570
1623,Tommy Widdrington,72,3,Salisbury City,False,Midfielder,England,1 October 1971,28730
1624,Gabriel Obertan,72,2,BB Erzurumspor,False,Right Winger,France,26 February 1989,259102
1625,Igor Biscan,72,2,,False,Centre Central Defender,Croatia,4 May 1978,98909
1626,Paul Butler,72,2,Leeds United,False,Defender,Ireland,2 November 1972,353045
1627,Clint Hill,72,1,Carlisle United,False,Centre Central Defender,England,19 October 1978,55718
1628,Mitch Ward,72,1,,False,Midfielder,England,19 June 1971,1658
1629,André Onana,72,0,Trabzonspor,False,Goalkeeper,Cameroon,2 April 1996,751903
1630,Brian McAllister,72,0,,False,Defender,Scotland,30 November 1970,562
1631,Michael Oakes,72,0,,False,Goalkeeper,England,30 October 1973,3378
1632,Evanilson,71,16,Bournemouth,True,Centre Striker,Brazil,6 October 1999,362874
1633,Alun Armstrong,71,13,,False,Forward,England,22 February 1975,2395
1634,Jonathan de Guzmán,71,9,,False,Centre Central Midfielder,Netherlands,13 September 1987,129381
1635,Reiss Nelson,71,5,Feyenoord,False,Forward,England,10 December 1999,794651
1636,Eddie Youds,71,3,,False,Defender,England,3 May 1970,2026
1637,Laurent Charvet,71,3,,False,Defender,France,8 May 1973,2438
1638,Andy Thorn,71,2,,False,Forward,England,12 November 1966,1077
1639,Stuart McCall,71,2,Sheffield United,False,Midfielder,Scotland,10 June 1964,353300
1640,Tony Grant,71,2,Burnley,False,Midfielder,England,14 November 1974,352848
1641,Jonas Lössl,71,0,Brentford,False,Goalkeeper,Denmark,1 February 1989,299538
1642,Marvelous Nakamba,71,0,Sheffield Wednesday,False,Midfielder,Zimbabwe,19 January 1994,776425
1643,Mario Balotelli,70,21,Adana Demirspor,False,Centre Striker,Italy,12 August 1990,357837
1644,Iliman Ndiaye,70,15,Manchester City,True,Left/Right Winger,Senegal,6 March 2000,794466
1645,Liam Delap,70,14,Nottingham Forest,True,Centre Striker,England,8 February 2003,793191
1646,Mikkel Beck,70,12,,False,Forward,Denmark,12 May 1973,1894
1647,Amad Diallo,70,11,Rangers,False,Forward,Cote D’Ivoire,11 July 2002,328378
1648,Craig Fagan,70,5,Gillingham,False,Centre/Right Second Striker,England,11 December 1982,10973
1649,Rico Lewis,70,3,Manchester City,True,Right Full Back,England,21 November 2004,322362
1650,Santiago Bueno,70,3,Wolverhampton Wanderers,False,Centre Central Defender,Uruguay,9 November 1998,349565
1651,Sofiane Boufal,70,3,,False,Forward,Morocco,17 September 1993,365030
1652,Eric Bailly,70,1,Villarreal,False,Centre Central Defender,Cote D’Ivoire,12 April 1994,18272
1653,Chris Woods,70,0,,False,Goalkeeper,England,14 November 1959,1523
1654,Lee Young-Pyo,70,0,Vancouver Whitecaps FC,False,Left/Right Full Back,South Korea,23 April 1977,110519
1655,Olivier Tebily,70,0,,False,Defender,Cote D’Ivoire,19 December 1975,2829
1656,Fernando Llorente,69,17,Eibar,False,Centre Striker,Spain,26 February 1985,296173
1657,José Antonio Reyes,69,16,,False,Left/Right Winger,Spain,1 September 1983,153014
1658,Yasin Ayari,69,6,Blackburn Rovers,False,Midfielder,Sweden,6 October 2003,355287
1659,Wilson Odobert,69,4,Tottenham Hotspur,True,Left Winger,France,28 November 2004,362852
1660,Ryan Mason,69,3,,False,Centre Central Midfielder,England,13 June 1991,34878
1661,Bernard Mendy,69,2,Hull City,False,Right Winger,France,20 August 1981,4975
1662,Jozy Altidore,69,2,New England Revolution,False,Centre Striker,United States,6 November 1989,337664
1663,Mikele Leigertwood,69,2,Reading,False,Centre Defensive Midfielder,Antigua & Barbuda,12 November 1982,6404
1664,Álvaro Arbeloa,69,2,West Ham United,False,Right Full Back,Spain,17 January 1983,35596
1665,Guy Demel,69,1,West Ham United,False,Right Full Back,Cote D’Ivoire,13 June 1981,6527
1666,Jordan Stewart,69,1,,False,Full Back,England,3 March 1982,115071
1667,Steve McMahon,69,1,Swindon Town,False,Midfielder,England,20 August 1961,42048
1668,Adam Forshaw,69,0,Blackburn Rovers,False,Midfielder,England,8 October 1991,749756
1669,Scott Fitzgerald,69,0,,False,Defender,England,13 August 1969,569
1670,Nicolas Jackson,68,24,Aston Villa,True,Striker,Senegal,20 June 2001,793213
1671,Graziano Pellè,68,23,,False,Centre Striker,Italy,15 July 1985,284990
1672,Alen Boksic,68,22,,False,Forward,Croatia,21 January 1970,2477
1673,Álvaro Negredo,68,18,Real Valladolid,False,Striker,Spain,20 August 1985,357255
1674,André Schürrle,68,17,Fulham,False,Left Winger,Germany,6 November 1990,133707
1675,Evan Ferguson,68,13,Roma,False,Striker,Ireland,19 October 2004,738956
1676,Frédéric Piquionne,68,11,Doncaster Rovers,False,Forward,France,8 December 1978,176489
1677,Joselu,68,10,,False,Centre Striker,Spain,27 March 1990,101226
1678,Bryan Ruiz,68,8,Sporting Lisbon,False,Left Attacking Midfielder,Costa Rica,18 August 1985,24707
1679,Fábio Rochemback,68,5,,False,Midfielder,Brazil,10 December 1981,3928
1680,Wim Jonk,68,5,,False,Midfielder,Netherlands,12 October 1966,1983
1681,Mal Donaghy,68,3,,False,Defender,Northern Ireland,13 September 1957,96
1682,Kenny McLean,68,2,Norwich City,False,Centre Central Midfielder,Scotland,8 January 1992,143584
1683,Raphaël Varane,68,2,,False,Centre Central Defender,France,25 April 1993,287525
1684,Steve Morgan,68,2,,False,Defender,England,19 September 1968,686
1685,Takehiro Tomiyasu,68,2,Crystal Palace,True,Central Defender,Japan,5 November 1998,790975
1686,Thiago Alcântara,68,2,,False,Centre Central Midfielder,Spain,11 April 1991,255615
1687,André,68,1,Wolverhampton Wanderers,False,Centre Defensive Midfielder,Brazil,16 July 2001,363807
1688,Julien Faubert,68,1,Bordeaux,False,Right Full Back,Martinique,1 August 1983,8128
1689,Tyrone Mears,68,1,West Bromwich Albion,False,Right Full Back,Jamaica,18 February 1983,136335
1690,Keith Branagan,68,0,,False,Goalkeeper,Ireland,10 July 1966,2372
1691,Kostas Tsimikas,68,0,Roma,False,Left Full Back,Greece,12 May 1996,741657
1692,Mohammed Salisu,68,0,Monaco,False,Central Defender,Ghana,17 April 1999,343487
1693,Julián Alvarez,67,20,Atlético de Madrid,False,Centre Striker,Argentina,31 January 2000,362733
1694,Kevin Gallen,67,18,,False,Forward,England,21 September 1975,29445
1695,Odion Ighalo,67,16,Riyadh ST XI,False,Centre Striker,Nigeria,16 June 1989,336686
1696,Arjen Robben,67,15,FC Groningen,False,Right Winger,Netherlands,23 January 1984,185103
1697,Jack Hinshelwood,67,14,Brighton & Hove Albion,True,Centre Defensive Midfielder,England,11 April 2005,335797
1698,Glyn Hodges,67,6,,False,Midfielder,Wales,30 April 1963,2042
1699,Markus Babbel,67,6,,False,Defender,Germany,8 September 1972,3160
1700,Marc Pugh,67,5,,False,Left Winger,England,2 April 1987,261396
1701,Matt Holmes,67,5,,False,Midfielder,England,1 August 1969,1857
1702,Neil Heaney,67,5,Manchester City,False,Forward,England,11 August 1972,41924
1703,Didier Domi,67,3,Olympiakos,False,Left Full Back,France,2 May 1978,174352
1704,Jean Beausejour,67,3,Wigan Athletic,False,Left Winger,Chile,1 June 1984,6210
1705,Ben Gibson,67,2,Stoke City,False,Centre Central Defender,England,15 January 1993,359149
1706,Nigel Spackman,67,0,Sheffield United,False,Midfielder,England,2 December 1960,42017
1707,Paddy Kenny,67,0,,False,Goalkeeper,Ireland,17 May 1978,30850
1708,Yankuba Minteh,66,9,Brighton & Hove Albion,True,Left/Centre/Right Winger,Gambia,22 July 2004,359408
1709,Andrii Yarmolenko,66,8,Dynamo Kyiv,False,Left/Centre Second Striker,Ukraine,23 October 1989,8287
1710,Pablo Sarabia,66,8,,False,Left/Centre/Right Attacking Midfielder,Spain,11 May 1992,336549
1711,Raul Meireles,66,7,Fenerbahçe,False,Centre/Right Central Midfielder,Portugal,17 March 1983,24145
1712,James McAtee,66,6,Nottingham Forest,True,Centre/Right Attacking Midfielder,England,18 October 2002,740545
1713,Sam Clucas,66,6,Shrewsbury Town,False,Midfielder,England,25 September 1990,737542
1714,Danny Williamson,66,5,,False,Midfielder,England,5 December 1973,1663
1715,Paul Gascoigne,66,5,,False,Midfielder,England,27 May 1967,2366
1716,Junichi Inamoto,66,4,,False,Midfielder,Japan,18 September 1979,3742
1717,Jermaine Wright,66,3,Leeds United,False,Midfielder,England,21 October 1975,2926
1718,Orel Mangala,66,3,Getafe,False,Centre Central Midfielder,Belgium,18 March 1998,793949
1719,Liam Cooper,66,2,Sheffield Wednesday,False,Central Defender,Scotland,30 August 1991,762305
1720,Miguel Britos,66,2,,False,Left/Centre Central Defender,Uruguay,17 July 1985,20252
1721,Richard Cresswell,66,2,,False,Forward,England,20 September 1977,13658
1722,Jefferson Montero,66,1,Aucas,False,Left/Right Winger,Ecuador,1 September 1989,337148
1723,Sascha Riether,66,1,,False,Right Full Back,Germany,23 March 1983,24074
1724,Alan Kelly,66,0,,False,Goalkeeper,Ireland,11 August 1968,2576
1725,Bruce Grobbelaar,66,0,,False,Goalkeeper,Zimbabwe,6 October 1957,1795
1726,Caoimhín Kelleher,66,0,Brentford,True,Goalkeeper,Ireland,23 November 1998,737010
1727,Daichi Kamada,66,0,Crystal Palace,True,Centre Attacking Midfielder,Japan,5 August 1996,359409
1728,Míchel Salgado,66,0,Blackburn Rovers,False,Right Full Back,Spain,22 October 1975,5275
1729,Raphinha,65,17,Barcelona,False,Right Winger,Brazil,14 December 1996,317489
1730,Robert Earnshaw,65,13,Blackpool,False,Centre Striker,Wales,6 April 1981,9990
1731,Oumar Niasse,65,12,Morecambe,False,Centre Striker,Senegal,18 April 1990,339410
1732,John Hendrie,65,11,Barnsley,False,Forward,Scotland,24 October 1963,1567
1733,Leroy Lita,65,10,Yeovil Town,False,Centre Striker,England,28 December 1984,20481
1734,Paul Bernard,65,9,,False,Midfielder,Scotland,30 December 1972,414
1735,John Utaka,65,7,,False,Left/Right Second Striker,Nigeria,8 January 1982,124766
1736,John Fleck,65,5,Chesterfield,False,Centre Central Midfielder,Scotland,24 August 1991,728626
1737,Sasa Curcic,65,5,,False,Midfielder,Serbia,14 February 1972,1633
1738,Sylvinho,65,3,,False,Left Full Back,Brazil,12 April 1974,5401
1739,Wout Faes,65,2,Monaco,False,Defender,Belgium,3 April 1998,773772
1740,Youssef Chippo,65,2,,False,Midfielder,Morocco,10 May 1973,2101
1741,Ally Pickering,65,0,,False,Defender,England,22 June 1967,685
1742,Djordje Petrovic,65,0,Bournemouth,True,Goalkeeper,Serbia,8 October 1999,738606
1743,Fabrizio Ravanelli,64,25,,False,Forward,Italy,11 December 1968,2647
1744,Mick Quinn,64,25,,False,Forward,England,17 December 1969,137
1745,Francesco Baiano,64,16,,False,Forward,Italy,24 February 1968,1649
1746,Bafétimbi Gomis,64,13,Kawasaki Frontale,False,Forward,France,6 August 1985,344428
1747,Paul Furlong,64,13,Kettering Town,False,Forward,England,1 October 1968,27896
1748,Marlon King,64,12,,False,Forward,Jamaica,26 April 1980,13446
1749,Ramon Vega,64,7,,False,Defender,Switzerland,14 June 1971,1498
1750,Hakim Ziyech,64,6,,False,Centre Attacking Midfielder,Morocco,19 March 1993,359638
1751,Fernando,64,4,,False,Centre Defensive Midfielder,Brazil,25 July 1987,160452
1752,Dennis Praet,64,3,Mechelen,False,Midfielder,Belgium,14 May 1994,786074
1753,Axel Tuanzebe,64,1,Burnley,False,Right Full Back,DR Congo,14 November 1997,737382
1754,Ethan Ampadu,64,1,Leeds United,True,Centre Defensive Midfielder,Wales,14 September 2000,342387
1755,James Perch,64,1,Mansfield Town,False,Right Full Back,England,28 September 1985,189353
1756,Steve Redmond,64,1,Oldham Athletic,False,Defender,England,11 February 1967,405
1757,Jonathan Hogg,64,0,Huddersfield Town,False,Centre Central Midfielder,England,6 December 1988,11119
1758,Lloyd Kelly,64,0,Juventus,False,Central Defender,England,6 October 1998,737788
1759,Pontus Kaamark,64,0,AIK,False,Defender,Sweden,5 April 1969,784600
1760,Rafael van der Vaart,63,24,Real Betis,False,Left/Centre Attacking Midfielder,Netherlands,11 February 1983,106093
1761,Gary Penrice,63,17,,False,Forward,England,23 March 1964,447
1762,Jason Lee,63,12,Ilkeston Town,False,Forward,England,9 May 1971,96153
1763,Benik Afobe,63,10,,False,Centre Striker,DR Congo,12 February 1993,313922
1764,David McGoldrick,63,10,Barnsley,False,Forward,Ireland,29 November 1987,738294
1765,Diego Forlán,63,10,,False,Striker,Uruguay,19 May 1979,93238
1766,Felipe Anderson,63,10,Lazio,False,Left Winger,Brazil,15 April 1993,134889
1767,Stern John,63,10,,False,Forward,Trinidad & Tobago,30 October 1976,98136
1768,Tanguy Ndombélé,63,6,Nice,False,Midfielder,France,28 December 1996,361852
1769,André Bikey,63,4,Port Vale,False,Centre Central Defender,Cameroon,8 January 1985,43729
1770,Jurriën Timber,63,4,Arsenal,False,Central Defender,Netherlands,17 June 2001,358671
1771,Omari Hutchinson,63,4,Milan,False,Winger,England,30 October 2003,794428
1772,Lucas Torreira,63,3,Galatasaray,False,Centre Defensive Midfielder,Uruguay,11 February 1996,322737
1773,Pascal Cygan,63,3,Cartagena,False,Centre Central Defender,France,29 April 1974,101525
1774,Danny Maddix,63,1,,False,Defender,England,11 October 1967,425
1775,Ibrahima Diallo,63,0,Southampton,False,Central Midfielder,France,8 March 1999,258686
1776,Sepp van den Berg,63,0,Brentford,True,Centre Central Defender,Netherlands,20 December 2001,363182
1777,Tomasz Kuszczak,63,0,Birmingham City,False,Goalkeeper,Poland,20 March 1982,18638
1778,Willie Boland,63,0,Hartlepool United,False,Midfielder,Ireland,6 August 1975,95963
1779,Dean Ashton,62,22,,False,Centre Striker,England,24 November 1983,4038
1780,Diafra Sakho,62,18,Rennes,False,Centre Striker,Senegal,24 December 1989,129435
1781,Elano,62,14,Santos,False,Midfielder,Brazil,14 June 1981,108951
1782,Rasmus Højlund,62,14,Napoli,False,Striker,Denmark,4 February 2003,785538
1783,Stuart Barlow,62,10,Oldham Athletic,False,Forward,England,16 July 1968,762
1784,Jay Bothroyd,62,6,Queens Park Rangers,False,Centre Striker,England,7 May 1982,6111
1785,Antony,62,5,Real Betis,False,Right Winger,Brazil,24 February 2000,741656
1786,John Lundstram,62,5,,False,Midfielder,England,18 February 1994,739538
1787,Fábio Silva,62,4,Borussia Dortmund,False,Centre Striker,Portugal,19 July 2002,740938
1788,Gaizka Mendieta,62,4,,False,Midfielder,Spain,27 March 1974,3633
1789,Nenad Milijas,62,4,Crvena Zvezda,False,Midfielder,Serbia,30 April 1983,52526
1790,David Prutton,62,2,Coventry City,False,Centre Central Midfielder,England,12 September 1981,10587
1791,Roméo Lavia,62,2,Chelsea,True,Centre Defensive Midfielder,Belgium,6 January 2004,778174
1792,Ibrahima Sonko,62,1,Ipswich Town,False,Defender,Senegal,22 January 1981,176852
1793,Ronnie Stam,62,1,Standard Liège,False,Defender,Netherlands,18 June 1984,9290
1794,Zurab Khizanishvili,62,1,Keshla,False,Defender,Georgia,6 October 1981,122312
1795,Radhi Jaidi,61,8,Southampton,False,Defender,Tunisia,30 August 1975,28835
1796,Bontcho Guenchev,61,6,,False,Forward,Bulgaria,7 July 1964,213
1797,Julio Enciso,61,6,Ipswich Town,True,Centre Attacking Midfielder,Paraguay,23 January 2004,792793
1798,Paul Gallagher,61,6,Preston North End,False,Left/Centre/Right Attacking Midfielder,Scotland,9 August 1984,19911
1799,David Edwards,61,5,Shrewsbury Town,False,Centre Central Midfielder,Wales,3 February 1986,144970
1800,Axel Disasi,61,3,Crystal Palace,True,Centre Central Defender,France,11 March 1998,793176
1801,Gareth Farrelly,61,2,,False,Midfielder,Ireland,28 August 1975,2617
1802,Tahar El-Khalej,61,2,,False,Defender,Morocco,16 June 1968,3118
1803,Ben Osborn,61,1,Stockport County,False,Midfielder,England,5 August 1994,741798
1804,Carlos Sánchez,61,1,,False,Centre Central Midfielder,Colombia,6 February 1986,270920
1805,Chris Mepham,61,1,West Bromwich Albion,False,Centre Central Defender,Wales,5 November 1997,740887
1806,David Hillier,61,1,Portsmouth,False,Midfielder,England,19 December 1969,41977
1807,Habib Beye,61,1,Doncaster Rovers,False,Defender,Senegal,19 October 1977,176481
1808,Phil Gilchrist,61,1,,False,Defender,England,25 August 1973,98430
1809,Bobby Mimms,61,0,,False,Goalkeeper,England,12 October 1963,42123
1810,Herita Ilunga,61,0,Doncaster Rovers,False,Defender,DR Congo,25 February 1982,176480
1811,Jakub Moder,61,0,Feyenoord,False,Midfielder,Poland,7 April 1999,732287
1812,Joe Bennett,61,0,Oxford United,False,Defender,England,28 March 1990,354273
1813,Kevin Hitchcock,61,0,,False,Goalkeeper,England,5 October 1962,88
1814,Neto,61,0,,False,Goalkeeper,Brazil,19 July 1989,363759
1815,Sam Byram,61,0,Middlesbrough,False,Right Full Back,England,16 September 1993,793025
1816,Tim Iroegbunam,61,0,Hull City,True,Centre Central Midfielder,England,30 June 2003,794462
1817,Lukas Podolski,60,19,Antalyaspor,False,Left/Centre/Right Striker,Germany,4 June 1985,256266
1818,Tommy Johnson,60,13,Sheffield United,False,Forward,England,15 January 1971,353309
1819,Jon Goodman,60,11,,False,Forward,Ireland,2 June 1971,1074
1820,Karl-Heinz Riedle,60,11,,False,Forward,Germany,16 September 1965,1697
1821,Jamie Mackie,60,9,Oxford United,False,Left/Centre/Right Second Striker,Scotland,22 September 1985,133139
1822,Michael Chopra,60,9,Blackpool,False,Centre Striker,England,28 December 1983,9983
1823,Georgios Samaras,60,8,Real Zaragoza,False,Centre Striker,Greece,21 February 1985,104741
1824,William Osula,60,8,Newcastle United,True,Centre Striker,Denmark,4 August 2003,362575
1825,Steven Bergwijn,60,7,Al-Ittihad,False,Left/Right Winger,Netherlands,8 October 1997,386498
1826,Jacob Bruun Larsen,60,6,Burnley,False,Left Winger,Denmark,19 September 1998,738425
1827,Darren Barnard,60,4,,False,Defender,Wales,30 November 1971,1557
1828,Michael Svensson,60,4,,False,Defender,Sweden,25 November 1975,3017
1829,Fitzroy Simpson,60,3,Portsmouth,False,Midfielder,Jamaica,26 February 1970,41974
1830,James Chester,60,3,,False,Centre Central Defender,Wales,23 January 1989,361154
1831,Karl Ready,60,3,Queens Park Rangers,False,Defender,England,14 August 1972,426
1832,Bryan Oviedo,60,2,Real Salt Lake,False,Left Full Back,Costa Rica,18 February 1990,327530
1833,Ibrahim Sangaré,60,2,Nottingham Forest,True,Centre Central Midfielder,Cote D’Ivoire,2 December 1997,346852
1834,Stefan Schnoor,60,2,,False,Defender,Germany,18 April 1971,1883
1835,Steve Brown,60,2,Charlton Athletic,False,Defender,England,13 May 1972,1845
1836,Matteo Darmian,60,1,Internazionale,False,Left/Right Full Back,Italy,2 December 1989,279895
1837,Steve Morrow,60,1,Queens Park Rangers,False,Defender,Northern Ireland,2 July 1970,41983
1838,Aaron Hickey,60,0,Brentford,True,Left Full Back,Scotland,10 June 2002,336323
1839,Erik Thorstvedt,60,0,,False,Goalkeeper,Norway,28 October 1962,525
1840,Noussair Mazraoui,60,0,Manchester United,True,Right Full Back,Morocco,14 November 1997,362814
1841,Bradley Allen,59,20,,False,Forward,England,13 September 1971,445
1842,Serhiy Rebrov,59,10,West Ham United,False,Forward,Ukraine,3 June 1974,353389
1843,Lee McCulloch,59,9,Rangers,False,Defender,Scotland,14 May 1978,126100
1844,Steve Mounié,59,9,FC Augsburg,False,Centre Striker,Benin,29 September 1994,360870
1845,Diniyar Bilyaletdinov,59,8,Rubin Kazan,False,Left/Centre Attacking Midfielder,Russia,27 February 1985,24540
1846,Mario Stanic,59,7,Chelsea,False,Midfielder,Croatia,10 April 1972,2336
1847,Ivan Cavaleiro,59,6,Lille,False,Left Winger,Angola,18 October 1993,347329
1848,Ritchie Humphreys,59,4,Chesterfield,False,Left Winger,England,30 November 1977,10516
1849,Neil Pointon,59,3,,False,Defender,England,28 November 1964,403
1850,Andy Dawson,59,2,Scunthorpe United,False,Left Full Back,England,20 October 1978,11995
1851,Elliott Bennett,59,2,Shrewsbury Town,False,Right Winger,England,18 December 1988,281207
1852,Stefan Oakes,59,2,Tamworth,False,Midfielder,England,6 September 1978,29105
1853,Djed Spence,59,1,Internazionale,False,Right Full Back,England,9 August 2000,793350
1854,Edson Álvarez,59,1,West Ham United,False,Midfielder,Mexico,24 October 1997,740653
1855,Jamal Lewis,59,1,Preston North End,False,Defender,Northern Ireland,25 January 1998,759950
1856,Aliou Cisse,59,0,,False,Midfielder,Senegal,24 March 1976,3696
1857,Eliaquim Mangala,59,0,Valencia CF,False,Centre Central Defender,France,13 February 1991,162276
1858,Fernando Nélson,59,0,,False,Defender,Portugal,5 November 1971,1329
1859,Gianluca Vialli,58,21,,False,Forward,Italy,9 July 1964,1341
1860,Dougie Freedman,58,10,Southend United,False,Forward,Scotland,25 May 1974,97141
1861,Martin Allen,58,10,,False,Midfielder,England,18 August 1965,837
1862,Juan Sebastián Verón,58,8,Estudiantes La Plata,False,Centre Central Midfielder,Argentina,9 March 1975,141689
1863,Emre Belozoglu,58,5,Fenerbahçe,False,Left/Centre Central Midfielder,Turkiye,7 September 1980,99107
1864,Jake O'Brien,58,3,Everton,True,Centre Central Defender,Ireland,15 May 2001,667269
1865,Lewis Miley,58,3,Newcastle United U19,False,Midfielder,England,1 May 2006,348450
1866,Stephen Quinn,58,3,Mansfield Town,False,Centre Central Midfielder,Ireland,1 April 1986,281131
1867,George Elokobi,58,2,Maidstone United,False,Central Defender,Cameroon,31 January 1986,167651
1868,Keith Fahey,58,1,Birmingham City,False,Left/Centre Central Midfielder,Ireland,15 January 1983,5262
1869,Özalan Alpay,58,1,,False,Defender,Turkiye,29 May 1973,2303
1870,Aly Cissokho,58,0,,False,Left Full Back,France,15 September 1987,257169
1871,Cheick Doucouré,58,0,Crystal Palace,True,Centre Defensive Midfielder,Mali,8 January 2000,779945
1872,Frank Anguissa,58,0,Napoli,False,Central Midfielder,Cameroon,16 November 1995,318671
1873,Nabil Bentaleb,58,0,Lille,False,Centre Central Midfielder,Algeria,24 November 1994,347324
1874,Rigobert Song,58,0,,False,Defender,Cameroon,1 July 1976,2516
1875,Maxi Rodríguez,57,15,Liverpool,False,Left/Right Winger,Argentina,2 January 1981,5395
1876,Claus Thomsen,57,6,,False,Defender,Denmark,31 May 1970,1384
1877,Joshua Zirkzee,57,5,Manchester United,True,Centre Striker,Netherlands,22 May 2001,361068
1878,Alan Reeves,57,4,,False,Defender,England,19 November 1967,1071
1879,Micky Adams,57,4,,False,Defender,England,8 November 1961,500
1880,Robert Koren,57,3,,False,Midfielder,Slovenia,20 September 1980,124515
1881,Chico Flores,57,2,,False,Centre Central Defender,Spain,6 March 1987,168397
1882,Hamza Choudhury,57,1,Sheffield United,False,Midfielder,Bangladesh,1 October 1997,794420
1883,Muniesa,57,1,Girona,False,Centre Central Defender,Spain,27 March 1992,130573
1884,Wataru Endo,57,1,Liverpool,True,Centre Defensive Midfielder,Japan,9 February 1993,345140
1885,Mattéo Guendouzi,57,0,Fenerbahçe,False,Central Midfielder,France,14 April 1999,773625
1886,Nicky Weaver,57,0,Sheffield Wednesday,False,Goalkeeper,England,2 March 1979,28786
1887,Jürgen Klinsmann,56,29,,False,Forward,Germany,30 July 1964,1061
1888,Trevor Morley,56,13,,False,Forward,England,20 March 1961,842
1889,Trézéguet,56,8,,False,Left/Right Winger,Egypt,1 October 1994,315554
1890,Charly Alcaraz,56,6,Everton,True,Central Midfielder,Argentina,30 November 2002,737213
1891,Laurent Depoitre,56,6,KAA Gent,False,Centre Striker,Belgium,7 December 1988,25727
1892,Enes Ünal,56,5,Getafe,False,Centre Striker,Turkiye,10 May 1997,188032
1893,Paul Stewart,56,5,,False,Forward,England,7 October 1964,1491
1894,Carl Leaburn,56,4,Queens Park Rangers,False,Forward,England,30 March 1969,353242
1895,Eoin Jess,56,4,,False,Midfielder,Scotland,13 December 1970,2528
1896,Simon Rodger,56,4,Crystal Palace,False,Midfielder,England,3 October 1971,41908
1897,Marc Hottiger,56,2,,False,Defender,Switzerland,7 November 1967,1184
1898,Mathieu Debuchy,56,2,Valenciennes,False,Defender,France,28 July 1985,313506
1899,Nathan Patterson,56,0,,False,Right Full Back,Scotland,16 October 2001,338755
1900,Graeme Sharp,55,16,Oldham Athletic,False,Forward,Scotland,16 October 1960,415
1901,Jhon Durán,55,12,Benfica,False,Centre Striker,Colombia,13 December 2003,793508
1902,Steve Marlet,55,11,Marseille,False,Forward,France,10 January 1974,278857
1903,Cenk Tosun,55,10,,False,Centre Striker,Turkiye,7 June 1991,361060
1904,Kenny Miller,55,6,Cardiff City,False,Forward,Scotland,23 December 1979,176292
1905,Samuele Dalla Bona,55,6,,False,Centre Central Midfielder,Italy,6 February 1981,175295
1906,Julian Darby,55,5,,False,Defender,England,3 October 1967,684
1907,Kevin Moran,55,5,,False,Defender,Ireland,29 April 1956,68
1908,Alan Rogers,55,4,Nottingham Forest,False,Defender,England,3 January 1977,353121
1909,Albert Riera,55,4,Mallorca,False,Left Winger,Spain,15 April 1982,103670
1910,Kenedy,55,4,Real Valladolid,False,Left/Right Winger,Brazil,8 February 1996,325677
1911,Ramiro Funes Mori,55,4,River Plate,False,Central Defender,Argentina,5 March 1991,348086
1912,Daryl Sutch,55,3,,False,Defender,England,11 September 1971,358
1913,Jon Harley,55,3,Notts County,False,Defender,England,26 September 1979,178573
1914,Julian Gray,55,3,Walsall,False,Midfielder,England,21 September 1979,13582
1915,Archie Gray,55,2,Tottenham Hotspur,True,Central Midfielder,England,12 March 2006,359869
1916,John McGreal,55,2,Burnley,False,Defender,England,2 June 1972,352836
1917,Paul Stalteri,55,2,,False,Defender,Canada,18 October 1977,4617
1918,Shandon Baptiste,55,2,Luton Town,False,Central Midfielder,Grenada,8 April 1998,360330
1919,Stuart Slater,55,2,,False,Midfielder,England,27 March 1969,699
1920,Sávio,55,2,Tottenham Hotspur,True,Right Winger,Brazil,10 April 2004,793020
1921,Álex Moreno,55,2,Aston Villa,False,Left Full Back,Spain,8 June 1993,363133
1922,Adam Masina,55,1,Udinese,False,Left Full Back,Morocco,2 January 1994,319067
1923,Martin Albrechtsen,55,1,Brøndby IF,False,Centre Central Defender,Denmark,31 March 1980,119504
1924,Hendry Thomas,55,0,Wigan Athletic,False,Centre Defensive Midfielder,Honduras,23 February 1985,5514
1925,Joel Robles,55,0,Leeds United,False,Goalkeeper,Spain,17 June 1990,322448
1926,Leny Yoro,55,0,Manchester United,True,Centre Central Defender,France,13 November 2005,361302
1927,Maarten Stekelenburg,55,0,,False,Goalkeeper,Netherlands,22 September 1982,98488
1928,Nathaniel Chalobah,55,0,Charlton Athletic,False,Midfielder,England,12 December 1994,791805
1929,Nigel Spink,55,0,West Bromwich Albion,False,Goalkeeper,England,8 August 1958,42069
1930,Richard Edghill,55,0,Queens Park Rangers,False,Defender,England,23 September 1974,353224
1931,Nick Henry,54,6,,False,Midfielder,England,21 February 1969,411
1932,Juliano Belletti,54,5,,False,Right Full Back,Brazil,20 June 1976,4554
1933,Mykhailo Mudryk,54,5,Tottenham Hotspur,True,Left Winger,Ukraine,5 January 2001,794468
1934,David Sommeil,54,4,,False,Defender,France,10 August 1974,4321
1935,Mark Venus,54,4,,False,Defender,England,6 April 1967,2384
1936,Fabián Balbuena,54,3,West Ham United,False,Centre Central Defender,Paraguay,23 August 1991,277691
1937,Frank Yallop,54,3,,False,Defender,Canada,4 April 1964,193
1938,Kamil Zayatte,54,3,Sheffield Wednesday,False,Centre Central Defender,Guinea,7 March 1985,12054
1939,Vegard Heggem,54,3,,False,Defender,Norway,13 July 1975,1921
1940,Isaac Success,54,2,,False,Striker,Nigeria,7 January 1996,386493
1941,Sammy Ameobi,54,2,Middlesbrough,False,Centre Striker,England,1 May 1992,277648
1942,Andy Hill,54,1,Port Vale,False,Defender,England,20 January 1965,41967
1943,Graham Kavanagh,54,1,Carlisle United,False,Midfielder,Ireland,2 December 1973,26864
1944,Jack Robinson,54,1,,False,Defender,England,1 September 1993,741709
1945,Martin Djetou,54,1,,False,Defender,France,15 January 1974,4077
1946,Andrew Davies,54,0,,False,Centre Central Defender,England,17 December 1984,139313
1947,Costel Pantilimon,54,0,Nottingham Forest,False,Goalkeeper,Romania,1 February 1987,130683
1948,Gary Teale,54,0,Sheffield Wednesday,False,Midfielder,Scotland,21 July 1978,28803
1949,Peter Enckelman,54,0,Cardiff City,False,Goalkeeper,Finland,10 March 1977,95259
1950,Stuart Nethercott,54,0,,False,Defender,England,21 March 1973,534
1951,Paul Walsh,53,16,Portsmouth,False,Forward,England,1 October 1962,41980
1952,Bojan,53,14,Alavés,False,Left/Centre/Right Second Striker,Spain,28 August 1990,115678
1953,DJ Campbell,53,14,Millwall,False,Centre Striker,England,12 November 1981,11477
1954,Steve Morison,53,10,,False,Centre Striker,Wales,29 August 1983,167055
1955,Erik Nevland,53,9,,False,Centre Striker,Norway,10 November 1977,4629
1956,Carlos Vinícius,53,8,Galatasaray,False,Centre Striker,Brazil,25 March 1995,356788
1957,Joe Aribo,53,5,Leicester City,False,Midfielder,Nigeria,21 July 1996,776435
1958,Danny Sonner,53,3,,False,Midfielder,Northern Ireland,9 January 1972,1982
1959,David Hughes,53,3,,False,Midfielder,England,30 December 1972,786
1960,Mats Wieffer,53,3,Brighton & Hove Albion,True,Centre Defensive Midfielder,Netherlands,16 November 1999,360338
1961,Radoslav Kovác,53,3,Slovan Liberec,False,Midfielder,Czech Republic,27 November 1979,18101
1962,Ronald Zubar,53,3,,False,Centre Central Defender,Guadeloupe,20 September 1985,115049
1963,Javi García,53,2,Real Betis,False,Centre Defensive Midfielder,Spain,8 February 1987,55123
1964,Michael Kayode,53,2,Brentford,True,Right Full Back,Italy,10 July 2004,737207
1965,Paul Bosvelt,53,2,,False,Midfielder,Netherlands,26 March 1970,3285
1966,Lee Marshall,53,1,,False,Defender,England,21 January 1979,3068
1967,Nicky Marker,53,1,,False,Defender,England,3 May 1965,65
1968,Shaun Derry,53,1,,False,Midfielder,England,6 December 1977,11651
1969,David Marshall,53,0,Queens Park Rangers,False,Goalkeeper,Scotland,5 March 1985,300532
1970,John Humphrey,53,0,,False,Defender,England,31 January 1961,141
1971,Kelvin Davis,53,0,Southampton,False,Goalkeeper,England,29 September 1976,6424
1972,Michu,52,20,Real Oviedo,False,Centre Second Striker,Spain,21 March 1986,104701
1973,Shaun Goater,52,13,Reading,False,Forward,Bermuda,25 February 1970,353261
1974,Emmanuel Dennis,52,12,Blackburn Rovers,False,Forward,Nigeria,15 November 1997,735530
1975,Dane Whitehouse,52,10,,False,Midfielder,England,14 October 1970,466
1976,Joe-Max Moore,52,8,,False,Forward,United States,23 February 1971,2122
1977,Hameur Bouazza,52,7,Racing de Santander,False,Left/Right Winger,Algeria,22 February 1985,102833
1978,James Vaughan,52,7,Tranmere Rovers,False,Centre Striker,England,14 July 1988,189412
1979,Morgan Amalfitano,52,7,,False,Centre Central Midfielder,France,20 March 1985,129425
1980,Roberto Soldado,52,7,Levante,False,Centre Striker,Spain,27 May 1985,277460
1981,Bjarne Goldbæk,52,6,,False,Midfielder,Denmark,6 October 1968,2674
1982,Diego Gómez,52,6,Brighton & Hove Albion,True,Central Midfielder,Paraguay,27 March 2003,729475
1983,Paul Rogers,52,6,,False,Midfielder,England,21 March 1965,460
1984,Denny Landzaat,52,5,FC Twente,False,Midfielder,Netherlands,6 May 1976,113010
1985,Simon Milton,52,5,,False,Midfielder,England,23 August 1963,203
1986,David Bellion,52,4,Bordeaux,False,Centre Second Striker,France,27 November 1982,8146
1987,Chris Morris,52,3,,False,Midfielder,Ireland,24 December 1963,347
1988,Darren Carter,52,3,Northampton Town,False,Centre Central Midfielder,England,18 December 1983,11581
1989,Jakob Kjeldbjerg,52,2,,False,Midfielder,Denmark,21 October 1969,680
1990,Joe Rodon,52,2,Leeds United,True,Central Defender,Wales,22 October 1997,359914
1991,Bruno Martins Indi,52,1,AZ,False,Defender,Netherlands,8 February 1992,305212
1992,Gabriel Heinze,52,1,,False,Left/Centre Central Defender,Argentina,19 April 1978,111478
1993,Ian Snodin,52,1,Oldham Athletic,False,Midfielder,England,15 August 1963,41956
1994,Lucas Bergvall,52,1,Tottenham Hotspur,True,Central Midfielder,Sweden,2 February 2006,359179
1995,Allan,52,0,,False,Centre/Right Central Midfielder,Brazil,8 January 1991,211678
1996,Allan McGregor,52,0,Rangers,False,Goalkeeper,Scotland,31 January 1982,126093
1997,Chris Löwe,52,0,,False,Left Full Back,Germany,16 April 1989,171328
1998,Jordi Amat,52,0,Johor Darul Ta'zim,False,Defender,Indonesia,21 March 1992,331946
1999,Martín Montoya,52,0,Real Betis,False,Right Full Back,Spain,14 April 1991,194439
2000,Robert Elliot,52,0,Gateshead,False,Goalkeeper,Ireland,30 April 1986,328883
2001,Manolo Gabbiadini,51,10,Sampdoria,False,Centre Striker,Italy,26 November 1991,313317
2002,Willie Falconer,51,9,,False,Forward,Scotland,4 May 1966,867
2003,Luis Sinisterra,51,8,,False,Right Winger,Colombia,17 June 1999,359151
2004,Eric Young,51,6,,False,Defender,Wales,25 March 1960,144
2005,Rudy Gestede,51,6,Middlesbrough,False,Centre Striker,Benin,10 October 1988,42222
2006,Diego Llorente,51,4,Real Betis,False,Centre Central Defender,Spain,16 August 1993,360652
2007,Karim El Ahmadi,51,3,,False,Defensive Midfielder,Morocco,27 January 1985,325229
2008,Kyle Bartley,51,3,,False,Centre Central Defender,England,22 May 1991,132955
2009,Aron Gunnarsson,51,2,,False,Centre Defensive Midfielder,Iceland,22 April 1989,6606
2010,Danny Tiatto,51,2,Leicester City,False,Midfielder,Australia,22 May 1973,353069
2011,Saman Ghoddos,51,2,,False,Centre Striker,Iran,6 September 1993,346146
2012,Steven Defour,51,2,Mechelen,False,Centre Central Midfielder,Belgium,15 April 1988,261981
2013,Tyler Roberts,51,2,Mansfield Town,False,Forward,Wales,12 January 1999,741782
2014,Albert Sambi Lokonga,51,1,Sevilla,False,Centre Central Midfielder,Belgium,22 October 1999,361016
2015,Andy Gray,51,1,Bradford City,False,Centre Striker,Scotland,15 November 1977,10123
2016,Darren Purse,51,1,,False,Defender,England,14 February 1977,41101
2017,Ian Butterworth,51,1,,False,Defender,England,25 January 1964,364
2018,Manuel Ugarte,51,1,Manchester United,True,Centre Defensive Midfielder,Uruguay,11 April 2001,363815
2019,Modou Barrow,51,1,Reading,False,Right Winger,Gambia,13 October 1992,51696
2020,Mohamed Sissoko,51,1,Sochaux,False,Centre Defensive Midfielder,Mali,22 January 1985,186383
2021,Gaëtan Bong,51,0,,False,Left Full Back,Cameroon,25 April 1988,180097
2022,Goran Bunjevcevic,51,0,,False,Defender,Serbia,17 February 1973,2765
2023,Graeme Murty,51,0,Southampton,False,Defender,Scotland,13 November 1974,97104
2024,Peter Ramage,51,0,Leyton Orient,False,Centre Central Defender,England,22 November 1983,19464
2025,Tommy Doyle,51,0,Birmingham City,False,Central Midfielder,England,17 October 2001,737568
2026,Igor Thiago,50,22,Brentford,True,Striker,Brazil,26 June 2001,359175
2027,Mark Stein,50,21,,False,Forward,England,28 January 1966,42156
2028,Lyle Foster,50,8,,False,Centre Striker,South Africa,3 September 2000,337205
2029,Martijn Reuser,50,7,,False,Midfielder,Netherlands,1 February 1975,2391
2030,Shefki Kuqi,50,7,Oldham Athletic,False,Forward,Finland,10 November 1976,177216
2031,Lawrie Sanchez,50,6,,False,Midfielder,Northern Ireland,22 October 1959,801
2032,Danilo,50,5,,False,Midfielder,Brazil,29 April 2001,336542
2033,David Busst,50,4,,False,Defender,Scotland,30 June 1967,121
2034,Josh Dasilva,50,4,Brentford,False,Centre Central Midfielder,England,23 October 1998,792749
2035,Sean Morrison,50,3,Rotherham United,False,Centre Central Defender,England,8 January 1991,336203
2036,Theo Zagorakis,50,3,AEK Athens,False,Midfielder,Greece,27 October 1971,278163
2037,Alireza Jahanbakhsh,50,2,FCV Dender EH,False,Winger,Iran,11 August 1993,760659
2038,Benjamin Mendy,50,2,Lorient,False,Left Full Back,France,17 July 1994,343697
2039,Jean-Clair Todibo,50,0,Lens,False,Centre Central Defender,France,30 December 1999,794579
2040,John Curtis,50,0,Northampton Town,False,Defender,England,3 September 1978,96604
2041,Jonjoe Kenny,50,0,PAOK Salonika,False,Right Full Back,England,15 March 1997,737800
2042,Maxime Estève,50,0,RB Leipzig,False,Centre Central Defender,France,26 May 2002,786110
2043,Michael Mancienne,50,0,Burton Albion,False,Centre Central Defender,Seychelles,8 January 1988,269446
2044,Hernán Crespo,49,20,,False,Forward,Argentina,5 July 1975,110407
2045,Steve Claridge,49,11,,False,Forward,England,10 April 1966,1411
2046,Maxwel Cornet,49,10,Genoa,False,Left Winger,Cote D’Ivoire,27 September 1996,785700
2047,Abel Hernández,49,8,CSKA Moscow,False,Striker,Uruguay,8 August 1990,134709
2048,Tamir Cohen,49,6,,False,Left/Centre Central Midfielder,Israel,4 March 1984,4542
2049,Andy Campbell,49,4,Cardiff City,False,Forward,England,18 April 1979,352884
2050,Pontus Jansson,49,4,Malmö FF,False,Centre Central Defender,Sweden,13 February 1991,363645
2051,Ruud Gullit,49,4,,False,Forward,Netherlands,1 September 1962,1164
2052,John Eustace,49,3,,False,Centre Central Midfielder,England,3 November 1979,10761
2053,Riccardo Calafiori,49,3,Arsenal,True,Left Full Back,Italy,19 May 2002,361996
2054,Ibrahim Afellay,49,2,,False,Left/Centre/Right Attacking Midfielder,Netherlands,2 April 1986,99561
2055,Romain Perraud,49,2,Lille,False,Left Full Back,France,22 September 1997,740009
2056,Niclas Jensen,49,1,FC København,False,Left Full Back,Denmark,17 August 1974,100304
2057,Richard García,49,1,,False,Forward,Australia,4 September 1981,121220
2058,Dani Ceballos,49,0,Real Betis,False,Centre/Right Attacking Midfielder,Spain,7 August 1996,103778
2059,Jason Shackell,49,0,Lincoln City,False,Centre Central Defender,England,27 September 1983,135711
2060,Timothy Fosu-Mensah,49,0,Bayer 04 Leverkusen,False,Left/Centre/Right Central Defender,Netherlands,2 January 1998,267496
2061,Paul Wilkinson,48,13,,False,Forward,England,30 October 1964,1780
2062,Dimitri Payet,48,11,Marseille,False,Left/Centre/Right Attacking Midfielder,France,29 March 1987,7457
2063,Sébastien Haller,48,10,FC Utrecht,False,Striker,Cote D’Ivoire,22 June 1994,740994
2064,Andriy Shevchenko,48,9,,False,Left/Centre/Right Second Striker,Ukraine,29 September 1976,174215
2065,Faustino Asprilla,48,9,,False,Forward,Colombia,10 November 1969,1247
2066,Svetoslav Todorov,48,7,,False,Forward,Bulgaria,30 August 1978,4475
2067,Callum Robinson,48,6,Cardiff City,False,Left/Centre Striker,Ireland,2 February 1995,325547
2068,Jô,48,6,,False,Centre Striker,Brazil,20 March 1987,92940
2069,Mathys Tel,48,6,Tottenham Hotspur,True,Forward,France,27 April 2005,737218
2070,Florent Sinama-Pongolle,48,5,Real Zaragoza,False,Left/Centre/Right Striker,France,20 October 1984,101269
2071,José Izquierdo,48,5,Club Brugge,False,Left Winger,Colombia,7 July 1992,17457
2072,Mamady Sidibe,48,5,Stoke City,False,Centre Striker,Mali,18 December 1979,5105
2073,Nadir Belhadj,48,5,,False,Midfielder,Algeria,18 June 1982,336647
2074,Seol Ki-Hyeon,48,5,,False,Left/Right Winger,South Korea,8 January 1979,4623
2075,Hélder Costa,48,4,Al-Ittihad,False,Winger,Angola,12 January 1994,325193
2076,Alex Pritchard,48,3,Birmingham City,False,Centre Attacking Midfielder,England,3 May 1993,356585
2077,Tom Ince,48,3,Watford,False,Left/Right Winger,England,30 January 1992,340668
2078,Flynn Downes,48,1,Southampton,False,Midfielder,England,20 January 1999,361163
2079,Gary Croft,48,1,Cardiff City,False,Defender,England,17 February 1974,352868
2080,Joe Worrall,48,1,Wrexham,False,Defender,England,10 January 1997,794453
2081,Kevin Long,48,1,,False,Centre Central Defender,Ireland,18 August 1990,335966
2082,Laurent Blanc,48,1,,False,Defender,France,19 November 1965,2725
2083,Ryan Shotton,48,1,Middlesbrough,False,Centre Central Defender,England,30 October 1988,180255
2084,Alex Bruce,48,0,Wigan Athletic,False,Centre Central Defender,Northern Ireland,28 September 1984,55318
2085,Andre Wisdom,48,0,Derby County,False,Defender,England,9 May 1993,304719
2086,Clive Baker,48,0,,False,Goalkeeper,England,14 March 1959,191
2087,James Hill,48,0,Bournemouth,False,Centre Central Defender,England,10 January 2002,346782
2088,Kevin Gage,48,0,,False,Defender,England,21 April 1964,453
2089,Kevin Poole,48,0,Burton Albion,False,Goalkeeper,England,21 July 1963,10319
2090,Pape Souaré,48,0,Ebbsfleet United,False,Defender,Senegal,6 June 1990,384641
2091,Roger Joseph,48,0,,False,Defender,England,24 December 1965,566
2092,Anthony Yeboah,47,24,Leeds United,False,Forward,Ghana,6 June 1966,964
2093,Álvaro Morata,47,16,Como,False,Centre Striker,Spain,23 October 1992,785503
2094,Stefano Okaka,47,7,,False,Centre Striker,Italy,9 August 1989,292408
2095,Alexander Kacaniklic,47,5,Hajduk Split,False,Left Winger,Sweden,13 August 1991,299709
2096,Bakary Sako,47,5,Crystal Palace,False,Left/Right Winger,Mali,26 April 1988,154249
2097,Rodrigo Gomes,47,5,Wolverhampton Wanderers,False,Left/Right Wing Back,Portugal,7 July 2003,359180
2098,Jay McEveley,47,2,Swindon Town,False,Defender,Scotland,11 February 1985,55281
2099,Ritchie De Laet,47,2,Royal Antwerp,False,Defender,Belgium,28 November 1988,258468
2100,Tyler Dibling,47,2,Everton,True,Right Winger,England,17 February 2006,740676
2101,Wilfried Gnonto,47,2,,False,Attacking Midfielder,Italy,5 November 2003,325635
2102,Brandon Williams,47,1,,False,Full Back,England,3 September 2000,741832
2103,Morato,47,1,West Ham United,False,Central Defender,Brazil,30 June 2001,794506
2104,Myles Lewis-Skelly,47,1,Arsenal U19,False,Midfielder,England,26 September 2006,349096
2105,Richard Dryden,47,1,,False,Defender,England,14 June 1969,1457
2106,Florent Hadërgjonaj,47,0,Alanyaspor,False,Right Full Back,Kosovo,31 July 1994,357848
2107,Jean-Alain Boumsong,47,0,Panathinaikos,False,Centre Central Defender,France,14 December 1979,126068
2108,Tony Gale,47,0,,False,Defender,England,19 November 1959,907
2109,Adrian Littlejohn,46,11,,False,Forward,England,26 September 1970,472
2110,Gervinho,46,9,Trabzonspor,False,Left/Centre/Right Second Striker,Cote D’Ivoire,27 May 1987,279768
2111,Peter Løvenkrands,46,9,Birmingham City,False,Centre Second Striker,Denmark,29 January 1980,9907
2112,Nico O'Reilly,46,7,Manchester City U19,False,Midfielder,England,21 March 2005,357710
2113,Clarence Acuna,46,6,,False,Midfielder,Chile,8 February 1975,2483
2114,Olivier Kapo,46,6,,False,Left/Centre Attacking Midfielder,France,27 September 1980,5198
2115,Alan Cork,46,5,,False,Forward,England,4 March 1959,471
2116,Josh Cullen,46,4,Burnley,False,Centre Central Midfielder,Ireland,7 April 1996,317848
2117,Preki,46,4,,False,Midfielder,United States,24 June 1963,184
2118,Steve Hodge,46,3,,False,Midfielder,England,25 October 1962,1101
2119,Callum McManaman,46,2,Wigan Athletic,False,Left/Right Winger,England,25 April 1991,133224
2120,Ferdi Kadioglu,46,2,Brighton & Hove Albion,True,Left Full Back,Turkiye,7 October 1999,363406
2121,Jonathan Macken,46,2,Walsall,False,Forward,Ireland,7 September 1977,29229
2122,Mark Ward,46,2,,False,Defender,England,10 October 1962,42129
2123,Gabriel Paulista,46,1,Besiktas,False,Centre Central Defender,Brazil,26 November 1990,360130
2124,Gary Megson,46,1,,False,Defender,England,2 May 1959,362
2125,Harry Toffolo,46,1,Nottingham Forest,False,Defender,England,19 August 1995,345041
2126,Jon Flanagan,46,1,Sporting de Charleroi,False,Defender,England,1 January 1993,266758
2127,Max Meyer,46,1,APOEL Nicosia,False,Midfielder,Germany,18 September 1995,363921
2128,Terence Kongolo,46,1,SK Rapid Wien,False,Central Defender,Netherlands,14 February 1994,359129
2129,Emiliano Insúa,46,0,VfB Stuttgart,False,Left Full Back,Argentina,7 January 1989,123389
2130,Muhamed Besic,46,0,Ferencvárosi TC,False,Midfielder,Bosnia & Herzegovina,10 September 1992,291946
2131,Paul Thirlwell,46,0,Carlisle United,False,Defensive Midfielder,England,13 February 1979,10426
2132,Steve Elliott,46,0,Cheltenham Town,False,Central Defender,England,29 October 1978,10480
2133,Nicky Banger,45,8,,False,Forward,England,25 February 1971,520
2134,Paulinho,45,6,Barcelona,False,Centre Central Midfielder,Brazil,25 July 1988,52320
2135,Todd Cantwell,45,6,Blackburn Rovers,False,Attacking Midfielder,England,27 February 1998,363819
2136,Aaron Connolly,45,5,Leyton Orient,False,Forward,Ireland,28 January 2000,738194
2137,José Dominguez,45,4,,False,Forward,Portugal,16 February 1974,1756
2138,Arnar Gunnlaugsson,45,3,,False,Forward,Iceland,6 March 1973,1916
2139,Lamine Koné,45,3,Sunderland,False,Defender,Cote D’Ivoire,1 February 1989,94011
2140,Alvin Martin,45,2,West Ham United,False,Defender,England,29 July 1958,823
2141,Idan Tal,45,2,,False,Midfielder,Israel,13 September 1975,4149
2142,Julian Watts,45,2,,False,Defender,England,17 March 1971,1399
2143,Ramadan Sobhi,45,2,Huddersfield Town,False,Winger,Egypt,23 January 1997,129748
2144,Wayne Jacobs,45,2,,False,Defender,England,3 February 1969,2072
2145,Adam Drury,45,1,Bradford City,False,Left Full Back,England,29 August 1978,10101
2146,Adrian Whitbread,45,1,Portsmouth,False,Defender,England,22 October 1971,41972
2147,Conor Bradley,45,1,Liverpool,True,Right Full Back,Northern Ireland,9 July 2003,349256
2148,Cuco Martina,45,1,NAC Breda,False,Defender,Curacao,25 September 1989,338608
2149,Richard Gough,45,1,,False,Defender,Scotland,5 April 1962,2117
2150,Bjorn Tore Kvarme,45,0,,False,Defender,Norway,17 June 1972,175314
2151,Bradley Jones,45,0,Perth Glory,False,Goalkeeper,Australia,19 March 1982,341685
2152,David Kerslake,45,0,,False,Defender,England,19 June 1966,42163
2153,David Tuttle,45,0,,False,Defender,England,2 June 1972,2025
2154,Gabriel Tamas,45,0,SC Fotbal Club FCSB SA,False,Centre/Right Central Defender,Romania,9 November 1983,18176
2155,Josip Skoko,45,0,,False,Midfielder,Australia,10 December 1975,4067
2156,Mads Hermansen,45,0,West Ham United,False,Goalkeeper,Denmark,11 July 2000,740014
2157,Nuno Valente,45,0,,False,Defender,Portugal,12 September 1974,3862
2158,Philipp Wollscheid,45,0,VfL Wolfsburg,False,Centre Central Defender,Germany,6 March 1989,142952
2159,Ian Olney,44,13,,False,Forward,England,17 December 1969,419
2160,Titi Camara,44,9,,False,Forward,Guinea,17 November 1972,2521
2161,Nikola Kalinic,44,7,Hajduk Split,False,Striker,Croatia,5 January 1988,306392
2162,Brian Gayle,44,5,,False,Defender,England,6 March 1965,457
2163,David Healy,44,5,Rangers,False,Centre Striker,Northern Ireland,5 August 1979,126129
2164,Marc Keller,44,5,,False,Midfielder,France,14 January 1968,2017
2165,Anthony Le Tallec,44,3,Orléans,False,Centre Second Striker,France,3 October 1984,140236
2166,Jakub Kiwior,44,3,FC Porto,False,Centre Central Defender,Poland,15 February 2000,785511
2167,Josh King,44,3,Fulham,True,Centre Central Midfielder,England,3 January 2007,356815
2168,Kamaldeen Sulemana,44,3,Atalanta,False,Left Winger,Ghana,15 February 2002,738033
2169,Sokratis Papastathopoulos,44,3,Real Betis,False,Centre Central Defender,Greece,9 June 1988,351610
2170,Calum Davenport,44,2,,False,Defender,England,1 January 1983,5111
2171,Justin Devenny,44,2,Stoke City,False,Midfielder,Northern Ireland,11 October 2003,794526
2172,Joe Bryan,44,1,Millwall,False,Left Full Back,England,17 September 1993,340754
2173,Lassana Diarra,44,1,Paris Saint Germain,False,Defensive Midfielder,France,10 March 1985,93954
2174,Matthew Jones,44,1,,False,Midfielder,Wales,1 September 1980,2414
2175,Oscar Bobb,44,1,Fulham,True,Left/Centre/Right Winger,Norway,12 July 2003,776073
2176,Marton Fülöp,44,0,West Bromwich Albion,False,Goalkeeper,Hungary,3 May 1983,6195
2177,Nordin Amrabat,44,0,Hull City,False,Forward,Morocco,31 March 1987,731852
2178,Daniel Amokachi,43,10,,False,Forward,Nigeria,30 December 1972,947
2179,Mauro Zárate,43,9,,False,Centre Striker,Argentina,18 March 1987,132978
2180,Stephen Glass,43,7,,False,Midfielder,Scotland,23 May 1976,1950
2181,Billy Sharp,43,6,Doncaster Rovers,False,Striker,England,5 February 1986,30301
2182,Paul Mason,43,6,Ipswich Town,False,Midfielder,England,3 September 1963,701
2183,Ashkan Dejagah,43,5,Nottingham Forest,False,Left/Centre/Right Winger,Iran,5 July 1986,94283
2184,Deco,43,5,,False,Centre Attacking Midfielder,Portugal,27 August 1977,4918
2185,Brynjar Gunnarsson,43,3,Reading,False,Centre/Right Defensive Midfielder,Iceland,16 October 1975,4303
2186,Carlos Marinelli,43,3,,False,Midfielder,Argentina,14 March 1982,2161
2187,Gelson Fernandes,43,3,,False,Centre Defensive Midfielder,Switzerland,2 September 1986,129380
2188,Kevin Ball,43,3,,False,Midfielder,England,12 November 1964,1482
2189,Regi Blinker,43,3,,False,Midfielder,Netherlands,4 June 1969,1265
2190,Steve Jones,43,3,,False,Midfielder,England,17 March 1970,1851
2191,Fabian Wilnis,43,2,,False,Defender,Netherlands,23 August 1970,2382
2192,Jesper Blomqvist,43,2,,False,Forward,Sweden,5 February 1974,2887
2193,John Harkes,43,2,,False,Midfielder,United States,8 March 1967,2041
2194,Yan Valery,43,2,,False,Defender,Tunisia,22 February 1999,359207
2195,Junior Firpo,43,1,Real Betis,False,Left Full Back,Dominican Republic,22 August 1996,187800
2196,Paul Boertien,43,1,Burton Albion,False,Midfielder,England,20 January 1979,26768
2197,Steven Alzate,43,1,,False,Midfielder,Colombia,8 September 1998,365093
2198,Barry Quinn,43,0,,False,Midfielder,Ireland,9 May 1979,1877
2199,Paul Okon,43,0,,False,Defender,Australia,5 April 1972,2920
2200,Paulo Gazzaniga,43,0,Girona,False,Goalkeeper,Argentina,2 January 1992,340726
2201,Afonso Alves,42,10,,False,Forward,Brazil,30 January 1981,4699
2202,Andy Hunt,42,10,,False,Forward,England,9 June 1970,1864
2203,Gilles De Bilde,42,10,,False,Forward,Belgium,9 June 1971,2527
2204,John Aloisi,42,10,Osasuna,False,Forward,Australia,5 February 1976,127569
2205,Thierno Barry,42,9,Everton,True,Centre Striker,France,21 October 2002,738291
2206,Fábio Carvalho,42,6,Brentford,True,Left/Centre/Right Attacking Midfielder,Portugal,30 August 2002,362739
2207,Martín Zubimendi,42,5,Arsenal,True,Defensive Midfielder,Spain,2 February 1999,738119
2208,Bruno Ribeiro,42,4,Vitória Setúbal,False,Left Central Midfielder,Portugal,22 October 1975,175043
2209,Patrick Dorgu,42,4,Manchester United,True,Left Full Back,Denmark,26 October 2004,734490
2210,Shaun Taylor,42,4,,False,Defender,England,26 February 1963,873
2211,Donny van de Beek,42,3,Girona,False,Centre Central Midfielder,Netherlands,18 April 1997,360741
2212,Gonçalo Guedes,42,3,Real Sociedad,False,Left Winger,Portugal,29 November 1996,785836
2213,Matthijs de Ligt,42,3,Manchester United,True,Centre Central Defender,Netherlands,12 August 1999,362815
2214,Florian Lejeune,42,2,Rayo Vallecano,False,Central Defender,France,20 May 1991,343358
2215,Kit Symons,42,2,,False,Defender,Wales,8 March 1971,3544
2216,Sone Aluko,42,2,,False,Centre Second Striker,Nigeria,19 February 1989,285388
2217,Steve Gohouri,42,2,Wigan Athletic,False,Centre Central Defender,Cote D’Ivoire,8 February 1981,5508
2218,Adrien Truffert,42,1,Bournemouth,True,Left Full Back,France,20 November 2001,737205
2219,Benoît Badiashile,42,1,Napoli,False,Central Defender,France,26 March 2001,793368
2220,Ian Evatt,42,1,Chesterfield,False,Centre Central Defender,England,19 November 1981,10508
2221,Chancel Mbemba,42,0,Lille,False,Central Defender,DR Congo,8 August 1994,741631
2222,Edimilson Fernandes,42,0,BSC Young Boys,False,Midfielder,Switzerland,15 April 1996,741043
2223,Jamie Ashdown,42,0,Oxford United,False,Goalkeeper,England,30 November 1980,14965
2224,Kevin Danso,42,0,Sunderland,True,Centre Central Defender,Austria,19 September 1998,794457
2225,Matt Clarke,42,0,Oxford City,False,Goalkeeper,England,3 November 1973,177219
2226,Matty James,42,0,Wrexham,False,Midfielder,England,22 July 1991,650976
2227,Santiago Vergini,42,0,Boca Juniors,False,Centre Central Defender,Argentina,3 August 1988,132969
2228,Stephen Wright,42,0,Wrexham,False,Defender,England,8 February 1980,12584
2229,Victor Kristiansen,42,0,Panathinaikos,False,Defender,Denmark,16 December 2002,794253
2230,Robinho,41,14,,False,Left/Centre/Right Winger,Brazil,25 January 1984,162486
2231,Edinson Cavani,41,12,Boca Juniors,False,Centre Striker,Uruguay,14 February 1987,355446
2232,Pavel Pogrebnyak,41,11,Dinamo Moscow,False,Forward,Russia,8 November 1983,121734
2233,Fernando Morientes,41,8,Marseille,False,Centre Striker,Spain,5 April 1976,99486
2234,Dieumerci Mbokani,41,7,Royal Antwerp,False,Forward,DR Congo,22 November 1985,258493
2235,Igor Jesus,41,7,Nottingham Forest,True,Striker,Brazil,25 February 2001,738116
2236,Somen Tchoyi,41,7,,False,Left/Centre/Right Attacking Midfielder,Cameroon,29 March 1983,113148
2237,Eduardo da Silva,41,6,Shakhtar Donetsk,False,Centre Striker,Croatia,25 February 1983,7812
2238,Ryan Jones,41,6,,False,Midfielder,Wales,23 July 1973,488
2239,Gary McSheffrey,41,3,Grimsby Town,False,Left Winger,England,13 August 1982,117130
2240,Kiki Musampa,41,3,Atlético de Madrid,False,Midfielder,Netherlands,20 July 1977,3610
2241,Nayef Aguerd,41,3,Marseille,False,Central Defender,Morocco,30 March 1996,741883
2242,Paul Michael Branch,41,3,,False,Forward,England,18 October 1978,1188
2243,Steven Whittaker,41,3,Norwich City,False,Right Full Back,Scotland,16 June 1984,6357
2244,Giovanni van Bronckhorst,41,2,Feyenoord,False,Defender,Netherlands,5 February 1975,173783
2245,Nicky Mohan,41,2,,False,Defender,England,6 October 1970,1088
2246,Trai Hume,41,2,Sunderland,True,Right Full Back,Northern Ireland,18 March 2002,299939
2247,Erik Edman,41,1,,False,Left Full Back,Sweden,11 November 1978,4807
2248,John Gannon,41,1,,False,Midfielder,England,18 December 1966,462
2249,Marvin Emnes,41,1,,False,Centre Striker,Netherlands,27 May 1988,144870
2250,Ian Selley,41,0,Havant & Waterlooville,False,Midfielder,England,14 June 1974,27669
2251,Igor Julio,41,0,Burnley,False,Centre Central Defender,Brazil,7 February 1998,794495
2252,Jan Stejskal,41,0,Slavia Prague,False,Goalkeeper,Czech Republic,15 January 1962,146517
2253,Lars Jacobsen,41,0,Guingamp,False,Right Full Back,Denmark,20 September 1979,17728
2254,Wesley Hoedt,41,0,AZ,False,Centre Central Defender,Netherlands,6 March 1994,8092
2255,Omar Marmoush,40,10,Tottenham Hotspur,True,Striker,Egypt,7 February 1999,793192
2256,Islam Slimani,40,8,KVC Westerlo,False,Striker,Algeria,18 June 1988,732128
2257,Leon McKenzie,40,7,,False,Forward,England,17 May 1978,178427
2258,Enzo Le Fée,40,6,Sunderland,True,Midfielder,France,3 February 2000,737216
2259,Takumi Minamino,40,6,Monaco,False,Left/Centre/Right Attacking Midfielder,Japan,16 January 1995,315450
2260,Bruce Dyer,40,5,Watford,False,Forward,England,13 April 1975,353383
2261,Alan Quinn,40,3,Ipswich Town,False,Midfielder,Ireland,13 June 1979,27852
2262,Robert Fleck,40,3,Norwich City,False,Forward,Scotland,11 August 1965,41947
2263,Simon Osborn,40,3,,False,Midfielder,England,19 January 1972,1315
2264,Tony Daley,40,3,Wolverhampton Wanderers,False,Midfielder,England,18 October 1967,42089
2265,Bernard Lambourde,40,2,,False,Defender,France,11 May 1971,1603
2266,Gerard Wiekens,40,2,,False,Midfielder,Netherlands,25 February 1973,2456
2267,Jamie Hoyland,40,2,,False,Defender,England,23 January 1966,458
2268,Ronnie Whelan,40,2,Liverpool,False,Midfielder,Ireland,25 September 1961,260
2269,Danny Shittu,40,1,,False,Centre Central Defender,Nigeria,2 September 1980,177424
2270,Edgar Davids,40,1,,False,Midfielder,Netherlands,13 March 1973,12712
2271,Mark Summerbell,40,1,,False,Midfielder,England,30 October 1976,1233
2272,Oliver Burke,40,1,Birmingham City,False,Centre Striker,Scotland,7 April 1997,346831
2273,Thomas Gaardsoe,40,1,,False,Defender,Denmark,23 November 1979,3073
2274,Vratislav Gresko,40,1,,False,Defender,Slovakia,24 July 1977,2850
2275,Claude Davis,40,0,Rotherham United,False,Centre Central Defender,Jamaica,6 March 1979,11948
2276,Clément Lenglet,40,0,Benfica,False,Central Defender,France,17 June 1995,793500
2277,Diego Carlos,40,0,Como,False,Centre Central Defender,Brazil,15 March 1993,751834
2278,Nelson Vivas,40,0,,False,Defender,Argentina,18 October 1969,1535
2279,Rhian Brewster,40,0,Derby County,False,Forward,England,1 April 2000,739541
2280,Tobias Linderoth,40,0,Galatasaray,False,Centre Defensive Midfielder,Sweden,21 April 1979,100336
2281,Cedric Roussel,39,8,,False,Forward,Belgium,6 January 1978,2105
2282,John McGinlay,39,6,,False,Forward,Scotland,8 April 1964,1157
2283,Franz Carr,39,5,,False,Forward,England,24 September 1966,1783
2284,Danny Webber,39,4,Salford City,False,Forward,England,28 December 1981,20001
2285,Gustavo Hamer,39,4,Coventry City,True,Central Midfielder,Netherlands,24 June 1997,792440
2286,Robert Rosario,39,4,,False,Forward,England,4 March 1966,396
2287,Leif Davis,39,3,Ipswich Town,True,Left Full Back,England,31 December 1999,320523
2288,Ahmed Hegazy,39,2,NEOM,False,Central Defender,Egypt,25 January 1991,740071
2289,Brajan Gruda,39,2,RB Leipzig,False,Right Winger,Germany,31 May 2004,786111
2290,Hugo Viana,39,2,Sporting Braga,False,Left/Centre Winger,Portugal,15 January 1983,114283
2291,Matthew Kilgallon,39,2,Buxton,False,Centre Central Defender,England,8 January 1984,294044
2292,Michael Tonge,39,2,Leeds United,False,Centre Central Midfielder,England,7 April 1983,11215
2293,Connor Roberts,39,1,Leeds United,False,Right Full Back,Wales,23 September 1995,288642
2294,Darnell Furlong,39,1,Ipswich Town,True,Right Full Back,England,31 October 1995,740895
2295,David Brightwell,39,1,Bradford City,False,Defender,England,7 January 1971,41821
2296,Elias Kachunga,39,1,Cambridge United,False,Centre Striker,DR Congo,22 April 1992,343414
2297,Giorgos Karagounis,39,1,,False,Centre/Right Attacking Midfielder,Greece,6 March 1977,6304
2298,Glenn Helder,39,1,,False,Midfielder,Netherlands,28 October 1968,892
2299,Ivan Perisic,39,1,PSV,False,Forward,Croatia,2 February 1989,367037
2300,Kevin Harper,39,1,Stoke City,False,Midfielder,Scotland,15 January 1976,353340
2301,Kevin Kyle,39,1,,False,Forward,Scotland,7 June 1981,2505
2302,Kevin McDonald,39,1,Exeter City,False,Centre Defensive Midfielder,Scotland,4 November 1988,658598
2303,Ragnar Klavan,39,1,Cagliari,False,Left/Centre Central Defender,Estonia,30 October 1985,135939
2304,Alexander Manninger,39,0,Liverpool,False,Goalkeeper,Austria,4 June 1977,31014
2305,Bernardo,39,0,TSG 1899 Hoffenheim,False,Left Full Back,Brazil,14 May 1995,785874
2306,Bruno,39,0,Brighton and Hove Albion,False,Right Full Back,Spain,1 October 1980,10195
2307,David Stockdale,39,0,York City,False,Goalkeeper,England,20 September 1985,350790
2308,Diego Rico,39,0,Getafe,False,Left Full Back,Spain,23 February 1993,361032
2309,Kagisho Dikgacoi,39,0,Cardiff City,False,Centre Central Midfielder,South Africa,24 November 1984,14414
2310,Mark Bunn,39,0,,False,Goalkeeper,England,16 November 1984,18555
2311,Robin Roefs,39,0,Sunderland,True,Goalkeeper,Netherlands,17 January 2003,739537
2312,Slavisa Jokanovic,39,0,,False,Midfielder,Serbia,16 August 1968,2334
2313,Tommy Smith,39,0,,False,Right Full Back,England,14 April 1992,320508
2314,Carlton Morris,38,11,Derby County,False,Forward,England,16 December 1995,737241
2315,Aljosa Asanovic,38,7,,False,Midfielder,Croatia,14 December 1965,1366
2316,Alex Mathie,38,6,Ipswich Town,False,Forward,Scotland,20 December 1968,957
2317,Christopher Nkunku,38,6,RB Leipzig,False,Centre Striker,France,14 November 1997,793377
2318,Moussa Diaby,38,6,Bayer 04 Leverkusen,False,Left/Right Winger,France,7 July 1999,160195
2319,Shinji Kagawa,38,6,,False,Midfielder,Japan,17 March 1989,300928
2320,Caleb Folan,38,5,,False,Forward,Ireland,26 October 1982,12832
2321,Sulley Muntari,38,5,,False,Centre Central Midfielder,Ghana,27 August 1984,154351
2322,Zeki Amdouni,38,5,Benfica,False,Centre Striker,Switzerland,4 December 2000,363863
2323,Lee Morris,38,4,Solihull Moors,False,Forward,England,30 April 1980,177672
2324,Malick Thiaw,38,4,Newcastle United,True,Defender,Germany,8 August 2001,740246
2325,Tahith Chong,38,4,Sheffield United,False,Midfielder,Curacao,4 December 1999,740900
2326,Ishmael Miller,38,3,Tranmere Rovers,False,Centre Striker,England,5 March 1987,144981
2327,Josh Murphy,38,3,Portsmouth,False,Left Winger,England,24 February 1995,359206
2328,Pajtim Kasami,38,3,Olympiakos,False,Right Attacking Midfielder,Switzerland,2 June 1992,15980
2329,Rajiv van La Parra,38,3,Beerschot,False,Winger,Netherlands,4 June 1991,735671
2330,Lewis Holtby,38,2,Blackburn Rovers,False,Left/Centre/Right Attacking Midfielder,Germany,18 September 1990,166118
2331,Nico González,38,2,Newcastle United,True,Central Midfielder,Spain,3 January 2002,793177
2332,Yéremy Pino,38,2,Crystal Palace,True,Right Winger,Spain,20 October 2002,740910
2333,Jordy Clasie,38,1,AZ,False,Centre Defensive Midfielder,Netherlands,27 June 1991,163235
2334,Jores Okore,38,1,Aalborg BK,False,Centre Central Defender,Denmark,11 August 1992,263079
2335,Phil King,38,1,Swindon Town,False,Defender,England,28 December 1967,42044
2336,Sebastián Coates,38,1,,False,Centre Central Defender,Uruguay,7 October 1990,43975
2337,Sylvain Marveaux,38,1,Guingamp,False,Left Attacking Midfielder,France,15 April 1986,17744
2338,Bruno Ecuele Manga,38,0,Cardiff City,False,Central Defender,Gabon,16 July 1988,51435
2339,Eike Immel,38,0,Manchester City,False,Goalkeeper,Germany,27 November 1960,1202
2340,Garry Monk,38,0,Swansea City,False,Centre Central Defender,England,6 March 1979,112702
2341,Gianluigi Donnarumma,38,0,Manchester City,True,Goalkeeper,Italy,25 February 1999,741732
2342,Jobi McAnuff,38,0,Leyton Orient,False,Left/Right Winger,Jamaica,9 November 1981,14765
2343,Keith O'Neill,38,0,,False,Midfielder,Ireland,16 February 1976,1938
2344,Kevin Miller,38,0,Derby County,False,Goalkeeper,England,15 March 1969,352961
2345,Lee Naylor,38,0,,False,Left Full Back,England,19 March 1980,10746
2346,Massadio Haïdara,38,0,Brest,False,Left Full Back,Mali,2 December 1992,363867
2347,Neil Etheridge,38,0,Birmingham City,False,Goalkeeper,Philippines,7 February 1990,234882
2348,Scott Hiley,38,0,,False,Defender,England,27 September 1968,1988
2349,Steve Simonsen,38,0,Sheffield United,False,Goalkeeper,England,3 April 1979,28761
2350,Thomas Kaminski,38,0,Omonia Nicosia,False,Goalkeeper,Belgium,23 October 1992,793748
2351,Vince Grella,38,0,Blackburn Rovers,False,Centre Defensive Midfielder,Australia,5 October 1979,4892
2352,Viktor Gyökeres,37,14,Arsenal,True,Striker,Sweden,4 June 1998,739266
2353,Darren Beckford,37,10,,False,Forward,England,12 June 1967,422
2354,Iwan Roberts,37,9,Gillingham,False,Forward,Wales,26 June 1968,353006
2355,Rayan Cherki,37,6,Manchester City,True,Attacking Midfielder,France,17 August 2003,737021
2356,Carlos Vela,37,5,,False,Right Winger,Mexico,1 March 1989,128477
2357,Florian Wirtz,37,5,Liverpool,True,Left/Centre/Right Attacking Midfielder,Germany,3 May 2003,737226
2358,Jirí Jarosík,37,5,Alavés,False,Centre Central Defender,Czech Republic,27 October 1977,103045
2359,Wade Elliott,37,4,Bristol City,False,Midfielder,England,14 December 1978,21099
2360,Duncan Watmore,37,3,Millwall,False,Left/Centre/Right Striker,England,8 March 1994,337794
2361,Paul Cook,37,3,,False,Midfielder,England,22 February 1967,924
2362,Ricky Newman,37,3,Reading,False,Midfielder,England,5 August 1970,353260
2363,Semi Ajayi,37,3,Hull City,True,Centre Central Defender,Nigeria,9 November 1993,737352
2364,Sergi Canós,37,3,Valencia CF,False,Winger,Spain,2 February 1997,345194
2365,Tommy Miller,37,3,FC Halifax Town,False,Midfielder,England,8 January 1979,19232
2366,Alfie Doughty,37,2,Millwall,False,Midfielder,England,21 December 1999,739326
2367,Arnaut Danjuma,37,2,Valencia CF,False,Left Winger,Netherlands,31 January 1997,786054
2368,Daniel Fox,37,2,Wigan Athletic,False,Left Full Back,Scotland,29 May 1986,154712
2369,Michael Johnson,37,2,Manchester City,False,Centre Central Midfielder,England,24 February 1988,110213
2370,Micky Hazard,37,2,,False,Midfielder,England,5 February 1960,814
2371,Wout Weghorst,37,2,FC Twente,False,Forward,Netherlands,7 August 1992,794376
2372,Beram Kayal,37,1,Brighton and Hove Albion,False,Centre Defensive Midfielder,Israel,2 May 1988,162028
2373,Carney Chukwuemeka,37,1,Borussia Dortmund,False,Central Midfielder,Austria,20 October 2003,740737
2374,Danny Pugh,37,1,Port Vale,False,Left Full Back,England,19 October 1982,43730
2375,David Murphy,37,1,Birmingham City,False,Left Full Back,England,1 March 1984,4505
2376,Grady Diangana,37,1,West Bromwich Albion,False,Left/Centre/Right Attacking Midfielder,DR Congo,19 April 1998,270977
2377,Simon Cox,37,1,Southend United,False,Centre Striker,Ireland,28 April 1987,31255
2378,Yann M'Vila,37,1,West Bromwich Albion,False,Centre Central Midfielder,France,29 June 1990,357584
2379,Bernt Haas,37,0,,False,Defender,Switzerland,8 April 1978,3768
2380,Brian Jensen,37,0,Mansfield Town,False,Goalkeeper,Denmark,8 June 1975,19622
2381,Glenn Cockerill,37,0,,False,Midfielder,England,25 August 1959,518
2382,Gábor Király,37,0,,False,Goalkeeper,Hungary,1 April 1976,14658
2383,Lamare Bogarde,37,0,Aston Villa,False,Midfielder,Netherlands,5 January 2004,355204
2384,Mapou Yanga-Mbiwa,37,0,Lyon,False,Centre Central Defender,France,15 May 1989,25732
2385,Mehdi Nafti,37,0,Real Murcia,False,Centre Defensive Midfielder,Tunisia,28 November 1978,102887
2386,Noah Sadiki,37,0,Sunderland,True,Central Midfielder,DR Congo,17 December 2004,737898
2387,Raimond van der Gouw,37,0,,False,Goalkeeper,Netherlands,24 March 1963,4850
2388,Rúben Vinagre,37,0,Legia Warsaw,False,Defender,Portugal,9 April 1999,735607
2389,Sasa Ilic,37,0,Leeds United,False,Goalkeeper,Serbia,18 July 1972,353043
2390,Stuart Campbell,37,0,Bristol Rovers,False,Midfielder,Scotland,9 December 1977,26733
2391,Branko Strupar,36,15,,False,Forward,Belgium,9 February 1970,2116
2392,Robert Hulse,36,8,Queens Park Rangers,False,Centre Striker,England,25 October 1979,6109
2393,Kingsley Black,36,7,Nottingham Forest,False,Midfielder,Northern Ireland,22 June 1968,392
2394,Wilson Isidor,36,7,Sunderland,True,Centre Striker,Haiti,27 August 2000,738332
2395,Scott Dobie,36,6,Bradford City,False,Forward,Scotland,10 October 1978,26639
2396,Radamel Falcao,36,5,Millonarios,False,Forward,Colombia,10 February 1986,360156
2397,Tommy Wright,36,5,Leicester City,False,Forward,Scotland,10 January 1966,353072
2398,Paul Onuachu,36,4,Trabzonspor,False,Forward,Nigeria,28 May 1994,737862
2399,Garry O'Connor,36,3,,False,Forward,Scotland,7 May 1983,26488
2400,Kevin-Prince Boateng,36,3,Hertha BSC,False,Left/Centre/Right Attacking Midfielder,Ghana,6 March 1987,280647
2401,Mark Nicholls,36,3,,False,Forward,England,30 May 1977,1165
2402,Ross Wallace,36,3,Fleetwood Town,False,Left/Centre/Right Attacking Midfielder,Scotland,23 May 1985,138603
2403,Ezgjan Alioski,36,2,FC Lugano,False,Defender,North Macedonia,12 February 1992,794147
2404,Freddie Sears,36,2,Maldon & Tiptree,False,Forward,England,27 November 1989,752799
2405,Chris Herd,36,1,,False,Centre Defensive Midfielder,Australia,4 April 1989,19007
2406,Hossam Ghaly,36,1,,False,Centre Central Midfielder,Egypt,15 December 1981,108983
2407,Kevin Scott,36,1,Norwich City,False,Defender,England,17 December 1966,41934
2408,Leon Barnett,36,1,Northampton Town,False,Centre Central Defender,England,30 November 1985,48425
2409,Liam Miller,36,1,,False,Midfielder,Ireland,13 February 1981,123764
2410,Lyanco,36,1,Southampton,False,Centre Central Defender,Brazil,1 February 1997,349711
2411,Matthew Bates,36,1,Hartlepool United,False,Centre Central Defender,England,10 December 1986,14693
2412,Philippe Christanval,36,1,,False,Defender,France,31 August 1978,3878
2413,Robert Page,36,1,Chesterfield,False,Defender,Wales,3 September 1974,26954
2414,Sean Gregan,36,1,Fleetwood Town,False,Defender,England,29 March 1974,27466
2415,Trevor Benjamin,36,1,Woking,False,Forward,Jamaica,8 February 1979,97622
2416,Vinicius Souza,36,1,VfL Wolfsburg,False,Defensive Midfielder,Brazil,17 June 1999,738187
2417,Lloyd McGrath,36,0,,False,Midfielder,England,24 February 1965,126
2418,Mike Pollitt,36,0,,False,Goalkeeper,England,29 February 1972,13723
2419,Senne Lammens,36,0,Manchester United,True,Goalkeeper,Belgium,7 July 2002,741698
2420,Stephen Crainey,36,0,AFC Fylde,False,Defender,Scotland,22 June 1981,18493
2421,Trond Andersen,36,0,,False,Defender,Norway,6 January 1975,2264
2422,Willy Caballero,36,0,Southampton,False,Goalkeeper,Argentina,28 September 1981,334293
2423,Samuel Eto'o,35,12,,False,Centre Striker,Cameroon,10 March 1981,94524
2424,Amr Zaki,35,10,,False,Forward,Egypt,1 April 1983,5390
2425,Brian Brobbey,35,7,Sunderland,True,Striker,Netherlands,1 February 2002,741617
2426,Donyell Malen,35,7,Roma,False,Striker,Netherlands,19 January 1999,785570
2427,Jan Mølby,35,7,,False,Midfielder,Denmark,4 July 1963,257
2428,Lukas Nmecha,35,6,Leeds United,True,Striker,Germany,14 December 1998,737214
2429,Marcus Allbäck,35,6,,False,Forward,Sweden,5 July 1973,2814
2430,Kieffer Moore,35,5,Wrexham,False,Forward,Wales,8 August 1992,739755
2431,Chiedozie Ogbene,35,4,Lincoln City,False,Right Winger,Ireland,1 May 1997,794498
2432,Simeon Jackson,35,4,Kings Lynn Town,False,Forward,Canada,28 March 1987,271210
2433,Steve Whitton,35,4,,False,Midfielder,England,4 December 1960,206
2434,Darius Henderson,35,3,,False,Striker,England,7 September 1981,42603
2435,Jürgen Locadia,35,3,Amorebieta,False,Centre Striker,Curacao,7 November 1993,357819
2436,Nordi Mukiele,35,3,Sunderland,True,Right Full Back,France,1 November 1997,740541
2437,Seyi Olofinjana,35,3,,False,Midfielder,Nigeria,30 June 1980,13458
2438,Wahbi Khazri,35,3,Montpellier,False,Striker,Tunisia,8 February 1991,315874
2439,Clayton Blackmore,35,2,,False,Midfielder,Wales,23 September 1964,1234
2440,Hannibal Mejbri,35,2,Burnley,False,Left/Centre/Right Central Midfielder,Tunisia,21 January 2003,363432
2441,Joe Gelhardt,35,2,Hull City,True,Centre Striker,England,4 May 2002,792703
2442,Lee Hurst,35,2,,False,Midfielder,England,21 September 1970,131
2443,Chris Morgan,35,1,Sheffield United,False,Defender,England,9 November 1977,97055
2444,Chris Whyte,35,1,,False,Defender,England,2 September 1961,1317
2445,Gareth Whalley,35,1,Wigan Athletic,False,Midfielder,Ireland,19 December 1973,353396
2446,Giles Barnes,35,1,,False,Centre Striker,Jamaica,5 August 1988,144750
2447,Gordon Cowans,35,1,,False,Midfielder,England,27 October 1958,42110
2448,Jack Clarke,35,1,Ipswich Town,True,Left Winger,England,23 November 2000,363299
2449,Ken Sema,35,1,Pafos,False,Midfielder,Sweden,30 September 1993,735752
2450,Moussa Niakhaté,35,1,Lyon,False,Central Defender,Senegal,8 March 1996,360568
2451,Adie Moses,35,0,Crewe Alexandra,False,Defender,England,4 May 1975,352930
2452,Alan Moore,35,0,,False,Midfielder,Ireland,25 November 1974,346
2453,Alex Cleland,35,0,,False,Defender,Scotland,12 October 1970,1899
2454,Boubacar Traoré,35,0,Wolverhampton Wanderers,False,Centre Central Midfielder,Mali,20 August 2001,340569
2455,Carlos Edwards,35,0,Millwall,False,Right Winger,Trinidad & Tobago,24 October 1978,14837
2456,Dean Leacock,35,0,Whitehawk,False,Defender,England,10 June 1984,20355
2457,Gianni Zuiverloon,35,0,ADO Den Haag,False,Centre Central Defender,Netherlands,30 December 1986,111501
2458,Glen Little,35,0,Wrexham,False,Midfielder,England,15 October 1975,178026
2459,Jack O'Connell,35,0,,False,Centre Central Defender,England,29 March 1994,30925
2460,James Trafford,35,0,Leeds United,True,Goalkeeper,England,10 October 2002,790558
2461,Jason Steele,35,0,Brighton and Hove Albion,False,Goalkeeper,England,18 August 1990,135974
2462,Jon Hallworth,35,0,,False,Goalkeeper,England,26 October 1965,398
2463,Mark Beeney,35,0,Leeds United,False,Goalkeeper,England,30 December 1967,217
2464,Nicky Eaden,35,0,,False,Defender,England,12 December 1972,98149
2465,Radu Dragusin,35,0,,False,Left/Centre/Right Central Defender,Romania,3 February 2002,355333
2466,Robert Kozluk,35,0,Bradford City,False,Defender,England,5 August 1977,176123
2467,Adam Le Fondre,34,12,Sydney FC,False,Centre Striker,England,2 December 1986,171478
2468,Benjamin Sesko,34,12,Manchester United,True,Striker,Slovenia,31 May 2003,740007
2469,Asamoah Gyan,34,10,,False,Centre Striker,Ghana,22 November 1985,5808
2470,Jermaine Beckford,34,8,Bury,False,Centre Striker,Jamaica,9 December 1983,48303
2471,Jordi Cruijff,34,8,Espanyol,False,Midfielder,Netherlands,9 February 1974,127414
2472,Marc Degryse,34,8,,False,Forward,Belgium,4 September 1965,1268
2473,Nick Woltemade,34,8,Juventus,False,Left Winger,Germany,14 February 2002,794555
2474,Gary Hooper,34,6,Maldon & Tiptree,False,Forward,England,26 January 1988,759789
2475,Karlan Grant,34,5,Charlton Athletic,False,Left/Centre/Right Attacking Midfielder,England,18 September 1997,183758
2476,Andy Ritchie,34,4,,False,Forward,Scotland,23 February 1956,417
2477,Danilo,34,4,,False,Right Full Back,Brazil,15 July 1991,162295
2478,Ethan Nwaneri,34,4,Borussia Dortmund,False,Left/Centre Attacking Midfielder,England,21 March 2007,794570
2479,Mauro Formica,34,4,Cruz Azul,False,Left/Centre/Right Attacking Midfielder,Argentina,4 April 1988,109253
2480,Michael Obafemi,34,4,Plymouth Argyle,False,Forward,Ireland,6 July 2000,363211
2481,Modibo Maiga,34,4,,False,Centre Striker,Mali,3 September 1987,11903
2482,Tiago,34,4,Atlético de Madrid,False,Left/Centre/Right Attacking Midfielder,Portugal,2 May 1981,6867
2483,Geoff Thomas,34,3,,False,Midfielder,England,5 August 1964,1968
2484,Maxim De Cuyper,34,3,Brighton & Hove Albion,True,Left Full Back,Belgium,22 December 2000,738113
2485,Micah Hyde,34,3,Barnet,False,Midfielder,Jamaica,10 November 1974,94826
2486,Paul Devlin,34,3,Watford,False,Midfielder,Scotland,14 April 1972,353374
2487,Gavin Mahon,34,1,Tamworth,False,Midfielder,England,2 January 1977,12390
2488,Gonzalo Jara,34,1,,False,Right Full Back,Chile,29 August 1985,123557
2489,John Mensah,34,1,Lyon,False,Centre/Right Central Defender,Ghana,29 November 1982,5466
2490,Keinan Davis,34,1,Udinese,False,Forward,England,13 February 1998,791915
2491,Omar Alderete,34,1,Sunderland,True,Central Defender,Paraguay,26 December 1996,740201
2492,Reto Ziegler,34,1,,False,Centre Central Defender,Switzerland,16 January 1986,279902
2493,Taylor Harwood-Bellis,34,1,Aston Villa,True,Centre Central Defender,England,30 January 2002,794446
2494,Will Smallbone,34,1,Millwall,False,Midfielder,Ireland,21 February 2000,741717
2495,Adam Clayton,34,0,Bradford City,False,Centre Central Midfielder,England,14 January 1989,336757
2496,Andy Marshall,34,0,Aston Villa,False,Goalkeeper,England,14 April 1975,11444
2497,Darren Randolph,34,0,,False,Goalkeeper,Ireland,12 May 1987,337207
2498,Denis Odoi,34,0,Royal Antwerp,False,Defender,Ghana,27 May 1988,359203
2499,Gary Medel,34,0,,False,Centre Defensive Midfielder,Chile,3 August 1987,730815
2500,Li Tie,34,0,,False,Midfielder,China,18 September 1977,4341
2501,Matija Nastasic,34,0,Al Ula,False,Defender,Serbia,28 March 1993,791818
2502,Mike Hooper,34,0,,False,Goalkeeper,England,10 February 1964,726
2503,Paddy McNair,34,0,Hull City,True,Central Defender,Northern Ireland,27 April 1995,775918
2504,Ross Turnbull,34,0,Leeds United,False,Goalkeeper,England,4 January 1985,19429
2505,Stuart Taylor,34,0,Southampton,False,Goalkeeper,England,28 November 1980,32992
2506,Zlatan Ibrahimovic,33,17,,False,Centre Striker,Sweden,3 October 1981,126029
2507,Junior Kroupi,33,13,,False,Striker,France,23 June 2006,734882
2508,Matheus Pereira,33,11,Riyadh ST XI,False,Left/Centre/Right Attacking Midfielder,Brazil,5 May 1996,336614
2509,Davor Suker,33,10,,False,Forward,Croatia,1 January 1968,2524
2510,Jostein Flo,33,9,,False,Forward,Norway,3 October 1964,772
2511,Víctor Camarasa,33,5,Eldense,False,Centre Central Midfielder,Spain,28 May 1994,361192
2512,Christian Karembeu,33,4,Olympiakos,False,Midfielder,France,3 December 1970,278976
2513,Marten de Roon,33,4,Roma,False,Midfielder,Netherlands,29 March 1991,794442
2514,Ali Benarbia,33,3,,False,Midfielder,Algeria,8 October 1968,2969
2515,Matthew Rush,33,3,Oldham Athletic,False,Forward,England,6 August 1971,41959
2516,Sotirios Kyrgiakos,33,3,Sunderland,False,Centre Central Defender,Greece,23 July 1979,6129
2517,Tolu Arokodare,33,3,Ajax,False,Forward,Nigeria,23 November 2000,793836
2518,Dan Ballard,33,2,,False,Centre Central Defender,Northern Ireland,22 September 1999,314374
2519,Fábio Vieira,33,2,FC Porto,False,Centre/Right Attacking Midfielder,Portugal,30 May 2000,363584
2520,Memphis Depay,33,2,Atlético de Madrid,False,Left/Right Winger,Netherlands,13 February 1994,336739
2521,Richard Ord,33,2,,False,Defender,England,3 March 1970,1473
2522,Alejandro Faurlin,33,1,Marbella,False,Midfielder,Argentina,9 August 1986,153021
2523,Alex Nyarko,33,1,,False,Midfielder,Ghana,15 October 1973,2367
2524,Josh Laurent,33,1,Burnley,False,Central Midfielder,England,6 May 1995,363820
2525,Martin Ling,33,1,,False,Midfielder,England,15 July 1966,878
2526,Nathan Tella,33,1,Bayer 04 Leverkusen,False,Left/Right Winger,Nigeria,5 July 1999,346916
2527,Pierre Lees-Melou,33,1,Brest,False,Centre Central Midfielder,France,25 May 1993,359591
2528,Sam Morsy,33,1,Blackburn Rovers,False,Midfielder,Egypt,10 September 1991,792319
2529,Andy Peake,33,0,,False,Defender,England,1 October 1961,339
2530,Brian Laws,33,0,,False,Defender,England,14 October 1961,641
2531,El Hadji Malick Diouf,33,0,Brentford,True,Left Full Back,Senegal,29 December 2004,793204
2532,Gabriel Gudmundsson,33,0,Leeds United,True,Left Full Back,Sweden,29 April 1999,738288
2533,Grégory Vignal,33,0,,False,Left Full Back,France,19 July 1981,5256
2534,Jason Lowe,33,0,Tranmere Rovers,False,Midfielder,England,2 September 1991,737554
2535,Juergen Sommer,33,0,,False,Goalkeeper,United States,27 February 1969,1255
2536,Martin Bullock,33,0,Barnsley,False,Midfielder,England,5 March 1975,1559
2537,Leon Best,32,10,,False,Centre Striker,Ireland,19 September 1986,90701
2538,Graham Alexander,32,7,Burnley,False,Defender,Scotland,10 October 1971,177369
2539,Paul Bodin,32,7,,False,Defender,Wales,13 September 1964,874
2540,Anton Stach,32,6,Leeds United,True,Centre Defensive Midfielder,Germany,15 November 1998,738868
2541,Gary Taylor-Fletcher,32,6,,False,Forward,England,4 June 1981,39755
2542,Karel Poborsky,32,5,Sparta Prague,False,Midfielder,Czech Republic,30 March 1972,279253
2543,Aki Riihilahti,32,4,,False,Midfielder,Finland,9 September 1976,3548
2544,Darren Caskey,32,4,Gateshead,False,Midfielder,England,21 August 1974,16612
2545,Emanuele Giaccherini,32,4,Napoli,False,Left/Centre/Right Attacking Midfielder,Italy,5 May 1985,31445
2546,Emerson,32,4,Rangers,False,Midfielder,Brazil,12 April 1972,279166
2547,Lazar Markovic,32,4,Trabzonspor,False,Left/Right Winger,Serbia,2 March 1994,338745
2548,Oussama Assaidi,32,4,,False,Left/Right Attacking Midfielder,Morocco,15 August 1988,6747
2549,Tomas Brolin,32,4,,False,Forward,Sweden,29 November 1969,1785
2550,Dean Huijsen,32,3,Real Madrid,False,Centre Central Defender,Spain,14 April 2005,738071
2551,Hugo Porfirio,32,3,,False,Midfielder,Portugal,28 September 1973,1967
2552,Jota Silva,32,3,Olympiakos,False,Left Winger,Portugal,1 August 1999,793746
2553,Kortney Hause,32,3,Aston Villa,False,Centre Central Defender,England,16 July 1995,323869
2554,Michael Tarnat,32,3,,False,Defender,Germany,27 October 1969,3283
2555,Almen Abdi,32,2,Sheffield Wednesday,False,Centre Attacking Midfielder,Switzerland,21 October 1986,31049
2556,Bilal El Khannouss,32,2,VfB Stuttgart,False,Attacking Midfielder,Morocco,10 May 2004,785589
2557,Bradley Wright-Phillips,32,2,,False,Centre Striker,England,12 March 1985,115066
2558,Bryan Robson,32,2,,False,Midfielder,England,11 January 1957,1231
2559,Federico Chiesa,32,2,Liverpool,True,Left/Centre/Right Winger,Italy,25 October 1997,363468
2560,Jay DeMerit,32,2,Vancouver Whitecaps FC,False,Central Defender,United States,4 December 1979,110518
2561,Kevin Moore,32,2,,False,Defender,England,29 April 1958,505
2562,Loum Tchaouna,32,2,Coventry City,True,Right Winger,France,8 September 2003,785922
2563,Mike van der Hoorn,32,2,FC Utrecht,False,Defender,Netherlands,15 October 1992,740969
2564,Moise Kean,32,2,Como,False,Striker,Italy,28 February 2000,794572
2565,Yannick Sagbo,32,2,,False,Centre Striker,Cote D’Ivoire,12 April 1988,15685
2566,Aiden McGeady,32,1,Charlton Athletic,False,Left/Right Attacking Midfielder,Ireland,4 April 1986,293304
2567,Conor Sammon,32,1,Sheffield United,False,Centre Striker,Ireland,6 November 1986,20874
2568,Eric Lichaj,32,1,Fatih Karagümrük,False,Left/Right Full Back,United States,17 November 1988,256418
2569,Jack Taylor,32,1,Ipswich Town,True,Centre Central Midfielder,Ireland,23 June 1998,340666
2570,Jason Scotland,32,1,,False,Forward,Trinidad & Tobago,18 February 1979,12719
2571,Jean Seri,32,1,,False,Centre Central Midfielder,Cote D’Ivoire,19 July 1991,315814
2572,Leigh Jenkinson,32,1,,False,Forward,England,9 July 1969,134
2573,Luc Nijholt,32,1,,False,Midfielder,Netherlands,29 July 1961,800
2574,Marc Roca,32,1,Real Betis,False,Centre Defensive Midfielder,Spain,26 November 1996,359383
2575,Paul Davis,32,1,Arsenal,False,Midfielder,England,9 December 1961,21
2576,Adam Murray,32,0,Mansfield Town,False,Centre Central Midfielder,England,30 September 1981,11397
2577,Angus Gunn,32,0,,False,Goalkeeper,Scotland,22 January 1996,739801
2578,Auston Trusty,32,0,Celtic,False,Central Defender,United States,12 August 1998,363871
2579,Florentino,32,0,Ipswich Town,True,Centre Defensive Midfielder,Portugal,19 August 1999,790527
2580,Gavin Bazunu,32,0,Bolton Wanderers,False,Goalkeeper,Ireland,20 February 2002,793458
2581,Joachim Björklund,32,0,Wolverhampton Wanderers,False,Defender,Sweden,15 March 1971,353402
2582,Kevin Wimmer,32,0,Slovan Bratislava,False,Defender,Austria,15 November 1992,347403
2583,Michael Duff,32,0,Burnley,False,Centre/Right Central Defender,Northern Ireland,11 January 1978,132527
2584,Terry Hurlock,32,0,,False,Midfielder,England,22 September 1958,515
2585,Vitinho,32,0,,False,Right Full Back,Brazil,23 July 1999,320636
2586,Yerson Mosquera,32,0,Villarreal,False,Centre Central Defender,Colombia,2 May 2001,356258
2587,Zian Flemming,31,12,Ipswich Town,True,Centre Striker,Netherlands,1 August 1998,794516
2588,Gary Bannister,31,8,,False,Midfielder,England,22 July 1960,642
2589,Noah Okafor,31,8,Leeds United,True,Winger,Switzerland,24 May 2000,740589
2590,Alessandro Diamanti,31,7,Fiorentina,False,Left/Centre/Right Second Striker,Italy,2 May 1983,20926
2591,Walter Pandiani,31,6,,False,Centre Striker,Uruguay,27 April 1976,103030
2592,Wayne Collins,31,6,,False,Midfielder,England,4 March 1969,1450
2593,Esteban Cambiasso,31,5,Olympiakos,False,Centre Defensive Midfielder,Argentina,18 August 1980,24436
2594,Nathan Ellington,31,5,,False,Forward,England,2 July 1981,13493
2595,Nigel Jemson,31,5,Oxford United,False,Forward,England,10 August 1969,41965
2596,Philemon Masinga,31,5,,False,Forward,South Africa,21 June 1969,963
2597,Conor Hourihane,31,4,,False,Centre Central Midfielder,Ireland,2 February 1991,359214
2598,Craig Maskell,31,4,,False,Forward,England,10 April 1968,789
2599,Amine Adli,31,3,Bournemouth,True,Left Winger,Morocco,10 May 2000,740588
2600,Garath McCleary,31,3,Gillingham,False,Forward,Jamaica,15 May 1987,741858
2601,Gary Blissett,31,3,,False,Forward,England,26 June 1964,849
2602,Manuel da Costa,31,3,Trabzonspor,False,Centre Central Defender,Morocco,6 May 1986,180176
2603,Mark Blake,31,3,,False,Midfielder,England,16 December 1970,982
2604,Scott Green,31,3,,False,Defender,England,15 January 1970,1143
2605,Anel Ahmedhodzic,31,2,Burnley,False,Defender,Bosnia & Herzegovina,26 March 1999,792925
2606,Bruno Cheyrou,31,2,Rennes,False,Centre Central Midfielder,France,10 May 1978,174530
2607,Johannes Karl Gudjonsson,31,2,Huddersfield Town,False,Midfielder,Iceland,25 May 1980,27791
2608,Liam Daish,31,2,,False,Defender,Ireland,23 September 1968,1170
2609,Manuel Fernandes,31,2,,False,Centre Defensive Midfielder,Portugal,5 February 1986,281426
2610,Nathan Delfouneso,31,2,AFC Fylde,False,Forward,England,2 February 1991,339517
2611,Vincent Janssen,31,2,Royal Antwerp,False,Forward,Netherlands,15 June 1994,315807
2612,Alfred N'Diaye,31,1,,False,Centre Defensive Midfielder,Senegal,6 March 1990,136090
2613,Andrey Santos,31,1,Manchester United,True,Defensive Midfielder,Brazil,3 May 2004,785944
2614,Carlos Soler,31,1,Real Sociedad,False,Centre Central Midfielder,Spain,2 January 1997,785832
2615,Ceri Hughes,31,1,,False,Midfielder,Wales,26 February 1971,1773
2616,Didier Ndong,31,1,Watford,False,Centre Central Midfielder,Gabon,17 June 1994,94225
2617,Glenn Hoddle,31,1,,False,Midfielder,England,27 October 1957,679
2618,Ian Ashbee,31,1,,False,Midfielder,England,6 September 1976,28564
2619,Jeff Whitley,31,1,Northwich Victoria,False,Midfielder,Northern Ireland,28 January 1979,96625
2620,Luciano Narsingh,31,1,Feyenoord,False,Left/Right Winger,Netherlands,13 September 1990,163393
2621,Milot Rashica,31,1,Besiktas,False,Left/Right Winger,Kosovo,28 June 1996,345774
2622,Neal Eardley,31,1,Barrow,False,Right Full Back,Wales,6 November 1988,267521
2623,Nikola Vlasic,31,1,Torino,False,Centre Attacking Midfielder,Croatia,4 October 1997,323820
2624,Peter Butler,31,1,West Bromwich Albion,False,Midfielder,England,26 August 1966,42075
2625,Rémy Cabella,31,1,Olympiakos,False,Attacking Midfielder,France,8 March 1990,738067
2626,Álex Jiménez,31,1,,False,Right Full Back,Spain,8 May 2005,785351
2627,Adam Federici,31,0,Stoke City,False,Goalkeeper,Australia,31 January 1985,180371
2628,Ben Turner,31,0,Buxton,False,Defender,England,21 August 1988,295162
2629,Colin Hill,31,0,,False,Defender,Northern Ireland,12 November 1963,974
2630,Conor Townsend,31,0,West Bromwich Albion,False,Left Full Back,England,4 March 1993,133877
2631,Danny Ward,31,0,Leicester City,False,Goalkeeper,Wales,22 June 1993,357590
2632,Dariusz Kubicki,31,0,,False,Defender,Poland,6 June 1963,1469
2633,Eric Djemba Djemba,31,0,,False,Midfielder,Cameroon,4 May 1981,3464
2634,Jackson Tchatchoua,31,0,Wolverhampton Wanderers,False,Right Full Back,Cameroon,14 September 2001,740569
2635,Jason Gavin,31,0,St Patrick's Athletic,False,Defender,Ireland,14 March 1980,174821
2636,Joe Rothwell,31,0,Sheffield United,False,Midfielder,England,11 January 1995,776272
2637,Kemy Agustien,31,0,Wrexham,False,Midfielder,Curacao,20 August 1986,181938
2638,Lee Grant,31,0,Manchester United,False,Goalkeeper,England,27 January 1983,277687
2639,Lorik Cana,31,0,Lazio,False,Centre Central Defender,Albania,27 July 1983,8652
2640,Lukas Rupp,31,0,Norwich City,False,Left/Centre/Right Central Midfielder,Germany,8 January 1991,175680
2641,Marçal,31,0,Botafogo,False,Left Full Back,Brazil,19 February 1989,331822
2642,Nico Vaesen,31,0,,False,Goalkeeper,Belgium,28 September 1969,2817
2643,Peter Reid,31,0,,False,Midfielder,England,20 June 1956,514
2644,Remi Garde,31,0,,False,Defender,France,3 April 1966,1321
2645,Steve Wood,31,0,,False,Midfielder,England,23 June 1963,511
2646,Terry Fenwick,31,0,,False,Defender,England,17 November 1959,798
2647,Thilo Kehrer,31,0,Ajax,False,Central Defender,Germany,21 September 1996,794606
2648,Stevan Jovetic,30,8,Omonia Nicosia,False,Forward,Montenegro,2 November 1989,370526
2649,Andy Mutch,30,6,,False,Forward,England,28 December 1963,806
2650,Christophe Dugarry,30,6,,False,Forward,France,24 March 1972,2844
2651,Eric Choupo-Moting,30,5,FC Bayern München,False,Left/Centre/Right Striker,Cameroon,23 March 1989,259020
2652,Luke Varney,30,5,Burton Albion,False,Centre Striker,England,28 September 1982,134261
2653,Willem Korsten,30,5,,False,Midfielder,Netherlands,21 January 1975,2221
2654,Colin Cameron,30,4,,False,Midfielder,Scotland,23 October 1972,3401
2655,Daniel Cousin,30,4,Hull City,False,Centre Striker,Gabon,7 February 1977,4990
2656,Stephy Mavididi,30,4,Watford,False,Forward,England,31 May 1998,794539
2657,Christian Benitez,30,3,,False,Centre Striker,Ecuador,1 May 1986,5270
2658,Jan Vennegoor of Hesselink,30,3,Hull City,False,Centre Striker,Netherlands,7 November 1978,5389
2659,Paul McGregor,30,3,Nottingham Forest,False,Forward,England,17 December 1974,397
2660,Ao Tanaka,30,2,Leeds United,True,Centre Central Midfielder,Japan,10 September 1998,364352
2661,Cauley Woodrow,30,2,Wycombe Wanderers,False,Forward,England,2 December 1994,741814
2662,Corrado Grabbi,30,2,,False,Forward,Italy,29 July 1975,2597
2663,Jarell Quansah,30,2,Bayer 04 Leverkusen,False,Centre Central Defender,England,29 January 2003,737624
2664,Emmanuel Agbadou,30,1,Besiktas,False,Centre Central Defender,Cote D’Ivoire,17 June 1997,793512
2665,Jens Cajuste,30,1,Napoli,False,Centre Central Midfielder,Sweden,10 August 1999,363095
2666,Marcin Wasilewski,30,1,Leicester City,False,Defender,Poland,9 June 1980,35144
2667,Noureddine Naybet,30,1,,False,Defender,Morocco,2 October 1970,3723
2668,Nuno Tavares,30,1,Lazio,False,Left Full Back,Portugal,26 January 2000,737791
2669,Randal Kolo Muani,30,1,Juventus,False,Centre Striker,France,5 December 1998,790518
2670,Rohan Ricketts,30,1,Exeter City,False,Midfielder,England,22 December 1982,176583
2671,Teden Mengi,30,1,Luton Town,False,Centre Central Defender,England,30 April 2002,346774
2672,Yukinari Sugawara,30,1,,False,Right Full Back,Japan,28 June 2000,360845
2673,Abdukodir Khusanov,30,0,Manchester City,True,Central Defender,Uzbekistan,29 February 2004,732260
2674,Alex Telles,30,0,,False,Left Full Back,Brazil,15 December 1992,342773
2675,Borja Valero,30,0,Internazionale,False,Centre Central Midfielder,Spain,12 January 1985,8497
2676,Brian Priske,30,0,,False,Defender,Denmark,14 May 1977,3943
2677,Clarke Carlisle,30,0,Northampton Town,False,Defender,England,14 October 1979,177133
2678,David Fox,30,0,Colchester United,False,Centre Central Midfielder,England,13 December 1983,31152
2679,David Watson,30,0,Barnsley,False,Goalkeeper,England,10 November 1973,1549
2680,Jay Spearing,30,0,Tranmere Rovers,False,Defensive Midfielder,England,25 November 1988,321897
2681,Liam Bridcutt,30,0,Blackpool,False,Centre Defensive Midfielder,Scotland,8 May 1989,328054
2682,Loris Karius,30,0,,False,Goalkeeper,Germany,22 June 1993,327268
2683,Simon Tracey,30,0,,False,Goalkeeper,England,9 December 1967,1312
2684,Tony McMahon,30,0,Darlington,False,Right Full Back,England,24 March 1986,261186
2685,Víctor Valdés,30,0,Middlesbrough,False,Goalkeeper,Spain,14 January 1982,30648
2686,Wes Foderingham,30,0,,False,Goalkeeper,England,14 January 1991,359331
2687,David Lowe,29,8,,False,Forward,England,30 August 1965,986
2688,Pierre van Hooijdonk,29,7,Fenerbahçe,False,Forward,Netherlands,29 November 1969,334803
2689,Roman Bednár,29,6,,False,Forward,Czech Republic,26 March 1983,18441
2690,Tony Cascarino,29,6,,False,Forward,Ireland,1 September 1962,111
2691,Jimmy Kébé,29,5,Leeds United,False,Right Winger,Mali,19 January 1984,11222
2692,Chemsdine Talbi,29,4,Sunderland,True,Left/Right Winger,Morocco,9 May 2005,738292
2693,David Di Michele,29,4,,False,Forward,Italy,6 January 1976,5190
2694,Paul Goddard,29,3,,False,Forward,England,12 October 1959,211
2695,Derek McInnes,29,2,,False,Midfielder,Scotland,5 July 1971,3077
2696,Jimmy Willis,29,2,,False,Defender,England,12 July 1968,968
2697,Tiémoué Bakayoko,29,2,PAOK Salonika,False,Defensive Midfielder,France,17 August 1994,366094
2698,Adam Idah,29,1,Swansea City,False,Forward,Ireland,11 February 2001,741692
2699,Bobby Bowry,29,1,,False,Midfielder,England,19 May 1971,149
2700,Fernando Hierro,29,1,,False,Defender,Spain,23 March 1968,3498
2701,Gerald Dobbs,29,1,,False,Defender,England,24 January 1971,563
2702,Jacob Greaves,29,1,Ipswich Town,True,Central Defender,England,12 September 2000,360794
2703,Kevin,29,1,Fulham,True,Left/Right Winger,Brazil,4 January 2003,741696
2704,Mark Ford,29,1,,False,Midfielder,England,10 October 1975,705
2705,Matt Piper,29,1,,False,Midfielder,England,29 September 1981,3041
2706,Paul Williams,29,1,Crystal Palace,False,Defender,England,16 August 1965,929
2707,Bobby Convey,29,0,,False,Midfielder,United States,27 May 1983,4299
2708,Bryan Small,29,0,Bolton Wanderers,False,Defender,England,15 November 1971,1146
2709,Chris Kamara,29,0,,False,Midfielder,England,25 December 1957,465
2710,Claudio Bravo,29,0,Real Betis,False,Goalkeeper,Chile,13 April 1983,202618
2711,David Ospina,29,0,Riyadh ST XI,False,Goalkeeper,Colombia,31 August 1988,336687
2712,Gerhard Tremmel,29,0,SV Werder Bremen,False,Goalkeeper,Germany,16 November 1978,32017
2713,Guido Rodríguez,29,0,Valencia CF,False,Defensive Midfielder,Argentina,12 April 1994,786051
2714,Ikechi Anya,29,0,Derby County,False,Midfielder,Scotland,3 January 1988,43023
2715,Jack Stacey,29,0,Norwich City,False,Right Wing Back,England,6 April 1996,340757
2716,Larus Sigurdsson,29,0,,False,Defender,Iceland,4 June 1973,3064
2717,Lionel Perez,29,0,,False,Goalkeeper,France,24 April 1967,1944
2718,Neeskens Kebano,29,0,Middlesbrough,False,Left/Centre/Right Attacking Midfielder,DR Congo,10 March 1992,268675
2719,Neil McCann,29,0,,False,Midfielder,Scotland,11 August 1974,3366
2720,Reinildo Mandava,29,0,Sunderland,True,Left Full Back,Mozambique,21 January 1994,738290
2721,Sergio Rico,29,0,Mallorca,False,Goalkeeper,Spain,1 September 1993,301337
2722,Stéphane Mbia,29,0,,False,Centre Defensive Midfielder,Cameroon,20 May 1986,303705
2723,Tom Soares,29,0,Stevenage,False,Centre Central Midfielder,England,10 July 1986,161279
2724,Yuri Zhirkov,29,0,Zenit St Petersburg,False,Left Winger,Russia,20 August 1983,25849
2725,Hugo Ekitiké,28,11,Liverpool,True,Centre Striker,France,20 June 2002,738961
2726,Ferran Torres,28,9,Paris Saint Germain,False,Left/Centre/Right Attacking Midfielder,Spain,29 February 2000,793371
2727,Gerald Sibon,28,5,sc Heerenveen,False,Centre Striker,Netherlands,19 April 1974,99711
2728,João Félix,28,5,Al-Nassr,False,Second Striker,Portugal,10 November 1999,739456
2729,Tijjani Reijnders,28,5,,False,Centre Central Midfielder,Netherlands,29 July 1998,737020
2730,Andreas Johansson,28,4,,False,Midfielder,Sweden,5 July 1978,123852
2731,Craig Russell,28,4,,False,Forward,England,4 February 1974,1486
2732,Ilie Dumitrescu,28,4,,False,Midfielder,Romania,6 January 1969,1289
2733,Sol Bamba,28,4,Middlesbrough,False,Defender,Cote D’Ivoire,13 January 1985,291496
2734,Christopher Wreh,28,3,,False,Forward,Liberia,14 May 1975,1542
2735,George Hirst,28,3,Stoke City,False,Striker,Scotland,15 February 1999,792926
2736,Mateus Mané,28,3,Wolverhampton Wanderers,False,Centre Striker,Portugal,16 September 2007,736157
2737,Matt O'Riley,28,3,Marseille,False,Midfielder,Denmark,21 November 2000,741884
2738,Carles Gil,28,2,New England Revolution,False,Left/Centre/Right Attacking Midfielder,Spain,22 November 1992,154591
2739,Dan Ndoye,28,2,Nottingham Forest,True,Left/Right Winger,Switzerland,25 October 2000,739536
2740,Igor Balis,28,2,,False,Defender,Slovakia,5 January 1970,3063
2741,Ladislav Krejcí,28,2,Wolverhampton Wanderers,False,Central Defender,Czech Republic,20 April 1999,785348
2742,Owen Hargreaves,28,2,Manchester City,False,Centre Central Midfielder,England,20 January 1981,6005
2743,Simon Coleman,28,2,,False,Defender,England,13 March 1968,1145
2744,Stuart Holden,28,2,Bolton Wanderers,False,Centre Central Midfielder,United States,1 August 1985,5294
2745,Trincão,28,2,,False,Right Winger,Portugal,29 December 1999,344339
2746,Xavi Simons,28,2,Tottenham Hotspur,True,Attacking Midfielder,Netherlands,21 April 2003,740911
2747,Andrew Couzens,28,1,,False,Defender,England,4 June 1975,703
2748,André Carrillo,28,1,Riyadh ST XI,False,Left/Right Attacking Midfielder,Peru,14 June 1991,336617
2749,George Ndah,28,1,,False,Forward,Nigeria,23 December 1974,3419
2750,Jaka Bijol,28,1,Leeds United,True,Central Defender,Slovenia,5 February 1999,737230
2751,Kenny Sansom,28,1,,False,Defender,England,26 September 1958,171
2752,Kim Bo-Kyung,28,1,Jeonbuk Hyundai Motors,False,Left/Centre/Right Attacking Midfielder,South Korea,6 October 1989,109610
2753,Lee Croft,28,1,Oldham Athletic,False,Right Winger,England,21 June 1985,19810
2754,Thierry Bonalair,28,1,,False,Midfielder,France,14 June 1966,1970
2755,Alec Chamberlain,28,0,,False,Goalkeeper,England,20 June 1964,2226
2756,Andy Dibble,28,0,,False,Goalkeeper,Wales,8 May 1965,269
2757,Arijanet Muric,28,0,,False,Goalkeeper,Kosovo,7 November 1998,361625
2758,Armel Bella-Kotchap,28,0,PSV,False,Centre Central Defender,Germany,11 December 2001,346885
2759,Collin Quaner,28,0,Ipswich Town,False,Centre Striker,Germany,18 June 1991,159847
2760,Cyrus Christie,28,0,,False,Defender,Ireland,30 September 1992,741744
2761,Daniel de Ridder,28,0,,False,Left/Right Winger,Netherlands,6 March 1984,124704
2762,Eldin Jakupovic,28,0,Los Angeles Football Club,False,Goalkeeper,Switzerland,2 October 1984,337071
2763,Erik Durm,28,0,,False,Left/Right Full Back,Germany,12 May 1992,163303
2764,Ezequiel Schelotto,28,0,Brighton and Hove Albion,False,Defender,Argentina,23 May 1989,90688
2765,Fraser Digby,28,0,,False,Goalkeeper,England,23 April 1967,629
2766,Gonzalo Sorondo,28,0,Internacional,False,Defender,Uruguay,9 October 1979,108563
2767,Gregory Halford,28,0,Southend United,False,Defender,England,8 December 1984,266500
2768,Joe Ralls,28,0,Plymouth Argyle,False,Midfielder,England,12 October 1993,762202
2769,Jos Hooiveld,28,0,Millwall,False,Centre Central Defender,Netherlands,22 April 1983,14828
2770,Ki-Jana Hoever,28,0,Sparta Prague,False,Defender,Netherlands,18 January 2002,793776
2771,Kévin Théophile-Catherine,28,0,Dinamo Zagreb,False,Central Defender,France,28 October 1989,136541
2772,Lukas Jutkiewicz,28,0,Birmingham City,False,Centre Striker,England,28 March 1989,42208
2773,Lutsharel Geertruida,28,0,PSV,False,Defender,Netherlands,18 July 2000,793374
2774,Markus Rosenberg,28,0,,False,Centre Striker,Sweden,27 September 1982,15928
2775,Mattias Jonson,28,0,,False,Midfielder,Sweden,16 January 1974,3675
2776,Maxime Le Marchand,28,0,Strasbourg,False,Centre Central Defender,France,11 October 1989,313341
2777,Naouirou Ahamada,28,0,,False,Midfielder,France,29 March 2002,351454
2778,Ollie Scarles,28,0,West Ham United,False,Left Full Back,England,12 December 2005,287476
2779,Remo Freuler,28,0,Olympiakos,False,Central Midfielder,Switzerland,15 April 1992,793742
2780,Renan Lodi,28,0,Al-Hilal,False,Defender,Brazil,8 April 1998,355739
2781,Simon Royce,28,0,Gillingham,False,Goalkeeper,England,9 September 1971,95808
2782,Stefan Ortega,28,0,Olympiakos,False,Goalkeeper,Germany,6 November 1992,793735
2783,Tyrell Malacia,28,0,PSV,False,Left Full Back,Netherlands,17 August 1999,735571
2784,Elijah Adebayo,27,10,Bristol City,False,Forward,England,7 January 1998,793022
2785,Adrian Mutu,27,6,Fiorentina,False,Left/Centre/Right Second Striker,Romania,8 January 1979,173848
2786,Andrey Voronin,27,5,Hertha BSC,False,Forward,Ukraine,21 July 1979,173927
2787,Fabian De Freitas,27,5,,False,Forward,Netherlands,28 July 1972,1159
2788,Felipe Caicedo,27,5,Internazionale,False,Striker,Ecuador,5 September 1988,303212
2789,Andreas Andersson,27,4,AIK,False,Forward,Sweden,10 April 1974,784614
2790,Callum Paterson,27,4,MK Dons,False,Forward,Scotland,13 October 1994,739445
2791,Gordon Durie,27,4,Rangers,False,Forward,Scotland,6 December 1965,785073
2792,Keith Scott,27,4,Norwich City,False,Forward,England,6 September 1967,41946
2793,Marshall Munetsi,27,3,Wolverhampton Wanderers,False,Central Midfielder,Zimbabwe,22 June 1996,734875
2794,Vicente Iborra,27,3,Levante,False,Centre Defensive Midfielder,Spain,16 January 1988,101054
2795,Ángel Di María,27,3,Benfica,False,Left/Right Winger,Argentina,14 February 1988,98686
2796,Andreas Jakobsson,27,2,,False,Defender,Sweden,6 October 1972,3704
2797,Richard Naylor,27,2,,False,Defender,England,28 February 1977,27923
2798,Tyrique George,27,2,Everton,True,Left Winger,England,4 February 2006,785888
2799,Brett Holman,27,1,,False,Left/Right Second Striker,Australia,27 March 1984,6276
2800,Chris Allen,27,1,Nottingham Forest,False,Midfielder,England,18 November 1972,1251
2801,Colin Kazim-Richards,27,1,Fatih Karagümrük,False,Centre Striker,Turkiye,26 August 1986,333229
2802,Dedryck Boyata,27,1,,False,Defender,Belgium,28 November 1990,324344
2803,Dwight Tiendalli,27,1,Oxford United,False,Left/Right Full Back,Netherlands,21 October 1985,50090
2804,Marco Materazzi,27,1,Internazionale,False,Centre Central Defender,Italy,19 August 1973,105011
2805,Piero Hincapié,27,1,Arsenal,True,Centre Central Defender,Ecuador,9 January 2002,785796
2806,Robert Warzycha,27,1,,False,Midfielder,Poland,20 August 1963,183
2807,Ulrich van Gobbel,27,1,Feyenoord,False,Defender,Netherlands,16 January 1971,784819
2808,Vlad Chiriches,27,1,SC Fotbal Club FCSB SA,False,Defender,Romania,14 November 1989,363614
2809,Andy Oakes,27,0,,False,Goalkeeper,England,11 January 1977,3753
2810,Chris Armstrong,27,0,Reading,False,Defender,Scotland,5 August 1982,30092
2811,Colin Woodthorpe,27,0,,False,Defender,England,13 January 1969,360
2812,Didier Deschamps,27,0,,False,Midfielder,France,15 October 1968,2090
2813,Eric Roy,27,0,,False,Midfielder,France,26 September 1967,2205
2814,Gary Holt,27,0,Lowestoft Town,False,Midfielder,Scotland,9 March 1973,96368
2815,Grzegorz Krychowiak,27,0,AEK Athens,False,Midfielder,Poland,29 January 1990,306840
2816,Guly do Prado,27,0,Southampton,False,Left/Centre/Right Attacking Midfielder,Brazil,31 December 1981,6450
2817,Hjalmar Ekdal,27,0,Burnley,False,Centre Central Defender,Sweden,21 October 1998,336873
2818,Jamie Shackleton,27,0,Sheffield United,False,Defender,England,8 October 1999,366525
2819,Japhet Tanganga,27,0,Sheffield United,False,Defender,England,31 March 1999,740899
2820,José Manuel Jurado,27,0,,False,Left/Centre/Right Attacking Midfielder,Spain,29 June 1986,168186
2821,Pelly Mpanzu,27,0,Cambridge United,False,Midfielder,DR Congo,22 March 1994,739217
2822,Reece Burke,27,0,Charlton Athletic,False,Defender,England,2 September 1996,738297
2823,Devon White,26,9,,False,Midfielder,England,2 March 1964,440
2824,Shabani Nonda,26,7,Galatasaray,False,Centre Striker,DR Congo,6 March 1977,100337
2825,Dame N'Doye,26,6,FC København,False,Centre Striker,Senegal,21 February 1985,98944
2826,Facundo Sava,26,6,,False,Forward,Argentina,7 March 1974,2909
2827,Jari Litmanen,26,5,,False,Midfielder,Finland,20 February 1971,4622
2828,Mladen Petric,26,5,Panathinaikos,False,Forward,Croatia,1 January 1981,17976
2829,Florin Andone,26,4,Eldense,False,Centre Striker,Romania,11 April 1993,350015
2830,Lucas Pérez,26,4,PSV,False,Centre Striker,Spain,10 September 1988,736153
2831,Martin Dahlin,26,4,,False,Forward,Sweden,16 April 1968,1585
2832,Martin Pringle,26,4,,False,Forward,Sweden,18 November 1970,1859
2833,Stewart Castledine,26,4,,False,Midfielder,England,22 January 1973,847
2834,Niclas Füllkrug,26,3,,False,Centre Striker,Germany,9 February 1993,362409
2835,Rasmus Kristensen,26,3,FC Midtjylland,False,Right Full Back,Denmark,11 July 1997,24036
2836,Viv Anderson,26,3,,False,Defender,England,29 July 1956,480
2837,Danny Wilson,26,2,,False,Midfielder,Northern Ireland,1 January 1960,652
2838,Giannelli Imbula,26,2,,False,Centre Defensive Midfielder,DR Congo,12 September 1992,353917
2839,Josh Sargent,26,2,,False,Centre Striker,United States,20 February 2000,286394
2840,Robin van der Laan,26,2,,False,Midfielder,Netherlands,5 September 1968,42167
2841,Ron Willems,26,2,,False,Forward,Netherlands,20 September 1966,1378
2842,Steve Agnew,26,2,,False,Midfielder,England,9 November 1965,1478
2843,Andy Liddell,26,1,Rotherham United,False,Forward,Scotland,28 June 1973,97003
2844,Daniel Ayala,26,1,,False,Centre Central Defender,Spain,7 November 1990,351826
2845,Darren Pratley,26,1,Leyton Orient,False,Centre Central Midfielder,England,22 April 1985,280982
2846,Davide Zappacosta,26,1,Atalanta,False,Right Wing Back,Italy,11 June 1992,288543
2847,Emmanuel Rivière,26,1,,False,Centre Striker,Martinique,3 March 1990,284025
2848,Juraj Kucka,26,1,Slovan Bratislava,False,Midfielder,Slovakia,26 February 1987,324926
2849,Onel Hernández,26,1,,False,Left/Centre/Right Winger,Cuba,1 February 1993,751213
2850,Sam Surridge,26,1,,False,Centre Striker,England,28 July 1998,302967
2851,Scott Marshall,26,1,,False,Defender,Scotland,1 May 1973,2043
2852,Steve Talboys,26,1,,False,Midfielder,England,18 September 1966,572
2853,Antonio Barragán,26,0,Elche,False,Right Full Back,Spain,12 June 1987,258699
2854,Darren Sheridan,26,0,Droylsden,False,Midfielder,England,8 December 1967,176517
2855,David Robertson,26,0,,False,Midfielder,Scotland,17 October 1968,1673
2856,Derek Geary,26,0,Sheffield United,False,Defender,Ireland,19 June 1980,4327
2857,Jorrel Hato,26,0,Chelsea,True,Left Full Back,Netherlands,7 March 2006,739654
2858,Josh Onomah,26,0,Blackpool,False,Centre Central Midfielder,England,27 April 1997,377833
2859,Leon Cort,26,0,Charlton Athletic,False,Centre Central Defender,Guyana,11 September 1979,10451
2860,Luciano Zavagno,26,0,,False,Defender,Argentina,6 August 1977,2645
2861,Martin Hiden,26,0,,False,Defender,Austria,11 March 1973,1668
2862,Mauricio Isla,26,0,Fenerbahçe,False,Right Full Back,Chile,12 June 1988,93455
2863,Nick Montgomery,26,0,,False,Centre Defensive Midfielder,Scotland,28 October 1981,119765
2864,Nile Ranger,26,0,Kettering Town,False,Forward,England,11 April 1991,728774
2865,Steve Pears,26,0,Liverpool,False,Goalkeeper,England,22 January 1962,1198
2866,Ádám Bogdán,26,0,Ferencvárosi TC,False,Goalkeeper,Hungary,27 September 1987,186480
2867,Clive Mendonca,25,8,,False,Forward,England,9 September 1968,1863
2868,Finidi George,25,6,Mallorca,False,Midfielder,Nigeria,15 April 1971,127520
2869,Jeroen Boere,25,6,Southend United,False,Forward,Netherlands,18 November 1967,42031
2870,Patrick Kluivert,25,6,,False,Forward,Netherlands,1 July 1976,143180
2871,Cucho Hernández,25,5,Real Betis,False,Centre Striker,Colombia,20 April 1999,735538
2872,Emile Mpenza,25,5,,False,Forward,Belgium,4 July 1978,4232
2873,Nikola Zigic,25,5,Birmingham City,False,Centre Striker,Serbia,25 September 1980,58730
2874,Wesley,25,5,Stoke City,False,Striker,Brazil,24 November 1996,357649
2875,Mateja Kezman,25,4,,False,Centre Striker,Serbia,12 April 1979,126653
2876,Bernardo Corradi,25,3,,False,Forward,Italy,30 March 1976,4234
2877,Charalampos Kostoulas,25,3,,False,Striker,Greece,30 May 2007,737209
2878,Christian Nade,25,3,,False,Forward,France,18 September 1984,120785
2879,Mark Brennan,25,3,,False,Midfielder,England,4 October 1965,410
2880,Victor Obinna,25,3,,False,Centre Striker,Nigeria,25 March 1987,5854
2881,Eric Tinkler,25,2,,False,Midfielder,South Africa,30 July 1970,1775
2882,Estêvão,25,2,Chelsea,True,Right Winger,Brazil,24 April 2007,738833
2883,Jaden Philogene,25,2,Ipswich Town,True,Left Winger,England,8 February 2002,731772
2884,Jonathan Hunt,25,2,St Albans City,False,Midfielder,England,2 November 1971,28916
2885,Luke Chadwick,25,2,Cambridge United,False,Left/Centre/Right Attacking Midfielder,England,18 November 1980,14391
2886,Mark González,25,2,CSKA Moscow,False,Left Winger,Chile,10 July 1984,7937
2887,Nicolò Zaniolo,25,2,Udinese,False,Centre Attacking Midfielder,Italy,2 July 1999,791902
2888,Andrea Dossena,25,1,Leyton Orient,False,Defender,Italy,11 September 1981,14764
2889,Asier Del Horno,25,1,Levante,False,Left Full Back,Spain,19 January 1981,101047
2890,Caçapa,25,1,,False,Defender,Brazil,29 May 1976,4702
2891,Jamie Fullarton,25,1,,False,Midfielder,Scotland,20 July 1974,1628
2892,Josh Acheampong,25,1,Chelsea,True,Right Full Back,England,5 May 2006,358241
2893,Martin Andresen,25,1,,False,Midfielder,Norway,2 February 1977,3165
2894,Max Gradel,25,1,,False,Winger,Cote D’Ivoire,30 November 1987,361396
2895,Michael Meaker,25,1,Taunton Town,False,Midfielder,Wales,18 August 1971,41404
2896,Ricky van Wolfswinkel,25,1,FC Twente,False,Forward,Netherlands,27 January 1989,363609
2897,Sam Greenwood,25,1,Bristol City,False,Midfielder,England,26 January 2002,785404
2898,Steven Mouyokolo,25,1,Celtic,False,Defender,France,24 January 1987,7042
2899,Yoshinori Muto,25,1,Vissel Kobe,False,Left/Centre/Right Second Striker,Japan,15 July 1992,340170
2900,Youl Mawene,25,1,Preston North End,False,Defender,France,16 July 1979,96882
2901,Alan Miller,25,0,,False,Goalkeeper,England,29 March 1970,2535
2902,Chris Gunter,25,0,AFC Wimbledon,False,Right Full Back,Wales,21 July 1989,315655
2903,Craig Moore,25,0,,False,Defender,Australia,12 December 1975,3933
2904,Danny Williams,25,0,Huddersfield Town,False,Centre Defensive Midfielder,United States,8 March 1989,48514
2905,Darren Pitcher,25,0,,False,Midfielder,England,12 October 1969,938
2906,Djibril Sidibé,25,0,Toulouse,False,Right Full Back,France,29 July 1992,362212
2907,Eddie Lewis,25,0,,False,Midfielder,United States,17 May 1974,4587
2908,Enrique De Lucas,25,0,Hércules,False,Left/Centre/Right Second Striker,Spain,17 August 1978,103193
2909,Frédéric Guilbert,25,0,Lecce,False,Right Full Back,France,24 December 1994,386535
2910,George Friend,25,0,Bristol Rovers,False,Left Full Back,England,17 October 1987,341405
2911,Jesper Lindstrøm,25,0,FC Red Bull Salzburg,False,Centre Central Midfielder,Denmark,29 February 2000,794564
2912,Jonathan Gould,25,0,Preston North End,False,Goalkeeper,Scotland,18 July 1968,353176
2913,Jordan Veretout,25,0,,False,Centre Central Midfielder,France,1 March 1993,364907
2914,Mark Tinkler,25,0,Leeds United,False,Midfielder,England,24 October 1974,232
2915,Matteo Sereni,25,0,Lazio,False,Goalkeeper,Italy,11 February 1975,278664
2916,Richard Kingson,25,0,,False,Goalkeeper,Ghana,13 June 1978,5634
2917,Roger Nilsen,25,0,,False,Defender,Norway,8 August 1969,2001
2918,Roger Palmer,25,0,,False,Forward,England,30 January 1959,416
2919,Scott McKenna,25,0,Dinamo Zagreb,False,Centre Central Defender,Scotland,12 November 1996,738845
2920,Scott Taylor,25,0,,False,Midfielder,England,23 November 1970,1404
2921,Steven Haslam,25,0,AFC Fylde,False,Defender,England,6 September 1979,27640
2922,Tom Cowan,25,0,Huddersfield Town,False,Defender,Scotland,28 June 1969,41864
2923,Édouard Cissé,25,0,Marseille,False,Centre Defensive Midfielder,France,30 March 1978,99475
2924,Ben Brereton,24,6,Sheffield United,False,Centre Striker,Chile,18 April 1999,355027
2925,Attilio Lombardo,24,5,Lazio,False,Midfielder,Italy,6 January 1966,784934
2926,Brown Ideye,24,4,Aris,False,Centre Striker,Nigeria,10 October 1988,170670
2927,Manor Solomon,24,4,West Ham United,False,Left Winger,Israel,24 July 1999,792325
2928,Aboubakar Kamara,24,3,Olympiakos,False,Forward,Mauritania,7 March 1995,314687
2929,Julio Baptista,24,3,Bolton Wanderers,False,Centre Striker,Brazil,1 October 1981,53180
2930,Alan Mahon,24,2,Tranmere Rovers,False,Midfielder,Ireland,4 April 1978,29175
2931,Enock Mwepu,24,2,Brighton and Hove Albion,False,Left/Centre/Right Attacking Midfielder,Zambia,1 January 1998,278143
2932,Ji Dong-Won,24,2,,False,Centre Striker,South Korea,28 May 1991,172483
2933,Noel Hunt,24,2,Wigan Athletic,False,Centre Striker,Ireland,26 December 1982,11225
2934,Christian Bassedas,24,1,,False,Midfielder,Argentina,16 February 1973,2484
2935,Esteban Granero,24,1,Marbella,False,Centre Central Midfielder,Spain,2 July 1987,180054
2936,Javier Margas,24,1,,False,Defender,Chile,10 May 1969,2009
2937,Lewis Grabban,24,1,,False,Centre Striker,England,12 January 1988,130768
2938,Magaye Gueye,24,1,,False,Forward,Senegal,6 July 1990,276870
2939,Patrick Colleter,24,1,,False,Defender,France,6 November 1965,1987
2940,Paul Trollope,24,1,,False,Midfielder,Wales,3 June 1972,2790
2941,Scott Oakes,24,1,,False,Midfielder,England,5 August 1972,1451
2942,Andrew Crofts,24,0,Brighton and Hove Albion,False,Centre Central Midfielder,Wales,29 May 1984,272996
2943,Bryan Gil,24,0,Girona,False,Left Winger,Spain,11 February 2001,361997
2944,David Kelly,24,0,,False,Forward,Ireland,25 November 1965,1489
2945,Duncan Jupp,24,0,Gillingham,False,Defender,Scotland,25 January 1975,352986
2946,Erik Meijer,24,0,,False,Forward,Netherlands,2 August 1969,2144
2947,Espen Baardsen,24,0,,False,Goalkeeper,Norway,7 December 1977,2895
2948,Issa Kaboré,24,0,Wrexham,False,Right Full Back,Burkina Faso,12 May 2001,793202
2949,Jason Denayer,24,0,,False,Centre Central Defender,Belgium,28 June 1995,136218
2950,Jeremie Frimpong,24,0,Liverpool,True,Right Full Back,Netherlands,10 December 2000,736958
2951,Jorge Costa,24,0,,False,Defender,Portugal,14 October 1971,2628
2952,Jorge Cuenca,24,0,Fulham,True,Centre Central Defender,Spain,17 November 1999,362397
2953,Julio César,24,0,Benfica,False,Goalkeeper,Brazil,3 September 1979,15791
2954,Lee Peltier,24,0,Rotherham United,False,Right Full Back,England,11 December 1986,321317
2955,Marco Stiepermann,24,0,SC Paderborn 07,False,Centre Striker,Germany,9 February 1991,289635
2956,Mark Travers,24,0,Everton,True,Goalkeeper,Ireland,18 May 1999,738483
2957,Neil Moss,24,0,,False,Goalkeeper,England,10 May 1975,1455
2958,Paul Heald,24,0,,False,Goalkeeper,England,20 September 1968,1294
2959,Peter Shirtliff,24,0,,False,Defender,England,6 April 1961,1778
2960,Ricardo Rocha,24,0,Portsmouth,False,Defender,Portugal,3 October 1978,5434
2961,Ryan Manning,24,0,Southampton,False,Defender,Ireland,14 June 1996,367406
2962,Stephen Bywater,24,0,Burton Albion,False,Goalkeeper,England,7 June 1981,18854
2963,Stephen Pearson,24,0,Bristol City,False,Attacking Midfielder,Scotland,2 October 1982,10246
2964,James Rodríguez,23,6,Rayo Vallecano,False,Left/Centre/Right Attacking Midfielder,Colombia,12 July 1991,363358
2965,Lee Power,23,6,,False,Forward,England,30 June 1972,376
2966,Guillermo Franco,23,5,,False,Centre Striker,Mexico,3 November 1976,5501
2967,Michel Ngonge,23,5,,False,Forward,DR Congo,10 January 1967,2248
2968,Cristhian Stuani,23,4,Middlesbrough,False,Centre Striker,Uruguay,12 October 1986,19648
2969,Georgi Hristov,23,4,,False,Forward,North Macedonia,30 January 1976,1565
2970,Ibrahima Bakayoko,23,4,Osasuna,False,Forward,Cote D’Ivoire,31 December 1976,127570
2971,Martin Paterson,23,4,,False,Centre Striker,Northern Ireland,10 May 1987,35179
2972,Gheorghe Popescu,23,3,Galatasaray,False,Defender,Romania,9 October 1967,784881
2973,Joel Campbell,23,3,Real Betis,False,Forward,Costa Rica,26 June 1992,298499
2974,Jon Dahl Tomasson,23,3,Villarreal,False,Forward,Denmark,29 August 1976,173805
2975,Joonas Kolkka,23,3,,False,Midfielder,Finland,28 September 1974,3554
2976,Richard Johnson,23,3,Queens Park Rangers,False,Midfielder,Australia,27 April 1974,353227
2977,Samuel Chukwueze,23,3,Milan,False,Left/Right Winger,Nigeria,22 May 1999,741697
2978,Allan Johnston,23,2,,False,Midfielder,Scotland,14 December 1973,2734
2979,André Santos,23,2,,False,Midfielder,Brazil,8 March 1983,117202
2980,Daniel Jebbison,23,2,Preston North End,False,Centre Striker,Canada,13 August 2003,738117
2981,David Edgar,23,2,Hartlepool United,False,Defender,Canada,19 May 1987,181478
2982,Jovan Kirovski,23,2,,False,Midfielder,United States,18 March 1976,2835
2983,Kalidou Koulibaly,23,2,Al-Hilal,False,Centre Central Defender,Senegal,20 June 1991,354647
2984,Elliot Grandin,23,1,Grimsby Town,False,Left Winger,France,17 October 1987,180305
2985,Evann Guessand,23,1,Crystal Palace,True,Striker,Cote D’Ivoire,1 July 2001,792493
2986,Fernando Amorebieta,23,1,Sporting de Gijón,False,Centre Central Defender,Venezuela,29 March 1985,106310
2987,Gary Crosby,23,1,,False,Midfielder,England,8 May 1964,394
2988,Jhon Arias,23,1,,False,Attacking Midfielder,Colombia,21 September 1997,738994
2989,Jordan Clark,23,1,Luton Town,False,Right Winger,England,22 September 1993,187454
2990,Keith Jones,23,1,,False,Midfielder,England,14 October 1965,2027
2991,Mahamadou Diarra,23,1,,False,Centre Central Midfielder,Mali,18 May 1981,5978
2992,Marcus Edwards,23,1,Burnley,False,Right Winger,England,3 December 1998,737210
2993,Mathias Normann,23,1,Norwich City,False,Centre Central Midfielder,Norway,28 May 1996,288592
2994,Michael Williams,23,1,,False,Forward,England,21 November 1969,492
2995,Samba Diakité,23,1,Watford,False,Centre Central Midfielder,Mali,24 January 1989,12503
2996,Sébastien Squillaci,23,1,Arsenal,False,Centre Central Defender,France,11 August 1980,5587
2997,Carlos Salcido,23,0,Guadalajara,False,Left/Centre Full Back,Mexico,2 April 1980,54960
2998,Didier Digard,23,0,Lorca,False,Centre Central Midfielder,France,12 July 1986,116227
2999,Felipe,23,0,Nottingham Forest,False,Centre Central Defender,Brazil,16 May 1989,360753
3000,Ilia Gruev,23,0,Leeds United,False,Midfielder,Bulgaria,6 May 2000,794858
3001,Jaydee Canvot,23,0,Crystal Palace,True,Centre Central Defender,France,29 July 2006,741615
3002,José Cañas,23,0,,False,Midfielder,Spain,27 May 1987,163118
3003,Kaba Diawara,23,0,,False,Forward,Guinea,16 December 1975,2522
3004,Kerim Frei,23,0,Fatih Karagümrük,False,Left/Right Winger,Turkiye,19 November 1993,333217
3005,Lee Dong-Gook,23,0,K-League XI,False,Centre Striker,South Korea,29 April 1979,109776
3006,Lee Hughes,23,0,Worcester City,False,Forward,England,22 May 1976,20440
3007,Lee Philpott,23,0,,False,Midfielder,England,21 February 1970,978
3008,Marek Cech,23,0,Trabzonspor,False,Left Full Back,Slovakia,26 January 1983,113671
3009,Pegguy Arphexad,23,0,,False,Goalkeeper,France,18 May 1973,2420
3010,Shane Ferguson,23,0,Rotherham United,False,Left Winger,Northern Ireland,12 July 1991,282267
3011,Silvio Maric,23,0,Panathinaikos,False,Midfielder,Croatia,20 March 1975,279027
3012,Souleymane Diawara,23,0,,False,Centre Central Defender,Senegal,24 December 1978,120106
3013,Tony Popovic,23,0,,False,Defender,Australia,4 July 1973,3533
3014,Yun Suk-Young,23,0,Charlton Athletic,False,Left Full Back,South Korea,13 February 1990,18929
3015,Deniz Undav,22,5,VfB Stuttgart,False,Centre Striker,Germany,19 July 1996,362988
3016,Samassi Abou,22,5,,False,Forward,France,4 April 1973,1768
3017,Federico Macheda,22,4,Ankaragücü,False,Forward,Italy,22 August 1991,357892
3018,Mickey Evans,22,4,Plymouth Argyle,False,Forward,Ireland,1 January 1973,353161
3019,Apostolos Vellios,22,3,,False,Forward,Greece,8 January 1992,341303
3020,Herlyn Zuniga,22,3,,False,Forward,Peru,27 August 1976,2104
3021,Jeremain Lens,22,3,Versailles,False,Forward,Netherlands,24 November 1987,360451
3022,Sixto Peralta,22,3,CFR Cluj,False,Centre Attacking Midfielder,Argentina,16 April 1979,98791
3023,Stuart Wilson,22,3,,False,Midfielder,Scotland,16 September 1977,1407
3024,Stéphane Dalmat,22,3,Internazionale,False,Midfielder,France,16 February 1979,3371
3025,Adama Diomande,22,2,Toronto FC,False,Forward,Norway,14 February 1990,337712
3026,Habib Diarra,22,2,Sunderland,True,Defensive Midfielder,Senegal,3 January 2004,737576
3027,Rio Ngumoha,22,2,Liverpool,True,Left Winger,England,29 August 2008,740040
3028,Rubén Rochina,22,2,Granada CF,False,Left/Centre/Right Attacking Midfielder,Spain,23 March 1991,105856
3029,Stefan Moore,22,2,Brackley Town,False,Forward,England,28 September 1983,40672
3030,Anthony Stokes,22,1,,False,Centre Striker,Ireland,25 July 1988,172568
3031,Conor Chaplin,22,1,Leicester City,False,Forward,England,16 February 1997,786021
3032,Darren Patterson,22,1,,False,Defender,Northern Ireland,15 October 1969,1080
3033,David Connolly,22,1,,False,Centre Striker,Ireland,6 June 1977,14192
3034,Isaac Mbenza,22,1,Sporting de Charleroi,False,Forward,Belgium,8 March 1996,306615
3035,Kalifa Cissé,22,1,,False,Centre Central Defender,Mali,9 January 1984,136199
3036,Kasey McAteer,22,1,Ipswich Town,True,Right Attacking Midfielder,Ireland,22 November 2001,740618
3037,Mark Williams,22,1,,False,Defender,Northern Ireland,28 September 1970,2285
3038,Michael Reiziger,22,1,,False,Defender,Netherlands,3 May 1973,3628
3039,Sam Field,22,1,Norwich City,False,Midfielder,England,8 May 1998,785390
3040,Sam Gallagher,22,1,Stoke City,False,Forward,England,15 September 1995,362147
3041,Siem de Jong,22,1,Ajax,False,Centre Attacking Midfielder,Netherlands,28 January 1989,6829
3042,Soungoutou Magassa,22,1,West Ham United,False,Centre Defensive Midfielder,France,8 October 2003,740959
3043,Sékou Mara,22,1,Strasbourg,False,Centre Striker,France,30 July 2002,386579
3044,Zavon Hines,22,1,Bromley,False,Forward,England,27 December 1988,141167
3045,Alejandro Pozuelo,22,0,,False,Left/Centre/Right Attacking Midfielder,Spain,20 September 1991,315764
3046,Ayden Heaven,22,0,Manchester United,True,Left Full Back,England,22 September 2006,736044
3047,Charlie Hartfield,22,0,Sheffield United,False,Midfielder,England,14 September 1971,467
3048,Craig Armstrong,22,0,Forest Green Rovers,False,Defender,England,23 May 1975,27498
3049,Cristhian Mosquera,22,0,Arsenal,False,Central Defender,Spain,27 June 2004,739014
3050,David Møller Wolfe,22,0,,False,Left Full Back,Norway,23 April 2002,739653
3051,Freddie Potts,22,0,Club Brugge,False,Midfielder,England,12 September 2003,790530
3052,James Bree,22,0,Southampton,False,Defender,England,11 December 1997,741712
3053,Jan Kirchhoff,22,0,KFC Uerdingen 05,False,Centre Central Defender,Germany,1 October 1990,186622
3054,Jazz Richards,22,0,Cardiff City,False,Right Full Back,Wales,12 April 1991,184839
3055,Jürgen Macho,22,0,Chelsea,False,Goalkeeper,Austria,24 August 1977,3191
3056,Mike Trésor,22,0,Burnley,False,Left Winger,Belgium,28 May 1999,361182
3057,Neil Lewis,22,0,,False,Defender,England,28 June 1974,970
3058,Scott Malone,22,0,Crawley Town,False,Defender,England,25 March 1991,740915
3059,William Buckley,22,0,Bolton Wanderers,False,Left/Right Winger,England,21 November 1989,46955
3060,Yacouba Sylla,22,0,UNFP,False,Midfielder,Mali,29 November 1990,342334
3061,Youssef Chermiti,22,0,Rangers,False,Centre Striker,Portugal,24 May 2004,741895
3062,Lee Mills,21,5,Stoke City,False,Forward,England,10 July 1970,353349
3063,Ronnie Ekelund,21,5,,False,Midfielder,Denmark,21 August 1972,1172
3064,Eduardo Vargas,21,3,Tigres,False,Left/Centre/Right Second Striker,Chile,20 November 1989,49206
3065,Nicola Berti,21,3,,False,Midfielder,Italy,14 April 1967,1753
3066,Royston Drenthe,21,3,,False,Midfielder,Netherlands,8 April 1987,128759
3067,Sofiane Féghouli,21,3,Fatih Karagümrük,False,Right Winger,Algeria,26 December 1989,334057
3068,Ahmed Musa,21,2,,False,Left/Right Winger,Nigeria,14 October 1992,326901
3069,Alex Baptiste,21,2,Bolton Wanderers,False,Centre Central Defender,England,31 January 1986,58751
3070,Andranik Teymourian,21,2,,False,Centre Defensive Midfielder,Iran,6 March 1983,4945
3071,Claudio Pizarro,21,2,SV Werder Bremen,False,Centre Striker,Peru,3 October 1978,100036
3072,Cobi Jones,21,2,,False,Midfielder,United States,16 June 1970,923
3073,Daniel Cordone,21,2,,False,Forward,Argentina,6 January 1974,2487
3074,Gabriel Osho,21,2,Cardiff City,False,Centre Central Defender,Nigeria,14 August 1998,740913
3075,Giorgos Donis,21,2,,False,Midfielder,Greece,22 October 1969,1331
3076,Michael Proctor,21,2,Rotherham United,False,Forward,England,3 October 1980,353284
3077,Paul Hughes,21,2,,False,Midfielder,England,19 April 1976,2185
3078,Albert Luque,21,1,,False,Left/Centre Second Striker,Spain,11 March 1978,101391
3079,Arnold Mvuemba,21,1,Lyon,False,Centre Central Midfielder,France,28 January 1985,8774
3080,Denis Stracqualursi,21,1,,False,Centre Striker,Argentina,20 October 1987,143091
3081,Hayden Foxe,21,1,,False,Defender,Australia,23 June 1977,3326
3082,Hidetoshi Nakata,21,1,,False,Midfielder,Japan,22 January 1977,3830
3083,Jem Karacan,21,1,Scunthorpe United,False,Centre Central Midfielder,Turkiye,21 February 1989,266857
3084,Josip Drmic,21,1,Dinamo Zagreb,False,Forward,Switzerland,8 August 1992,324227
3085,Juan Camilo Zuñiga,21,1,,False,Right Full Back,Colombia,14 December 1985,94449
3086,Juninho Bacuna,21,1,,False,Centre Central Midfielder,Curacao,7 August 1997,302328
3087,Kieran Dowell,21,1,Hull City,True,Attacking Midfielder,England,10 October 1997,775427
3088,Stanislav Varga,21,1,,False,Defender,Slovakia,8 October 1972,2502
3089,Walid Badir,21,1,Hapoel Tel Aviv,False,Centre Central Defender,Israel,12 March 1974,99265
3090,Abdeslam Ouaddou,21,0,Nancy,False,Centre Central Defender,Morocco,1 November 1978,174304
3091,Amari'i Bell,21,0,Charlton Athletic,False,Defender,Jamaica,5 May 1994,737893
3092,Andy Williams,21,0,,False,Defender,Wales,8 October 1977,1746
3093,David O'Leary,21,0,Leeds United,False,Defender,Ireland,2 May 1958,702
3094,David Rozehnal,21,0,Lille,False,Centre Central Defender,Czech Republic,5 July 1980,17874
3095,Frode Grodås,21,0,,False,Goalkeeper,Norway,24 October 1964,1750
3096,Håvard Nordtveit,21,0,Fulham,False,Centre Central Defender,Norway,21 June 1990,154435
3097,Jeremy Ngakia,21,0,Watford,False,Right Full Back,DR Congo,7 September 2000,188297
3098,Josemi,21,0,Cartagena,False,Right Full Back,Spain,15 November 1979,102232
3099,Junior Lewis,21,0,,False,Midfielder,England,9 October 1973,2415
3100,Keith Southern,21,0,Shrewsbury Town,False,Centre Central Midfielder,England,24 April 1981,15154
3101,Kenny Brown,21,0,,False,Defender,England,11 July 1967,42096
3102,Lloyd Doyley,21,0,Billericay Town,False,Defender,Jamaica,1 December 1982,144519
3103,Luke Wilkshire,21,0,,False,Full Back,Australia,2 October 1981,55232
3104,Mark Gower,21,0,Charlton Athletic,False,Central Midfielder,England,5 October 1978,10464
3105,Morgan Sanson,21,0,Nice,False,Attacking Midfielder,France,18 August 1994,360576
3106,Nabil El Zhar,21,0,Muaither,False,Midfielder,Morocco,27 August 1986,336640
3107,Ondrej Celustka,21,0,Sparta Prague,False,Defender,Czech Republic,18 June 1989,258544
3108,Paul Holmes,21,0,West Bromwich Albion,False,Defender,England,18 February 1968,42073
3109,Quilindschy Hartman,21,0,Burnley,False,Left Full Back,Netherlands,14 November 2001,737235
3110,Radek Cerny,21,0,Queens Park Rangers,False,Goalkeeper,Czech Republic,18 February 1974,6066
3111,Robin Olsen,21,0,Malmö FF,False,Goalkeeper,Sweden,8 January 1990,15908
3112,Sofyan Amrabat,21,0,Ajax,False,Midfielder,Morocco,21 August 1996,794389
3113,Tony Warner,21,0,Accrington Stanley,False,Goalkeeper,Trinidad & Tobago,11 May 1974,16179
3114,Tore Pedersen,21,0,,False,Defender,Norway,29 September 1969,2291
3115,Yaya Sanogo,21,0,Huddersfield Town,False,Centre Striker,France,27 January 1993,270135
3116,Zesh Rehman,21,0,Gillingham,False,Centre Central Defender,Pakistan,14 October 1983,43639
3117,Andy Preece,20,4,,False,Midfielder,England,27 March 1967,940
3118,Nathaniel Méndez-Laing,20,4,MK Dons,False,Forward,Guatemala,15 April 1992,737286
3119,Sam Szmodics,20,4,Derby County,False,Forward,Ireland,24 September 1995,776414
3120,Sean McCarthy,20,4,,False,Forward,England,12 September 1967,763
3121,Steven Thompson,20,4,Burnley,False,Centre Striker,Scotland,14 October 1978,5335
3122,Andy Turner,20,3,Portsmouth,False,Midfielder,Northern Ireland,23 March 1975,41975
3123,Maurizio Gaudino,20,3,,False,Midfielder,Germany,12 December 1966,1003
3124,Micky Gynn,20,3,,False,Midfielder,England,19 August 1961,602
3125,David Goodwillie,20,2,Preston North End,False,Forward,Scotland,28 March 1989,30605
3126,Eliezer Mayenda,20,2,Rennes,False,Centre Striker,Spain,8 May 2005,785788
3127,Kléberson,20,2,Manchester United,False,Midfielder,Brazil,19 June 1979,3296
3128,Mark Hateley,20,2,,False,Forward,England,7 November 1961,1519
3129,Paul McVeigh,20,2,,False,Forward,Northern Ireland,6 December 1977,98252
3130,Paul Simpson,20,2,,False,Midfielder,England,26 July 1966,42152
3131,Rory Allen,20,2,,False,Forward,England,17 October 1977,1278
3132,Borja Bastón,20,1,Pachuca,False,Forward,Spain,25 August 1992,364894
3133,Brett Angell,20,1,Queens Park Rangers,False,Forward,England,20 August 1968,353249
3134,Chris Rigg,20,1,Sunderland,True,Centre Attacking Midfielder,England,18 June 2007,335813
3135,Derek Lilley,20,1,,False,Forward,Scotland,9 February 1974,1396
3136,Hatem Trabelsi,20,1,,False,Defender,Tunisia,25 January 1977,4223
3137,Johnnie Jackson,20,1,Charlton Athletic,False,Centre Central Midfielder,England,15 August 1982,10457
3138,Lilian Nalis,20,1,,False,Midfielder,France,29 September 1971,3257
3139,Luciano Vietto,20,1,Al-Hilal,False,Left/Centre/Right Striker,Argentina,5 December 1993,281619
3140,Mario Vrancic,20,1,HNK Rijeka,False,Centre Central Midfielder,Bosnia & Herzegovina,23 May 1989,335456
3141,Nordin Wooter,20,1,Panathinaikos,False,Forward,Netherlands,24 August 1976,279037
3142,Simo Valakari,20,1,,False,Midfielder,Finland,28 April 1973,2357
3143,Steve Howard,20,1,,False,Forward,Scotland,10 May 1976,13141
3144,Thorvaldu Örlygsson,20,1,,False,Midfielder,Iceland,2 August 1966,386
3145,Andre Brooks,20,0,Norwich City,False,Midfielder,Jamaica,20 August 2003,785405
3146,Andy van der Meijde,20,0,PSV,False,Midfielder,Netherlands,30 September 1979,99557
3147,Bashir Humphreys,20,0,Burnley,False,Centre Central Defender,England,15 March 2003,737211
3148,Brendan Galloway,20,0,Plymouth Argyle,False,Left Full Back,Zimbabwe,17 March 1996,282266
3149,Carl Shutt,20,0,,False,Forward,England,10 October 1961,1096
3150,Christoph Zimmermann,20,0,SV Darmstadt 98,False,Centre Central Defender,Germany,12 January 1993,341435
3151,Clint Marcelle,20,0,Barnsley,False,Forward,,9 November 1968,1568
3152,Darren Holloway,20,0,,False,Defender,England,3 October 1977,1471
3153,Dean Moxey,20,0,Torquay United,False,Left Full Back,England,14 January 1986,261485
3154,Declan John,20,0,Salford City,False,Left Full Back,Wales,30 June 1995,347551
3155,Federico Fazio,20,0,Salernitana,False,Centre Central Defender,Argentina,17 March 1987,312874
3156,Harrison Armstrong,20,0,Derby County,False,Midfielder,England,19 January 2007,741720
3157,Henrique Hilário,20,0,Chelsea,False,Goalkeeper,Portugal,21 October 1975,4167
3158,Imrân Louza,20,0,Panathinaikos,False,Midfielder,Morocco,1 May 1999,794487
3159,James Chambers,20,0,Walsall,False,Full Back,England,20 November 1980,12465
3160,Josh Sims,20,0,Southampton,False,Left/Right Winger,England,28 March 1997,291870
3161,Julius Aghahowa,20,0,Kayserispor,False,Centre Striker,Nigeria,12 February 1982,99732
3162,Lucas Pires,20,0,Burnley,False,Left Full Back,Brazil,24 March 2001,361180
3163,Matt Duke,20,0,Chesterfield,False,Goalkeeper,England,16 July 1977,43580
3164,Ozan Kabak,20,0,TSG 1899 Hoffenheim,False,Centre Central Defender,Turkiye,25 March 2000,342398
3165,Salomon Olembé,20,0,Kayserispor,False,Midfielder,Cameroon,8 December 1980,174015
3166,Sam McQueen,20,0,Middlesbrough,False,Left Winger,England,6 February 1995,138388
3167,Thomas Helveg,20,0,,False,Midfielder,Denmark,24 June 1971,3670
3168,Aruna Dindane,19,8,Portsmouth,False,Centre Second Striker,Cote D’Ivoire,26 November 1980,5452
3169,Mickaël Madar,19,6,,False,Forward,France,8 May 1968,1666
3170,Rayan,19,5,Bournemouth,True,Left/Centre/Right Striker,Brazil,3 August 2006,775775
3171,Nolito,19,4,,False,Left Winger,Spain,15 October 1986,329264
3172,Rolando Bianchi,19,4,,False,Centre Striker,Italy,15 February 1983,104394
3173,Orlando Trustfull,19,3,,False,Midfielder,Netherlands,4 August 1970,1521
3174,Andrew Gray,19,2,,False,Midfielder,England,22 February 1964,555
3175,Ansu Fati,19,2,Monaco,False,Left/Centre Winger,Spain,31 October 2002,794205
3176,Jacob Brown,19,2,Portsmouth,False,Forward,Scotland,10 April 1998,776424
3177,Jared Borgetti,19,2,,False,Forward,Mexico,14 August 1973,3835
3178,Jetro Willems,19,2,Castellón,False,Left Full Back,Netherlands,30 March 1994,376749
3179,Jimmy Carter,19,2,Portsmouth,False,Midfielder,England,9 November 1965,41973
3180,Nathan Broadhead,19,2,Wrexham,False,Forward,Wales,5 April 1998,740387
3181,Caleb Okoli,19,1,Leicester City,False,Central Defender,Italy,13 July 2001,360637
3182,David Lee,19,1,,False,Midfielder,England,26 November 1967,1151
3183,Frankie Bennett,19,1,,False,Forward,England,13 January 1969,790
3184,Hassane Kamara,19,1,Watford,False,Left Full Back,Cote D’Ivoire,5 March 1994,324090
3185,Hélder Postiga,19,1,Deportivo de La Coruña,False,Centre Striker,Portugal,2 August 1982,105783
3186,Kenneth Zohore,19,1,,False,Forward,Denmark,31 January 1994,354947
3187,Merlin Röhl,19,1,Everton,True,Attacking Midfielder,Germany,5 July 2002,785357
3188,Nathaniel Phillips,19,1,West Bromwich Albion,False,Defender,England,21 March 1997,737242
3189,Paul Miller,19,1,,False,Midfielder,England,31 January 1968,573
3190,Rachid Ghezzal,19,1,Lyon,False,Right Winger,Algeria,9 May 1992,8766
3191,Ramón Sosa,19,1,,False,Winger,Paraguay,31 August 1999,362962
3192,Steve Basham,19,1,Oxford City,False,Forward,England,2 December 1977,177230
3193,Steven Pressley,19,1,,False,Defender,Scotland,11 October 1973,1078
3194,Adam Hammill,19,0,Scunthorpe United,False,Right Winger,England,25 January 1988,144559
3195,Alex Pearce,19,0,AFC Wimbledon,False,Defender,Ireland,9 November 1988,314475
3196,Anders Lindegaard,19,0,,False,Goalkeeper,Denmark,13 April 1984,53321
3197,Andreas Isaksson,19,0,Kasimpasa S.K.,False,Goalkeeper,Sweden,3 October 1981,122274
3198,Anthony Henri Vanden Borre,19,0,,False,Right Full Back,Belgium,24 October 1987,114201
3199,Ashley Fletcher,19,0,Blackpool,False,Centre Striker,England,2 October 1995,359443
3200,Ben Hamer,19,0,Queens Park Rangers,False,Goalkeeper,England,20 November 1987,746780
3201,Brian O'Neil,19,0,Preston North End,False,Defender,Scotland,6 September 1972,353183
3202,Dean Yates,19,0,,False,Defender,England,26 October 1967,2231
3203,Eddie Johnson,19,0,Seattle Sounders FC,False,Centre Striker,United States,31 March 1984,110450
3204,Eric García,19,0,Barcelona,False,Centre Central Defender,Spain,9 January 2001,346830
3205,Georges-Kévin Nkoudou,19,0,Besiktas,False,Left/Right Winger,Cameroon,13 February 1995,163251
3206,Isaiah Osbourne,19,0,Walsall,False,Centre Central Midfielder,England,5 November 1987,20246
3207,Jay Fulton,19,0,Wigan Athletic,False,Midfielder,Scotland,1 April 1994,93975
3208,Jordan Bowery,19,0,Mansfield Town,False,Centre Striker,St. Kitts & Nevis,2 July 1991,195110
3209,Jordan Zemura,19,0,Watford,False,Defender,Zimbabwe,14 November 1999,790512
3210,Keiren Westwood,19,0,Crewe Alexandra,False,Goalkeeper,Ireland,23 October 1984,357323
3211,Lee Sinnott,19,0,,False,Midfielder,England,12 July 1965,155
3212,Leon Andreasen,19,0,Hannover 96,False,Left/Centre/Right Defensive Midfielder,Denmark,23 April 1983,122157
3213,Marco van Ginkel,19,0,,False,Central Midfielder,Netherlands,1 December 1992,277149
3214,Mark Jackson,19,0,,False,Defender,England,30 September 1977,1194
3215,Mark Wilson,19,0,Oxford United,False,Midfielder,England,9 February 1979,177236
3216,Pierre Ducrocq,19,0,,False,Midfielder,France,18 December 1976,2785
3217,Radosav Petrovic,19,0,APOEL Nicosia,False,Midfielder,Serbia,8 March 1989,363920
3218,Romaine Sawyers,19,0,Bristol Rovers,False,Midfielder,St. Kitts & Nevis,2 November 1991,731009
3219,Samir,19,0,Watford,False,Centre Central Defender,Brazil,5 December 1994,300001
3220,Samuel Edozie,19,0,RSC Anderlecht,False,Left/Right Winger,England,28 January 2003,364898
3221,Steve Thompson,19,0,,False,Midfielder,England,2 November 1964,1091
3222,Thomas Butler,19,0,,False,Centre Central Midfielder,Ireland,25 April 1981,6245
3223,Vitinha,19,0,Paris Saint Germain,False,Centre Attacking Midfielder,Portugal,13 February 2000,314799
3224,Weston McKennie,19,0,Leeds United,False,Centre Central Midfielder,United States,28 August 1998,337759
3225,Valentín Castellanos,18,6,West Ham United,False,Striker,Argentina,3 October 1998,772653
3226,Bernie Slaven,18,4,,False,Forward,Ireland,13 November 1960,631
3227,Carl Griffiths,18,4,,False,Forward,Wales,16 July 1971,719
3228,Datro Fofana,18,4,Strasbourg,False,Striker,Cote D’Ivoire,22 December 2002,776611
3229,George Weah,18,4,,False,Forward,Liberia,1 October 1966,2546
3230,Libor Kozák,18,4,,False,Forward,Czech Republic,30 May 1989,315538
3231,Clyde Wijnhard,18,3,,False,Forward,Netherlands,1 November 1973,1911
3232,DaMarcus Beasley,18,3,Houston Dynamo,False,Left Full Back,United States,24 May 1982,141943
3233,Lorenzo Amoruso,18,3,,False,Defender,Italy,28 June 1971,3161
3234,Nayim,18,3,,False,Midfielder,Spain,5 November 1966,554
3235,Ravel Morrison,18,3,D.C. United,False,Centre Attacking Midfielder,Jamaica,2 February 1993,320544
3236,Hassan Yebda,18,2,Granada CF,False,Centre Central Midfielder,Algeria,14 May 1984,105226
3237,Klas Ingesson,18,2,,False,Midfielder,Sweden,20 August 1968,1046
3238,Rolando Aarons,18,2,,False,Midfielder,Jamaica,16 November 1995,363988
3239,Ákos Buzsáky,18,2,Ferencvárosi TC,False,Midfielder,Hungary,7 May 1982,119705
3240,Alberto Aquilani,18,1,Las Palmas,False,Centre Central Midfielder,Italy,7 July 1984,115717
3241,Bastian Schweinsteiger,18,1,,False,Centre Central Midfielder,Germany,1 August 1984,125877
3242,David Cotterill,18,1,Bristol City,False,Left/Right Winger,Wales,4 December 1987,43156
3243,Itay Shechter,18,1,Hapoel Be'er Sheva,False,Forward,Israel,22 February 1987,324710
3244,Nicky Southall,18,1,Dover Athletic,False,Midfielder,England,28 January 1972,27540
3245,Paul Mortimer,18,1,Charlton Athletic,False,Midfielder,England,8 May 1968,1850
3246,Peter Kennedy,18,1,,False,Midfielder,Northern Ireland,10 September 1973,2242
3247,Thimothée Atouba,18,1,Las Palmas,False,Left Full Back,Cameroon,17 February 1982,102726
3248,Youssef Safri,18,1,,False,Midfielder,Morocco,13 January 1977,3676
3249,Alan Harper,18,0,,False,Defender,England,1 November 1960,176
3250,Alton Thelwell,18,0,Kettering Town,False,Defender,England,5 September 1980,27872
3251,Antonio Núñez,18,0,Recreativo,False,Right Winger,Spain,15 January 1979,103846
3252,Bafodé Diakité,18,0,Bournemouth,True,Centre Central Defender,France,6 January 2001,740274
3253,Boris Zivkovic,18,0,VfB Stuttgart,False,Defender,Croatia,15 November 1975,279284
3254,Bradley Orr,18,0,,False,Right Full Back,England,1 November 1982,121237
3255,Cameron Burgess,18,0,Swansea City,False,Defender,Australia,21 October 1995,737383
3256,Carlo Nash,18,0,,False,Goalkeeper,England,13 September 1973,6729
3257,Charlie Miller,18,0,,False,Midfielder,Scotland,18 March 1976,2243
3258,Christos Tzolis,18,0,Arsenal,True,Left Winger,Greece,30 January 2002,786126
3259,Craig Liddle,18,0,,False,Defender,England,21 October 1971,1226
3260,Darren Ferguson,18,0,Wolverhampton Wanderers,False,Midfielder,Scotland,9 February 1972,42086
3261,Dimitris Giannoulis,18,0,FC Augsburg,False,Left Full Back,Greece,17 October 1995,361643
3262,Don Cowie,18,0,Wigan Athletic,False,Centre/Right Central Midfielder,Scotland,15 February 1983,15277
3263,Ezekiel Fryers,18,0,,False,Defender,England,9 September 1992,293047
3264,Garry Brady,18,0,,False,Midfielder,Scotland,7 September 1976,1951
3265,Giannis Skopelitis,18,0,,False,Midfielder,Greece,2 May 1978,3697
3266,Ian Bennett,18,0,Huddersfield Town,False,Goalkeeper,England,10 October 1971,11106
3267,Jamie Smith,18,0,,False,Defender,England,17 September 1974,1626
3268,Kamil Grosicki,18,0,West Bromwich Albion,False,Right Winger,Poland,8 June 1988,264968
3269,Marc Tierney,18,0,,False,Left Full Back,England,23 August 1985,9996
3270,Matt Heath,18,0,,False,Defender,England,11 January 1981,13309
3271,Matthew Gilks,18,0,Bolton Wanderers,False,Goalkeeper,Scotland,4 June 1982,189268
3272,Max Lowe,18,0,Sheffield Wednesday,False,Left Full Back,England,11 May 1997,359397
3273,Mohamed Shawky,18,0,,False,Midfielder,Egypt,5 October 1981,4695
3274,Mustapha Riga,18,0,Cartagena,False,Left/Centre/Right Second Striker,Netherlands,10 October 1981,101548
3275,Neil Kilkenny,18,0,Perth Glory,False,Defensive Midfielder,Australia,19 December 1985,129196
3276,Papy Djilobodji,18,0,Kasimpasa S.K.,False,Centre Central Defender,Senegal,1 December 1988,339110
3277,Pat van der Hauwe,18,0,,False,Midfielder,Wales,16 December 1960,552
3278,Péter Halmosi,18,0,Szombathelyi Haladas,False,Left Central Midfielder,Hungary,25 September 1979,171506
3279,Sergio Gómez,18,0,Real Sociedad,False,Left Winger,Spain,4 September 2000,360742
3280,Steve Kabba,18,0,Barnet,False,Forward,England,7 March 1981,26464
3281,Taribo West,18,0,Partizan Belgrade,False,Defender,Nigeria,26 March 1974,279052
3282,Tony Dobson,18,0,,False,Defender,England,5 February 1969,42146
3283,Vassilis Lakis,18,0,,False,Midfielder,Greece,10 September 1976,3558
3284,Wes Burns,18,0,Leicester City,False,Forward,Wales,23 November 1994,791872
3285,Zak Whitbread,18,0,Shrewsbury Town,False,Centre Central Defender,United States,4 March 1984,20044
3286,Jamie Cureton,17,4,St Albans City,False,Forward,England,28 August 1975,41670
3287,Andrew Scott,17,2,,False,Forward,England,2 August 1972,469
3288,Jovo Bosancic,17,2,Barnsley,False,Midfielder,Serbia,7 August 1970,1563
3289,Landon Donovan,17,2,,False,Left/Centre/Right Attacking Midfielder,United States,4 March 1982,143219
3290,Luke Berry,17,2,Charlton Athletic,False,Centre Central Midfielder,England,12 July 1992,359245
3291,Stephen Elliott,17,2,Carlisle United,False,Centre Striker,Ireland,6 January 1984,14439
3292,Adrian Paz,17,1,,False,Forward,Uruguay,9 September 1968,1087
3293,Antonio Luna,17,1,,False,Left Full Back,Spain,17 March 1991,296180
3294,Azar Karadas,17,1,Brann,False,Forward,Norway,9 August 1981,173402
3295,Billy Kenny,17,1,,False,Midfielder,England,19 September 1973,760
3296,Björn Engels,17,1,Royal Antwerp,False,Defender,Belgium,15 September 1994,277745
3297,Bo Hansen,17,1,,False,Forward,Denmark,16 June 1972,2622
3298,Craig Noone,17,1,Macarther South West United,False,Midfielder,England,17 November 1987,323498
3299,Fikayo Tomori,17,1,Milan,False,Centre Central Defender,England,19 December 1997,280651
3300,Gaël Kakuta,17,1,Sakaryaspor,False,Midfielder,DR Congo,21 June 1991,736010
3301,Jon Olav Hjelde,17,1,,False,Defender,Norway,30 July 1972,1963
3302,Lamine Sakho,17,1,Marseille,False,Forward,Senegal,28 September 1977,98436
3303,Richard Sneekes,17,1,West Bromwich Albion,False,Midfielder,Netherlands,30 October 1968,42078
3304,Teddy Lucic,17,1,,False,Defender,Sweden,15 April 1973,335130
3305,Timm Klose,17,1,,False,Centre Central Defender,Switzerland,9 May 1988,302330
3306,Willian José,17,1,Real Betis,False,Centre Striker,Brazil,23 November 1991,314289
3307,Aleksandar Tonev,17,0,,False,Midfielder,Bulgaria,3 February 1990,17426
3308,Andy Irving,17,0,Sparta Prague,False,Central Midfielder,Scotland,13 May 2000,774594
3309,Angel Gomes,17,0,Wolverhampton Wanderers,False,Centre Attacking Midfielder,England,31 August 2000,776267
3310,Antonín Kinsky,17,0,Tottenham Hotspur,True,Goalkeeper,Czech Republic,13 March 2003,730875
3311,Clint Easton,17,0,Ebbsfleet United,False,Defender,England,1 October 1977,27358
3312,Elena Marcelino,17,0,,False,Defender,Spain,26 September 1971,2170
3313,Emmanuel Frimpong,17,0,Barnsley,False,Centre Central Midfielder,Ghana,10 January 1992,9846
3314,Gavin Ward,17,0,Gainsborough Trinity,False,Goalkeeper,England,30 June 1970,176663
3315,Giovani dos Santos,17,0,LA Galaxy,False,Left/Centre/Right Attacking Midfielder,Mexico,11 May 1989,48886
3316,Igors Stepanovs,17,0,Arsenal,False,Defender,Latvia,21 January 1976,2296
3317,Juan Carlos Paredes,17,0,Olympiakos,False,Right Full Back,Ecuador,8 July 1987,43378
3318,Kevin Sharp,17,0,,False,Defender,Canada,19 September 1974,223
3319,Keylor Navas,17,0,Paris Saint Germain,False,Goalkeeper,Costa Rica,15 December 1986,337946
3320,Leigh Bromby,17,0,Leeds United,False,Defender,England,2 June 1980,27921
3321,Luís Guilherme,17,0,Sporting Lisbon,False,Right Winger,Brazil,9 February 2006,772662
3322,Marlon Broomes,17,0,Tranmere Rovers,False,Defender,England,28 November 1977,30241
3323,Marvin Sordell,17,0,Kettering Town,False,Forward,England,17 February 1991,728775
3324,Matt Turner,17,0,New England Revolution,False,Goalkeeper,United States,24 June 1994,786026
3325,Milenko Acimovic,17,0,FK Austria Wien,False,Centre Attacking Midfielder,Slovenia,15 February 1977,99131
3326,Nigel Gibbs,17,0,,False,Defender,England,20 November 1965,2234
3327,Paulo Da Silva,17,0,,False,Centre Central Defender,Paraguay,1 February 1980,49214
3328,Ray Ranson,17,0,,False,Defender,England,12 June 1960,272
3329,Roy O'Donovan,17,0,,False,Forward,Ireland,10 August 1985,13301
3330,Ryo Miyaichi,17,0,Yokohama F. Marinos,False,Left/Right Winger,Japan,14 December 1992,329500
3331,Segundo Castillo,17,0,Everton,False,Centre Central Midfielder,Ecuador,15 May 1982,5546
3332,Sergio Peter,17,0,Sparta Prague,False,Midfielder,Germany,12 October 1986,174700
3333,Stephan Andersen,17,0,FC København,False,Goalkeeper,Denmark,26 November 1981,17562
3334,Stephen Kingsley,17,0,Heart of Midlothian,False,Left Full Back,Scotland,23 July 1994,324719
3335,Torben Piechnik,17,0,,False,Defender,Denmark,21 May 1963,247
3336,William Troost-Ekong,17,0,,False,Centre Central Defender,Nigeria,1 September 1993,347388
3337,Darko Kovacevic,16,4,Olympiakos,False,Forward,Serbia,18 November 1973,174371
3338,Fredi Bobic,16,4,,False,Forward,Germany,30 October 1971,2620
3339,Bob Taylor,16,3,,False,Forward,England,3 February 1967,3094
3340,Emanuel Villa,16,3,,False,Forward,Argentina,24 February 1982,4591
3341,Gianluca Scamacca,16,3,Atalanta,False,Centre Striker,Italy,1 January 1999,344312
3342,Ian Bryson,16,3,,False,Defender,Scotland,26 November 1962,454
3343,Ioan Viorel Ganea,16,3,ASU Politehnica Timisoara,False,Forward,Romania,10 August 1973,100229
3344,Mbaye Diagne,16,3,Fatih Karagümrük,False,Centre Striker,Senegal,28 October 1991,333228
3345,Andrea Ranocchia,16,2,Hull City,False,Centre Central Defender,Italy,16 February 1988,42946
3346,Eljero Elia,16,2,ADO Den Haag,False,Forward,Netherlands,13 February 1987,313082
3347,Iván Ramis,16,2,Eibar,False,Centre Central Defender,Spain,25 October 1984,105974
3348,Jean-Claude Darcheville,16,2,,False,Forward,France,25 July 1975,1977
3349,M'Baye Niang,16,2,Auxerre,False,Centre Striker,Senegal,19 December 1994,327379
3350,Perry Groves,16,2,,False,Midfielder,England,19 April 1965,509
3351,Tamás Priskin,16,2,,False,Forward,Hungary,27 September 1986,163380
3352,Tomer Hemed,16,2,Maccabi Haifa,False,Forward,Israel,2 May 1987,356004
3353,Andrew Omobamidele,16,1,RSC Anderlecht,False,Centre Central Defender,Ireland,23 June 2002,794541
3354,Ched Evans,16,1,Fleetwood Town,False,Centre Striker,Wales,28 December 1988,293428
3355,Danny Ward,16,1,Huddersfield Town,False,Centre Striker,England,9 December 1990,176827
3356,Floyd Ayité,16,1,Valenciennes,False,Left/Centre/Right Second Striker,Togo,15 December 1988,313510
3357,Giuseppe Rossi,16,1,Celta de Vigo,False,Left/Centre/Right Striker,Italy,1 February 1987,33933
3358,Jason Cundy,16,1,Ipswich Town,False,Defender,England,12 November 1969,41877
3359,Jonathan Calleri,16,1,Osasuna,False,Centre Striker,Argentina,23 September 1993,245689
3360,Jonathan Douglas,16,1,Ipswich Town,False,Centre Defensive Midfielder,Ireland,22 November 1981,19420
3361,Juan Foyth,16,1,Villarreal,False,Right Full Back,Argentina,12 January 1998,276909
3362,Mark Patterson,16,1,Southend United,False,Forward,England,24 May 1965,42030
3363,Michael Johansen,16,1,Bolton Wanderers,False,Midfielder,Denmark,22 July 1972,1593
3364,Paul Tisdale,16,1,Exeter City,False,Midfielder,England,14 January 1973,14634
3365,Al Bangura,16,0,St Albans City,False,Midfielder,Sierra Leone,24 January 1988,20091
3366,Alexander Sørloth,16,0,Atlético de Madrid,False,Centre Striker,Norway,5 December 1995,362215
3367,Anthony Réveillere,16,0,,False,Right Full Back,France,10 November 1979,14078
3368,Christian Bassila,16,0,,False,Midfielder,France,5 October 1977,3975
3369,Darren Kenton,16,0,Leicester City,False,Defender,England,13 September 1978,353061
3370,Elliott Ward,16,0,Cambridge United,False,Centre Central Defender,England,19 January 1985,160605
3371,Emmanuel Mayuka,16,0,,False,Centre Striker,Zambia,21 November 1990,6464
3372,Eunan O'Kane,16,0,Luton Town,False,Centre Central Midfielder,Ireland,10 July 1990,184476
3373,Gabriele Ambrosetti,16,0,Chelsea,False,Midfielder,Italy,7 August 1973,2091
3374,Gary Gardner,16,0,Cambridge United,False,Centre Central Midfielder,England,29 June 1992,361149
3375,Gerry McMahon,16,0,,False,Midfielder,Northern Ireland,29 December 1973,42158
3376,Jamie Gittens,16,0,Chelsea,True,Left Winger,England,8 August 2004,738034
3377,Jerome Bonnissel,16,0,,False,Midfielder,France,16 April 1973,3222
3378,John Foster,16,0,Manchester City,False,Defender,England,19 September 1973,278
3379,John O'Kane,16,0,,False,Defender,England,15 November 1974,1653
3380,Joël Piroe,16,0,West Ham United,False,Striker,Suriname,2 August 1999,792897
3381,Jérôme Boateng,16,0,LASK,False,Defender,Germany,3 September 1988,359735
3382,Kim Do-Heon,16,0,Indy Eleven,False,Central Midfielder,South Korea,14 July 1982,157436
3383,Lucas Perri,16,0,,False,Goalkeeper,Brazil,10 December 1997,739267
3384,Mark Flatts,16,0,,False,Midfielder,England,14 October 1972,16
3385,Mathieu Louis-Jean,16,0,,False,Defender,France,22 February 1976,1964
3386,Matty Appleby,16,0,Barnsley,False,Midfielder,England,16 April 1972,1561
3387,Max Wöber,16,0,,False,Central Defender,Austria,4 February 1998,335842
3388,Mikael Nilsson,16,0,,False,Midfielder,Sweden,24 June 1978,3707
3389,Mohammed Konjic,16,0,Derby County,False,Defender,Bosnia & Herzegovina,14 May 1970,352964
3390,Okay Yokuslu,16,0,Trabzonspor,False,Defensive Midfielder,Turkiye,9 March 1994,362177
3391,Olivier Boscagli,16,0,Brighton & Hove Albion,True,Central Defender,France,18 November 1997,737572
3392,Ryan Donk,16,0,Kasimpasa S.K.,False,Centre Central Defender,Suriname,30 March 1986,289586
3393,Stewart Robson,16,0,,False,Midfielder,England,6 November 1964,129
3394,Sébastien Pocognoli,16,0,Union Saint-Gilloise,False,Left Full Back,Belgium,1 August 1987,276634
3395,Tom Trybull,16,0,,False,Centre Defensive Midfielder,Germany,9 March 1993,336200
3396,Vassilis Borbokis,16,0,AEK Athens,False,Defender,Greece,10 February 1969,278153
3397,Yohan Benalouane,16,0,Aris,False,Defender,Tunisia,28 March 1987,277218
3398,Gerry Creaney,15,3,Manchester City,False,Forward,Scotland,13 April 1970,42131
3399,James Wilson,15,3,Northampton Town,False,Centre Striker,England,1 December 1995,359941
3400,Josh Maja,15,3,West Bromwich Albion,False,Centre Striker,Nigeria,27 December 1998,358594
3401,Neil Mellor,15,3,Sheffield Wednesday,False,Forward,England,4 November 1982,28808
3402,Andrej Kramaric,15,2,TSG 1899 Hoffenheim,False,Centre Striker,Croatia,19 June 1991,52874
3403,Aaron Wilbraham,15,1,Rochdale,False,Centre Striker,England,21 October 1979,132002
3404,Albert Crusat,15,1,Wigan Athletic,False,Left Winger,Spain,13 May 1982,6208
3405,Dennis Bailey,15,1,,False,Forward,England,13 November 1965,443
3406,Lewis Dobbin,15,1,Southampton,False,Winger,England,3 January 2003,785965
3407,Lorenz Assignon,15,1,VfB Stuttgart,False,Right Full Back,France,22 June 2000,738257
3408,Luca Koleosho,15,1,Burnley,False,Right Winger,Italy,15 September 2004,342995
3409,Martin Scott,15,1,,False,Defender,England,7 January 1968,1475
3410,Mixu Paatelainen,15,1,,False,Forward,Finland,3 February 1967,1155
3411,Taye Ismaila Taiwo,15,1,HJK Helsinki,False,Left Full Back,Nigeria,16 April 1985,122218
3412,Abdul Baba,15,0,PAOK Salonika,False,Defender,Ghana,2 July 1994,347390
3413,Abdul Fatawu,15,0,Ipswich Town,True,Right Winger,Ghana,8 March 2004,786120
3414,Andy Dow,15,0,,False,Defender,Scotland,7 February 1973,675
3415,Angelos Basinas,15,0,Portsmouth,False,Centre Defensive Midfielder,Greece,3 January 1976,5071
3416,Anis Ben Slimane,15,0,Norwich City,False,Midfielder,Tunisia,16 March 2001,731536
3417,Bjørn Helge Riise,15,0,,False,Midfielder,Norway,21 June 1983,124378
3418,Chris Iwelumo,15,0,,False,Forward,Scotland,1 August 1978,13427
3419,Dave Barnes,15,0,,False,Defender,England,16 November 1961,456
3420,Filipe Luís,15,0,Flamengo,False,Left Full Back,Brazil,9 August 1985,167146
3421,Florent Laville,15,0,,False,Defender,France,7 August 1973,3175
3422,Fousseni Diabaté,15,0,Partizan Belgrade,False,Right Winger,Mali,18 October 1995,320646
3423,Francois Grenet,15,0,,False,Defender,France,8 March 1975,2643
3424,Grzegorz Rasiak,15,0,,False,Centre Striker,Poland,12 January 1979,113323
3425,Isaiah Brown,15,0,Preston North End,False,Centre Central Midfielder,England,7 January 1997,277654
3426,Jeremy Sarmiento,15,0,Middlesbrough,False,Forward,Ecuador,16 June 2002,785344
3427,Jermaine Jones,15,0,LA Galaxy,False,Midfielder,United States,3 November 1981,48887
3428,Jonathan Parr,15,0,Ipswich Town,False,Left Full Back,Norway,21 October 1988,14724
3429,Jordan Beyer,15,0,Burnley,False,Centre Central Defender,Germany,19 May 2000,340459
3430,Josh McEachran,15,0,,False,Midfielder,England,1 March 1993,737441
3431,Kare Ingebrigtsen,15,0,Lillestrøm,False,Midfielder,Norway,11 November 1965,145989
3432,Luke Woolfenden,15,0,Coventry City,True,Centre Central Defender,England,21 October 1998,741713
3433,Mads Bech,15,0,FC Midtjylland,False,Defender,Denmark,7 January 1999,363572
3434,Mario Suárez,15,0,Rayo Vallecano,False,Centre Central Defender,Spain,24 February 1987,154343
3435,Markus Henriksen,15,0,,False,Midfielder,Norway,25 July 1992,359116
3436,Mat Sadler,15,0,Walsall,False,Centre Central Defender,England,26 February 1985,161320
3437,Mauro Boselli,15,0,León,False,Centre Striker,Argentina,22 May 1985,119950
3438,Moritz Bauer,15,0,Stoke City,False,Right Full Back,Austria,25 January 1992,181809
3439,Orestis Karnezis,15,0,Lille,False,Goalkeeper,Greece,11 July 1985,258324
3440,Patrick Valery,15,0,,False,Defender,France,3 July 1969,1579
3441,Quincy Owusu-Abeyie,15,0,Málaga,False,Left/Right Winger,Ghana,15 April 1986,101104
3442,Rafael Schmitz,15,0,,False,Defender,Brazil,17 December 1980,4506
3443,Razvan Rat,15,0,Rayo Vallecano,False,Left Full Back,Romania,26 May 1981,104667
3444,Romaine Mundle,15,0,Sunderland,True,Left/Right Winger,England,24 April 2003,357111
3445,Ryan Giles,15,0,Middlesbrough,False,Left Winger,England,26 January 2000,314437
3446,Vincent Pericard,15,0,Swindon Town,False,Forward,France,3 October 1982,29086
3447,Wayne Quinn,15,0,,False,Defender,England,19 November 1976,2481
3448,Allan Smart,14,5,Southport,False,Forward,Scotland,8 July 1974,97150
3449,Gonzalo Higuaín,14,5,,False,Centre Striker,Argentina,10 December 1987,312116
3450,Nick Chadwick,14,3,,False,Forward,England,26 October 1982,12397
3451,O'Neill Donaldson,14,3,,False,Forward,England,24 November 1969,1048
3452,Frank Strandli,14,2,,False,Midfielder,Norway,16 May 1972,226
3453,Manucho,14,2,Rayo Vallecano,False,Centre Striker,Angola,7 March 1983,104685
3454,Matty Longstaff,14,2,Mansfield Town,False,Centre Defensive Midfielder,England,21 March 2000,325478
3455,Nicolò Savona,14,2,Nottingham Forest,True,Right Full Back,Italy,19 March 2003,740958
3456,Patrick Cutrone,14,2,Como,False,Centre Striker,Italy,3 January 1998,739186
3457,Roland Lamah,14,2,Cincinnati,False,Left Attacking Midfielder,Belgium,31 December 1987,157388
3458,Adie Mike,14,1,,False,Forward,England,16 November 1973,292
3459,Andy Keogh,14,1,Perth Glory,False,Striker,Ireland,16 May 1986,129198
3460,David Oldfield,14,1,,False,Midfielder,England,30 May 1968,979
3461,Ellis Simms,14,1,Coventry City,True,Centre Striker,England,5 January 2001,341534
3462,Jhon Viáfara,14,1,,False,Midfielder,Colombia,27 October 1978,3948
3463,John Dreyer,14,1,,False,Defender,England,11 June 1963,2068
3464,Kaspars Gorkss,14,1,,False,Centre Central Defender,Latvia,6 November 1981,15462
3465,Marek Matejovsky,14,1,Mladá Boleslav,False,Midfielder,Czech Republic,20 December 1981,364127
3466,Matheus França,14,1,,False,Striker,Brazil,1 April 2004,351453
3467,Mbwana Samatta,14,1,PAOK Salonika,False,Forward,Tanzania,23 December 1992,347399
3468,Pierre Wome,14,1,Espanyol,False,Midfielder,Cameroon,26 March 1979,127410
3469,Stefan Beinlich,14,1,Bayer 04 Leverkusen,False,Midfielder,Germany,13 January 1972,784636
3470,Stuart O'Keefe,14,1,Aldershot Town,False,Centre Central Midfielder,England,4 March 1991,350399
3471,Tom Lockyer,14,1,Bristol Rovers,False,Centre Central Defender,Wales,3 December 1994,10268
3472,Willo Flood,14,1,Middlesbrough,False,Centre/Right Attacking Midfielder,Ireland,10 April 1985,29959
3473,Aaron Ramsey,14,0,Leicester City,False,Midfielder,England,21 January 2003,741716
3474,Adrien Silva,14,0,Monaco,False,Centre Central Midfielder,Portugal,15 March 1989,154374
3475,Alan Fettis,14,0,,False,Goalkeeper,Northern Ireland,1 February 1971,2278
3476,Alan Maybury,14,0,Colchester United,False,Defender,Ireland,8 August 1978,30368
3477,Andreas Granqvist,14,0,FK Krasnodar,False,Centre Central Defender,Sweden,16 April 1985,17678
3478,Andrew Welsh,14,0,Scunthorpe United,False,Left Winger,England,24 November 1983,12005
3479,Ben Gannon-Doak,14,0,Bournemouth,True,Left/Right Winger,Scotland,11 November 2005,740560
3480,Christantus Uche,14,0,Crystal Palace,False,Midfielder,Nigeria,19 May 2003,756905
3481,David Johnson,14,0,Nottingham Forest,False,Forward,Jamaica,15 August 1976,353134
3482,David Wright,14,0,,False,Centre/Right Full Back,England,1 May 1980,10528
3483,Dilane Bakwa,14,0,Lille,False,Left/Right Winger,France,26 August 2002,793367
3484,Gavin Strachan,14,0,,False,Midfielder,Scotland,23 December 1978,178406
3485,Gonzalo Montiel,14,0,River Plate,False,Right Full Back,Argentina,1 January 1997,732739
3486,Goran Popov,14,0,Vardar,False,Left Full Back,,2 October 1984,53272
3487,Iago Aspas,14,0,Celta de Vigo,False,Centre Striker,Spain,1 August 1987,33936
3488,Ian Poveda,14,0,,False,Right Winger,Colombia,9 February 2000,363006
3489,Jamie McClen,14,0,,False,Midfielder,England,13 May 1979,1714
3490,Jan Kromkamp,14,0,PSV,False,Right Full Back,Netherlands,17 August 1980,99550
3491,Jonathan Leko,14,0,Burton Albion,False,Left/Right Winger,England,24 April 1999,356347
3492,Lee Glover,14,0,,False,Forward,England,24 April 1970,640
3493,Malky Mackay,14,0,,False,Defender,Scotland,19 February 1972,4384
3494,Marco Gabbiadini,14,0,,False,Forward,England,20 January 1968,42094
3495,Markus Suttner,14,0,FK Austria Wien,False,Left Full Back,Austria,16 April 1987,126920
3496,Matt Carbon,14,0,,False,Defender,England,8 June 1975,1358
3497,Matthew Robinson,14,0,Swindon Supermarine,False,Defender,England,23 December 1974,29043
3498,Mikey Moore,14,0,Rangers,False,Left Winger,England,11 August 2007,740871
3499,Nikola Jerkan,14,0,,False,Defender,Croatia,8 December 1964,1520
3500,Osei Sankofa,14,0,Farnborough,False,Defender,England,19 March 1985,27414
3501,Pablo,14,0,West Ham United,False,Centre Striker,Brazil,2 January 2004,772492
3502,Pablo Barrera,14,0,Cruz Azul,False,Left/Right Striker,Mexico,21 June 1987,109258
3503,Pablo Marí,14,0,,False,Central Defender,Spain,31 August 1993,732794
3504,Paul Williams,14,0,,False,Defender,England,11 September 1969,683
3505,Richard Chaplow,14,0,Doncaster Rovers,False,Centre Central Midfielder,England,2 February 1985,19158
3506,Stephan Lichtsteiner,14,0,FC Augsburg,False,Right Full Back,Switzerland,16 January 1984,170882
3507,Stig Töfting,14,0,,False,Midfielder,Denmark,14 August 1969,2611
3508,Suso,14,0,Cádiz,False,Right Winger,Spain,19 November 1993,785621
3509,Vladimír Weiss,14,0,Slovan Bratislava,False,Midfielder,Slovakia,30 November 1989,183576
3510,Daniel Osvaldo,13,3,Boca Juniors,False,Centre Striker,Italy,12 January 1986,121630
3511,Diego Tristán,13,3,,False,Forward,Spain,5 January 1976,5188
3512,Marco Asensio,13,3,Fenerbahçe,False,Attacking Midfielder,Spain,21 January 1996,741626
3513,Mo Johnston,13,3,,False,Forward,Scotland,13 April 1963,190
3514,Alexander Büttner,13,2,,False,Defender,Netherlands,11 February 1989,306917
3515,Badou Ndiaye,13,2,Pendikspor,False,Centre Defensive Midfielder,Senegal,27 October 1990,358105
3516,Darío Silva,13,2,,False,Forward,Uruguay,2 November 1972,3957
3517,João Mário,13,2,AEK Athens,False,Attacking Midfielder,Portugal,19 January 1993,794566
3518,Sasa Kalajdzic,13,2,LASK,False,Forward,Austria,7 July 1997,794438
3519,Tommy Mooney,13,2,,False,Forward,England,11 August 1971,2845
3520,Ameen Al-Dakhil,13,1,VfB Stuttgart,False,Centre Central Defender,Belgium,6 March 2002,363519
3521,Andrés D'Alessandro,13,1,Internacional,False,Centre Attacking Midfielder,Argentina,15 April 1981,122670
3522,Chris Brown,13,1,Bury,False,Forward,England,11 December 1984,31227
3523,Cyrille Regis,13,1,,False,Forward,England,9 February 1958,59
3524,David Perpetuini,13,1,Arlesey Town,False,Defender,England,26 September 1979,175805
3525,Duje Caleta-Car,13,1,,False,Defender,Croatia,17 September 1996,360566
3526,Gaël Bigirimana,13,1,Coventry City,False,Midfielder,Burundi,22 October 1993,19052
3527,Jay Simpson,13,1,,False,Centre Striker,England,1 December 1988,142363
3528,Jesé,13,1,Sampdoria,False,Striker,Spain,26 February 1993,338613
3529,Kadeem Harris,13,1,Salford City,False,Forward,England,8 June 1993,739016
3530,Kean Bryan,13,1,West Bromwich Albion,False,Centre Central Defender,England,1 November 1996,289837
3531,Khalilou Fadiga,13,1,,False,Midfielder,Senegal,30 December 1974,3506
3532,Lewis O'Brien,13,1,Wrexham,False,Midfielder,England,14 October 1998,739013
3533,Martin Grainger,13,1,Birmingham City,False,Defender,England,23 August 1972,2825
3534,Mats Møller Dæhli,13,1,Molde,False,Midfielder,Norway,2 March 1995,355314
3535,Moussa Saïb,13,1,,False,Midfielder,Algeria,6 March 1969,1752
3536,Tetê,13,1,,False,Right Winger,Brazil,15 February 2000,364210
3537,Urby Emanuelson,13,1,FC Utrecht,False,Left Winger,Netherlands,16 June 1986,186982
3538,Valentino Lazaro,13,1,Torino,False,Right Full Back,Austria,24 March 1996,321832
3539,Zoumana Camara,13,1,Paris Saint Germain,False,Centre Central Defender,France,3 April 1979,7640
3540,Adam Bolder,13,0,Burton Albion,False,Midfielder,England,25 October 1980,26772
3541,Adam Chambers,13,0,Walsall,False,Centre Defensive Midfielder,England,20 November 1980,12469
3542,Adem Poric,13,0,,False,Midfielder,England,22 April 1973,780
3543,Alex Palmer,13,0,Ipswich Town,True,Goalkeeper,England,10 August 1996,734867
3544,Andrés García,13,0,Getafe,False,Right Full Back,Spain,7 February 2003,793939
3545,Carlos Villanueva,13,0,Al-Ittihad,False,Midfielder,Chile,5 February 1986,141361
3546,Dan Nlundulu,13,0,Cambridge United,False,Centre Striker,England,5 February 1999,364400
3547,David Smith,13,0,,False,Midfielder,England,26 December 1970,366
3548,Declan Rudd,13,0,Preston North End,False,Goalkeeper,England,16 January 1991,46935
3549,Donald Love,13,0,Accrington Stanley,False,Right Full Back,Scotland,2 December 1994,361646
3550,Edo Kayembe,13,0,Watford,False,Centre Defensive Midfielder,DR Congo,3 June 1998,300073
3551,Emmanuel Emenike,13,0,Las Palmas,False,Centre Striker,Nigeria,10 May 1987,115720
3552,Facundo Pellistri,13,0,Panathinaikos,False,Left/Right Winger,Uruguay,20 December 2001,364211
3553,Florian Thauvin,13,0,Lens,False,Centre/Right Winger,France,26 January 1993,739943
3554,Henri Lansbury,13,0,,False,Centre Central Midfielder,England,12 October 1990,277645
3555,Jon Gittens,13,0,,False,Defender,England,22 January 1964,334
3556,Jonathan Rowe,13,0,Atalanta,False,Centre Striker,England,30 April 2003,794476
3557,Juan Cuadrado,13,0,Atalanta,False,Right Winger,Colombia,26 May 1988,363475
3558,Khalid Boulahrouz,13,0,,False,Right Full Back,Netherlands,28 December 1981,17635
3559,Lionel Scaloni,13,0,Lazio,False,Right Full Back,Argentina,16 May 1978,99365
3560,Luciano Becchio,13,0,Rotherham United,False,Centre Striker,Argentina,28 December 1983,19978
3561,Luke O'Nien,13,0,Sunderland,True,Centre Central Midfielder,England,21 November 1994,134478
3562,Marc Guiu,13,0,RB Leipzig,False,Forward,Spain,4 January 2006,794583
3563,Matthew Briggs,13,0,Barnet,False,Left Full Back,Guyana,6 March 1991,117119
3564,Mehdi Abeid,13,0,Istanbul Basaksehir,False,Midfielder,Algeria,6 August 1992,358023
3565,Mike Phelan,13,0,,False,Midfielder,England,24 September 1962,318
3566,Neil Emblen,13,0,,False,Defender,England,19 June 1971,1786
3567,Nicky Hammond,13,0,,False,Goalkeeper,England,9 July 1967,876
3568,Ousmane Dabo,13,0,,False,Midfielder,France,8 February 1977,110694
3569,Pablo Couñago,13,0,Málaga,False,Forward,Spain,9 August 1979,29651
3570,Ricardo Álvarez,13,0,,False,Left/Centre/Right Attacking Midfielder,Argentina,12 April 1988,302059
3571,Valérien Ismaël,13,0,SV Werder Bremen,False,Defender,France,28 September 1975,335105
3572,Viktor Fischer,13,0,,False,Forward,Denmark,9 June 1994,284684
3573,Vladimír Labant,13,0,,False,Defender,Slovakia,8 June 1974,279236
3574,Éder,13,0,Lokomotiv Moscow,False,Centre Striker,Portugal,22 December 1987,133726
3575,Andreas Lund,12,2,,False,Forward,Norway,7 May 1975,2269
3576,Isaías,12,2,,False,Forward,Brazil,17 November 1963,1177
3577,Matías Viña,12,2,,False,Left Full Back,Uruguay,9 November 1997,343744
3578,Paul Shaw,12,2,Rotherham United,False,Midfielder,England,4 September 1973,353278
3579,Carl Fletcher,12,1,,False,Midfielder,Wales,7 April 1980,12714
3580,Cristian Riveros,12,1,,False,Centre Central Midfielder,Paraguay,16 October 1982,5804
3581,Domingos Quina,12,1,Pafos,False,Midfielder,Portugal,18 November 1999,364701
3582,Dominic Foley,12,1,,False,Forward,Ireland,7 July 1976,2246
3583,Jelle Van Damme,12,1,LA Galaxy,False,Left Full Back,Belgium,10 October 1983,48881
3584,Kamel Ghilas,12,1,Hull City,False,Centre Second Striker,Algeria,9 March 1984,5386
3585,Nilson Angulo,12,1,Sunderland,True,Left Winger,Ecuador,19 June 2003,776266
3586,Roger Espinoza,12,1,Sporting Kansas City,False,Central Midfielder,Honduras,25 October 1986,120390
3587,Ross Stewart,12,1,Swansea City,False,Forward,Scotland,11 July 1996,791392
3588,Scott Jones,12,1,Barnsley,False,Defender,England,1 May 1975,1556
3589,Simon Donnelly,12,1,,False,Midfielder,Scotland,1 December 1974,2178
3590,Stefan Bajcetic,12,1,Las Palmas,False,Defensive Midfielder,Spain,22 October 2004,734474
3591,Tommy Elphick,12,1,Huddersfield Town,False,Centre Central Defender,England,7 September 1987,159922
3592,Zheng Zhi,12,1,Guangzhou Evergrande,False,Centre Defensive Midfielder,China,20 August 1980,109163
3593,Adama Diakhaby,12,0,,False,Forward,France,5 July 1996,361375
3594,Ales Krizan,12,0,,False,Defender,Slovenia,25 July 1971,1552
3595,Alexandre Bonnot,12,0,,False,Midfielder,France,31 July 1973,2237
3596,Andrea Silenzi,12,0,Nottingham Forest,False,Forward,Italy,10 February 1966,1252
3597,Andy Barlow,12,0,,False,Defender,England,24 November 1965,852
3598,Benjamin Stambouli,12,0,,False,Centre Defensive Midfielder,France,13 August 1990,283416
3599,Bernard Lama,12,0,,False,Goalkeeper,France,7 April 1963,1760
3600,Bjorn Otto Bragstad,12,0,,False,Defender,Norway,5 January 1971,2351
3601,Brian Carey,12,0,,False,Defender,Ireland,31 May 1968,973
3602,Christian Edwards,12,0,,False,Defender,Wales,23 November 1975,1962
3603,Christian Poulsen,12,0,FC København,False,Centre Defensive Midfielder,Denmark,28 February 1980,17574
3604,Dan Bentley,12,0,Coventry City,True,Goalkeeper,England,13 July 1993,792946
3605,Daniel Bachmann,12,0,Watford,False,Goalkeeper,Austria,9 July 1994,180847
3606,Daniel Iversen,12,0,Preston North End,False,Goalkeeper,Denmark,19 July 1997,737369
3607,Dean Hammond,12,0,Sheffield United,False,Centre Central Midfielder,England,7 March 1983,43043
3608,Des Hamilton,12,0,,False,Midfielder,England,15 August 1976,1439
3609,Ebi Smolarek,12,0,Racing de Santander,False,Midfielder,Poland,9 January 1981,4907
3610,Gerard Piqué,12,0,,False,Centre Central Defender,Spain,2 February 1987,6893
3611,Hannes Delcroix,12,0,FC Lugano,False,Defender,Haiti,28 February 1999,794145
3612,Harry Souttar,12,0,Leicester City,False,Centre Central Defender,Australia,22 October 1998,362467
3613,Ian Ironside,12,0,,False,Goalkeeper,England,8 March 1964,332
3614,Jair Cunha,12,0,Nottingham Forest,True,Central Defender,Brazil,7 March 2005,738426
3615,Jay Tabb,12,0,Ipswich Town,False,Centre Central Midfielder,Ireland,21 February 1984,11158
3616,Jermaine Johnson,12,0,Sheffield Wednesday,False,Left/Centre/Right Second Striker,Jamaica,25 June 1980,12069
3617,Jonny Williams,12,0,Gillingham,False,Left/Centre/Right Attacking Midfielder,Wales,9 October 1993,340837
3618,Juanmi,12,0,Getafe,False,Left Winger,Spain,20 May 1993,793951
3619,Julián Araujo,12,0,Celtic,False,Right Full Back,Mexico,13 August 2001,772481
3620,Keith Treacy,12,0,,False,Left Winger,Ireland,13 September 1988,15350
3621,Lee Howey,12,0,,False,Defender,England,1 April 1969,1474
3622,Lilian Laslandes,12,0,,False,Forward,France,4 September 1971,2759
3623,Luuk de Jong,12,0,FC Porto,False,Centre Striker,Netherlands,27 August 1990,739640
3624,Marcelo Moreno,12,0,Independiente del Valle,False,Centre Striker,Bolivia,18 June 1987,342152
3625,Marcus Olsson,12,0,Derby County,False,Left Full Back,Sweden,17 May 1988,32023
3626,Marvin Zeegelaar,12,0,Udinese,False,Left Full Back,Netherlands,12 August 1990,339467
3627,Mauricio Pellegrino,12,0,Liverpool,False,Defender,Argentina,5 October 1971,3592
3628,Michael Frontzeck,12,0,,False,Defender,Germany,26 March 1964,1203
3629,Mile Sterjovski,12,0,,False,Midfielder,Australia,27 May 1979,4585
3630,Nick Blackman,12,0,Maccabi Tel Aviv,False,Left/Centre/Right Second Striker,Barbados,11 November 1989,136136
3631,Nii Lamptey,12,0,,False,Forward,Ghana,10 December 1974,1179
3632,Ola Toivonen,12,0,,False,Centre Striker,Sweden,3 July 1986,186504
3633,Oliver Arblaster,12,0,Sheffield United,False,Centre Central Midfielder,England,8 January 2004,357712
3634,Patrik Andersson,12,0,,False,Defender,Sweden,18 August 1971,128045
3635,Paul Ritchie,12,0,,False,Defender,Scotland,21 August 1975,2439
3636,Pedro Lima,12,0,,False,Right Full Back,Brazil,1 July 2006,746700
3637,Petri Pasanen,12,0,SV Werder Bremen,False,Left/Centre/Right Full Back,Finland,24 September 1980,100012
3638,Philippe Clement,12,0,Club Brugge,False,Defender,Belgium,22 March 1974,173466
3639,Przemyslaw Placheta,12,0,Oxford United,False,Winger,Poland,23 March 1998,361028
3640,Renato Sanches,12,0,Panathinaikos,False,Centre Central Midfielder,Portugal,18 August 1997,741025
3641,Richard Smith,12,0,,False,Defender,England,3 October 1970,1089
3642,Ross MacLaren,12,0,,False,Midfielder,Scotland,14 April 1962,880
3643,Sandor Torghelle,12,0,MTK Budapest,False,Forward,Hungary,5 May 1982,145166
3644,Sebastiaan Bornauw,12,0,,False,Central Defender,Belgium,22 March 1999,737575
3645,Simon Elliott,12,0,,False,Midfielder,New Zealand,10 June 1974,3883
3646,Stefan Johansen,12,0,Queens Park Rangers,False,Centre Central Midfielder,Norway,8 January 1991,283130
3647,Tony Vidmar,12,0,,False,Defender,Australia,4 July 1970,2984
3648,Yoann Folly,12,0,,False,Midfielder,Togo,6 June 1985,97968
3649,Álvaro Fernández,12,0,Sevilla,False,Goalkeeper,Spain,13 April 1998,362771
3650,Álvaro Vázquez,12,0,Ponferradina,False,Centre Striker,Spain,27 April 1991,351865
3651,Ilan Araujo,11,4,Internacional,False,Forward,Brazil,18 September 1980,108589
3652,Vladimir Kinder,11,3,,False,Defender,Slovakia,9 March 1969,1429
3653,Florin Raducioiu,11,2,,False,Forward,Romania,17 March 1970,1530
3654,Alfie Gilchrist,11,1,West Bromwich Albion,False,Centre/Right Central Defender,England,28 November 2003,740934
3655,Jon Gorenc Stankovic,11,1,SK Puntigamer Sturm Graz,False,Defensive Midfielder,Slovenia,14 January 1996,289403
3656,Kei Kamara,11,1,Montreal Impact,False,Centre Striker,Sierra Leone,1 September 1984,337573
3657,Lubomir Michalik,11,1,Carlisle United,False,Defender,Slovakia,13 August 1983,26860
3658,Luis Jiménez,11,1,,False,Centre/Right Attacking Midfielder,Chile,17 June 1984,5577
3659,Marvin Robinson,11,1,Hednesford Town,False,Forward,England,11 April 1980,11080
3660,Paul Dalglish,11,1,,False,Forward,Scotland,18 February 1977,1721
3661,Paul Huntington,11,1,Bradford City,False,Defender,England,17 September 1987,377834
3662,Per Pedersen,11,1,,False,Forward,Denmark,30 March 1969,1332
3663,Romain Esse,11,1,Millwall,False,Midfielder,England,13 May 2005,794525
3664,Sean Thornton,11,1,,False,Midfielder,Ireland,18 May 1983,96286
3665,Serge Gnabry,11,1,TSG 1899 Hoffenheim,False,Left Winger,Germany,14 July 1995,130947
3666,Stefan Savic,11,1,Trabzonspor,False,Centre Central Defender,Montenegro,8 January 1991,361627
3667,Valeri Emilov Bozhinov,11,1,Partizan Belgrade,False,Forward,Bulgaria,15 February 1986,24484
3668,Agustin Delgado,11,0,,False,Forward,Ecuador,23 December 1974,2751
3669,Aleksandar Dragovic,11,0,Crvena Zvezda,False,Defender,Austria,6 March 1991,289237
3670,Ali Al-Hamadi,11,0,Luton Town,False,Striker,Iraq,1 March 2002,792549
3671,Andy Petterson,11,0,Charlton Athletic,False,Goalkeeper,Australia,26 September 1969,1839
3672,Ben Roberts,11,0,Brighton and Hove Albion,False,Goalkeeper,England,22 June 1975,352795
3673,Bernardo Espinosa,11,0,Espanyol,False,Centre Central Defender,Colombia,11 July 1989,160301
3674,Brian Kilcline,11,0,,False,Defender,England,7 May 1962,877
3675,Cesare Casadei,11,0,Reading,False,Midfielder,Italy,10 January 2003,345085
3676,Chadi Riad,11,0,Crystal Palace,True,Centre Central Defender,Morocco,17 June 2003,359469
3677,Chris Day,11,0,Stevenage,False,Goalkeeper,England,28 July 1975,12241
3678,Cristian Gamboa,11,0,VfL Bochum 1848,False,Right Full Back,Costa Rica,24 October 1989,257060
3679,Dane Scarlett,11,0,,False,Centre Striker,England,24 March 2004,362767
3680,David Carney,11,0,,False,Left Winger,Australia,30 November 1983,49174
3681,David Speedie,11,0,,False,Forward,Scotland,20 February 1960,522
3682,Elvis Hammond,11,0,Woking,False,Forward,Ghana,6 October 1980,29281
3683,Evandro,11,0,Hull City,False,Centre Central Midfielder,Brazil,23 August 1986,42694
3684,Filip Jörgensen,11,0,Strasbourg,False,Goalkeeper,Denmark,16 April 2002,792391
3685,Filip Krovinovic,11,0,Hajduk Split,False,Midfielder,Croatia,29 August 1995,299714
3686,Florin Gardos,11,0,Southampton,False,Centre Central Defender,Romania,29 October 1988,14053
3687,Hamed Traoré,11,0,Genoa,False,Attacking Midfielder,Cote D’Ivoire,16 February 2000,786018
3688,Ian Cox,11,0,Gillingham,False,Defender,Trinidad & Tobago,25 March 1971,352987
3689,Ibrahim Amadou,11,0,Shanghai Shenhua,False,Midfielder,France,6 April 1993,355094
3690,Ifeanyi Udeze,11,0,,False,,Nigeria,21 July 1980,26037
3691,Isaiah Rankin,11,0,Forest Green Rovers,False,Forward,England,22 May 1978,95735
3692,Jack Simpson,11,0,Leyton Orient,False,Centre Central Defender,England,18 December 1996,358552
3693,Jerome Sinclair,11,0,CSKA Sofia,False,Centre Striker,England,20 September 1996,259052
3694,Kevin Stewart,11,0,Jamaica,False,Centre Defensive Midfielder,Jamaica,7 September 1993,339969
3695,Liam Moore,11,0,Northampton Town,False,Centre Central Defender,Jamaica,31 January 1993,357467
3696,Luke Freeman,11,0,Barnet,False,Midfielder,England,22 March 1992,356948
3697,Lynden Gooch,11,0,Huddersfield Town,False,Defender,United States,24 December 1995,738520
3698,Marcel Sabitzer,11,0,Borussia Dortmund,False,Central Midfielder,Austria,17 March 1994,342994
3699,Mark Proctor,11,0,,False,Midfielder,England,30 January 1961,632
3700,Martin Phillips,11,0,Manchester City,False,Midfielder,England,13 March 1976,1206
3701,Martin Smith,11,0,,False,Forward,England,13 November 1974,1490
3702,Massimo Luongo,11,0,Millwall,False,Midfielder,Australia,25 September 1992,739211
3703,Mathieu Berson,11,0,Toulouse,False,Centre Defensive Midfielder,France,23 February 1980,100063
3704,Matthew Brazier,11,0,Queens Park Rangers,False,Midfielder,England,2 July 1976,1041
3705,Mauricio Solis,11,0,,False,Midfielder,Costa Rica,13 December 1972,1364
3706,Mohamadou Kanté,11,0,Paris FC,False,Midfielder,France,20 September 2005,740104
3707,Nathan Wood,11,0,Southampton,False,Central Defender,England,31 May 2002,388465
3708,Oguchi Onyewu,11,0,Philadelphia Union,False,Defender,United States,13 May 1982,142338
3709,Paul Robinson,11,0,Hendon,False,Forward,England,20 November 1978,27728
3710,Phil Mulryne,11,0,,False,Midfielder,Northern Ireland,1 January 1978,3674
3711,Piscu,11,0,Compostela,False,Centre Central Defender,Spain,25 February 1987,137692
3712,Richard Jackson,11,0,Burton Albion,False,Defender,England,18 April 1980,29542
3713,Roque Mesa,11,0,Sporting de Gijón,False,Centre Central Midfielder,Spain,7 June 1989,350242
3714,Sieb Dykstra,11,0,,False,Goalkeeper,Netherlands,20 October 1966,1102
3715,Simon Davies,11,0,,False,Midfielder,Wales,23 April 1974,42128
3716,Simon Haworth,11,0,,False,Forward,Wales,30 March 1977,1614
3717,Stefan Postma,11,0,,False,Goalkeeper,Netherlands,10 June 1976,2803
3718,Steve McAnespie,11,0,Raith Rovers,False,Defender,Scotland,1 February 1972,1135
3719,Terry Fleming,11,0,,False,Midfielder,England,1 May 1973,601
3720,Trevor Challis,11,0,,False,Defender,England,23 October 1975,98023
3721,Tyler Blackett,11,0,Rotherham United,False,Defender,England,2 April 1994,339280
3722,Valery Mezague,11,0,,False,Midfielder,Cameroon,8 December 1983,3695
3723,Vince Bartram,11,0,,False,Goalkeeper,England,7 August 1968,42166
3724,Yasser Larouci,11,0,Watford,False,Left Full Back,Algeria,1 January 2001,362148
3725,Malcolm Allen,10,5,,False,Forward,Wales,21 March 1967,749
3726,Adam Tanner,10,2,Ipswich Town,False,Midfielder,England,25 October 1973,207
3727,Alberto Paloschi,10,2,Atalanta,False,Centre Striker,Italy,4 January 1990,257238
3728,Gareth Ainsworth,10,2,Wycombe Wanderers,False,Centre Central Midfielder,England,10 May 1973,12626
3729,Matty Fryatt,10,2,Nottingham Forest,False,Centre Striker,England,5 March 1986,14925
3730,Vincenzo Montella,10,2,Roma,False,Forward,Italy,18 June 1974,4198
3731,Dario Marcolin,10,1,,False,Midfielder,Italy,28 October 1971,1829
3732,David Elm,10,1,,False,Centre Striker,Sweden,10 January 1983,5377
3733,Delroy Facey,10,1,Lincoln City,False,Forward,Grenada,22 April 1980,28078
3734,Ivica Mornar,10,1,,False,Forward,Croatia,12 January 1974,3359
3735,John Mullin,10,1,Accrington Stanley,False,Midfielder,England,11 August 1975,94676
3736,Kelvin Etuhu,10,1,Carlisle United,False,Central Midfielder,Nigeria,30 May 1988,48311
3737,Michael Reddy,10,1,,False,Forward,Ireland,24 March 1980,2213
3738,Michele Padovano,10,1,,False,Forward,Italy,28 August 1966,1638
3739,Nélson Oliveira,10,1,Vitória Guimarães,False,Centre Striker,Portugal,8 August 1991,364346
3740,Pablo Ibáñez,10,1,Birmingham City,False,Centre Central Defender,Spain,3 August 1981,175901
3741,Pierluigi Casiraghi,10,1,,False,Forward,Italy,4 March 1969,1872
3742,Thordur Gudjonsson,10,1,Stoke City,False,Midfielder,Iceland,14 October 1973,353341
3743,Viorel Moldovan,10,1,,False,Forward,Romania,8 July 1972,1617
3744,Aidan Davison,10,0,,False,Goalkeeper,Northern Ireland,11 May 1968,2064
3745,Alex Tóth,10,0,Bournemouth,True,Central Midfielder,Hungary,23 October 2005,774574
3746,Altay Bayindir,10,0,Celta de Vigo,False,Goalkeeper,Turkiye,14 April 1998,792810
3747,Andrejs Stolcers,10,0,Hayes & Yeading,False,Midfielder,Latvia,8 July 1974,95986
3748,Antonio Nocerino,10,0,,False,Central Midfielder,Italy,9 April 1985,137875
3749,Arnaud Kalimuendo,10,0,Eintracht Frankfurt,False,Centre Striker,France,20 January 2002,772801
3750,Benny Feilhaber,10,0,Sporting Kansas City,False,Left/Centre/Right Attacking Midfielder,United States,19 January 1985,120385
3751,Brad Smith,10,0,Houston Dynamo,False,Left Full Back,Australia,9 April 1994,337620
3752,Cameron Borthwick-Jackson,10,0,,False,Defender,England,2 February 1997,354923
3753,Carl Hoefkens,10,0,Club Brugge,False,Left/Centre/Right Central Defender,Belgium,6 October 1978,98810
3754,Carlos Forbs,10,0,Club Brugge,False,Forward,Portugal,19 March 2004,738778
3755,Daiki Hashioka,10,0,KAA Gent,False,Defender,Japan,17 May 1999,776279
3756,Danny Hill,10,0,,False,Midfielder,England,1 October 1974,543
3757,David Ozoh,10,0,Derby County,False,Centre Defensive Midfielder,England,6 May 2005,794497
3758,Filipe Andrade Teixeira,10,0,SC Fotbal Club FCSB SA,False,Centre Attacking Midfielder,Portugal,2 October 1980,52574
3759,Frank McAvennie,10,0,,False,Midfielder,Scotland,22 November 1959,799
3760,Frank Nouble,10,0,,False,Forward,England,24 September 1991,736516
3761,Georgios Charalambos Georgiadis,10,0,Olympiakos,False,Midfielder,Greece,8 March 1972,278971
3762,Giorgi Mamardashvili,10,0,Valencia CF,False,Goalkeeper,Georgia,29 September 2000,363403
3763,Ivo Pinto,10,0,Dinamo Zagreb,False,Left Full Back,Portugal,7 January 1990,192900
3764,Jacob Sørensen,10,0,Brann,False,Midfielder,Denmark,3 March 1998,740821
3765,Jakub Stolarczyk,10,0,Hartlepool United,False,Goalkeeper,Poland,19 December 2000,337011
3766,Jim Brennan,10,0,,False,Defender,Canada,8 May 1977,3663
3767,Jordan Amavi,10,0,Brest,False,Left Full Back,France,9 March 1994,362164
3768,Jota,10,0,Alavés,False,Left/Centre/Right Attacking Midfielder,Spain,16 June 1991,258698
3769,Lee Todd,10,0,Bradford City,False,Defender,England,7 March 1972,182536
3770,Lloyd Sam,10,0,AFC Wimbledon,False,Right Winger,Ghana,27 September 1984,128202
3771,Mark Clyde,10,0,,False,Defender,Northern Ireland,27 December 1982,3387
3772,Martin Jiránek,10,0,,False,Centre/Right Central Defender,Czech Republic,25 May 1979,5607
3773,Matty Pattison,10,0,Gateshead,False,Midfielder,South Africa,27 October 1986,16613
3774,Milan Jovanovic,10,0,RSC Anderlecht,False,Left/Centre/Right Second Striker,Serbia,18 April 1981,114210
3775,Neil Webb,10,0,Grimsby Town,False,Midfielder,England,30 July 1963,41859
3776,Ondrej Duda,10,0,1. FC Köln,False,Centre Attacking Midfielder,Slovakia,5 December 1994,277842
3777,Paul Hall,10,0,Mansfield Town,False,Midfielder,Jamaica,3 July 1972,28180
3778,Richard Lee,10,0,Brentford,False,Goalkeeper,England,5 October 1982,16598
3779,Rob Edwards,10,0,Barnsley,False,Defender,Wales,25 December 1982,175854
3780,Savio Nsereko,10,0,,False,Left/Right Attacking Midfielder,Germany,27 July 1989,5187
3781,Saúl Ñíguez,10,0,Sevilla,False,Centre Central Midfielder,Spain,21 November 1994,361033
3782,Tawanda Chirewa,10,0,Huddersfield Town,False,Left/Centre/Right Attacking Midfielder,Zimbabwe,12 October 2003,349062
3783,Tomas Gustafsson,10,0,,False,Defender,Sweden,7 May 1973,2097
3784,Tony Vaughan,10,0,Ipswich Town,False,Defender,England,11 October 1975,954
3785,Vadis Odjidja-Ofoe,10,0,Hajduk Split,False,Midfielder,Belgium,21 February 1989,341915
3786,Valentin Roberge,10,0,AEK Larnaka,False,Defender,France,9 June 1987,741095
3787,Vincent Candela,10,0,,False,Defender,France,24 October 1973,3497
3788,Welington,10,0,Southampton,False,Left Full Back,Brazil,19 February 2001,731025
3789,Yunus Konak,10,0,Lincoln City,False,Centre Defensive Midfielder,Turkiye,10 January 2006,792865
3790,Bobby Howe,9,2,Nottingham Forest,False,Midfielder,England,6 November 1973,42130
3791,Dani,9,2,,False,Forward,Portugal,2 November 1976,1292
3792,Hakan Sükür,9,2,,False,Forward,Turkiye,1 September 1971,278574
3793,Kerry Dixon,9,2,,False,Forward,England,24 July 1961,655
3794,Manny Omoyinmi,9,2,,False,Forward,England,28 December 1977,1291
3795,Dale Gordon,9,1,,False,Midfielder,England,9 January 1967,833
3796,Darren Ward,9,1,Yeovil Town,False,Centre Central Defender,England,13 September 1978,20464
3797,Dexter Blackstock,9,1,Rotherham United,False,Centre Striker,Antigua & Barbuda,20 May 1986,39484
3798,Diego Lugano,9,1,,False,Centre Central Defender,Uruguay,2 November 1980,6779
3799,Dino Baggio,9,1,,False,Midfielder,Italy,24 July 1971,3421
3800,Mark Hudson,9,1,Huddersfield Town,False,Centre Central Defender,England,30 March 1982,14711
3801,Patrick Mboma,9,1,,False,Forward,Cameroon,15 November 1970,2761
3802,Philip Scott,9,1,,False,Midfielder,Scotland,14 November 1974,1984
3803,Stefan Maierhofer,9,1,AS Trencín,False,Centre Striker,Austria,16 August 1982,121597
3804,Stefanos Tzimas,9,1,1. FC Nürnberg,False,Forward,Greece,6 January 2006,740542
3805,Zvonimir Vukic,9,1,PAOK Salonika,False,Midfielder,Serbia,19 July 1979,8961
3806,Albian Ajeti,9,0,FC Lugano,False,Forward,Switzerland,26 February 1997,794484
3807,Alfons Groenendijk,9,0,,False,Midfielder,Netherlands,17 May 1964,717
3808,Andi Zeqiri,9,0,Standard Liège,False,Forward,Switzerland,22 June 1999,365027
3809,Anthony Modeste,9,0,Al Ahly,False,Forward,France,14 April 1988,348150
3810,Ben Thornley,9,0,Manchester United,False,Midfielder,England,21 April 1975,315
3811,Bobby Davison,9,0,,False,Forward,England,17 July 1959,774
3812,Bobby Petta,9,0,Celtic,False,Midfielder,Netherlands,6 August 1974,3223
3813,Branco,9,0,,False,Midfielder,Brazil,4 April 1964,1232
3814,Brett Williams,9,0,Nottingham Forest,False,Defender,England,9 March 1968,383
3815,Brian Kerr,9,0,,False,Midfielder,Scotland,12 October 1981,2485
3816,Cengiz Ünder,9,0,Besiktas,False,Right Winger,Turkiye,14 July 1997,751819
3817,Chiquinho,9,0,Mallorca,False,Left Winger,Portugal,5 February 2000,363847
3818,Divin Mubama,9,0,Southampton,False,Forward,England,25 October 2004,792323
3819,Djibril Diawara,9,0,,False,Defender,Senegal,3 January 1975,2781
3820,Eyong Enoh,9,0,Standard Liège,False,Centre Defensive Midfielder,Cameroon,23 March 1986,18162
3821,Fer López,9,0,Celta de Vigo,False,Attacking Midfielder,Spain,24 May 2004,775753
3822,Filip Djuricic,9,0,Panathinaikos,False,Attacking Midfielder,Serbia,30 January 1992,347007
3823,Frazer Richardson,9,0,,False,Full Back,England,29 October 1982,35126
3824,George Thorne,9,0,Oxford United,False,Centre Central Midfielder,England,4 January 1993,179375
3825,Giovanni Reyna,9,0,Strasbourg,False,Attacking Midfielder,United States,13 November 2002,791887
3826,Greg Cunningham,9,0,Preston North End,False,Left Full Back,Ireland,31 January 1991,269355
3827,Hope Akpan,9,0,Bradford City,False,Centre Central Midfielder,Nigeria,14 August 1991,131827
3828,Ibrahim Ba,9,0,,False,Midfielder,France,12 November 1973,3178
3829,Ivo Grbic,9,0,,False,Goalkeeper,Croatia,18 January 1996,356312
3830,Jamie Forrester,9,0,,False,Forward,England,1 November 1974,42125
3831,Jason Brown,9,0,Dartford,False,Goalkeeper,Wales,18 May 1982,16486
3832,Jes Hogh,9,0,,False,Defender,Denmark,7 May 1966,2089
3833,Juan Cobian,9,0,,False,Defender,Argentina,11 September 1975,1979
3834,Jóhann Gudmundsson,9,0,,False,Midfielder,Iceland,5 December 1977,2238
3835,Kevin Gibbens,9,0,,False,Midfielder,England,4 November 1979,1747
3836,Kevin Mbabu,9,0,FC Midtjylland,False,Defender,Switzerland,19 April 1995,364365
3837,Kevin Muscat,9,0,Rangers,False,Defender,Australia,7 August 1973,279138
3838,Lars Leese,9,0,,False,Goalkeeper,Germany,18 August 1969,1777
3839,Lilian Martin,9,0,,False,Defender,France,28 May 1971,2349
3840,Luca Netz,9,0,Nottingham Forest,True,Left Full Back,Germany,15 May 2003,776265
3841,Luis Alberto,9,0,Lazio,False,Centre Attacking Midfielder,Spain,28 September 1992,51078
3842,Mahmoud Dahoud,9,0,Eintracht Frankfurt,False,Central Midfielder,Syria,1 January 1996,364364
3843,Maicon,9,0,Roma,False,Right Full Back,Brazil,26 July 1981,16008
3844,Martin Cranie,9,0,Luton Town,False,Centre Central Defender,England,26 September 1986,160085
3845,Matthew Connolly,9,0,Watford,False,Defender,England,24 September 1987,100496
3846,Michael Clegg,9,0,,False,Defender,England,3 July 1977,1218
3847,Michael Johnson,9,0,,False,Defender,Jamaica,4 July 1973,4832
3848,Moritz Leitner,9,0,FC Zürich,False,Central Midfielder,Germany,8 December 1992,289672
3849,Míchel,9,0,,False,Centre Defensive Midfielder,Spain,8 November 1985,24208
3850,Nahki Wells,9,0,Luton Town,False,Forward,Bermuda,1 June 1990,738339
3851,Paulo Futre,9,0,,False,Forward,Portugal,28 February 1966,1531
3852,Peter Clarke,9,0,Oldham Athletic,False,Centre Central Defender,England,3 January 1982,131959
3853,Peter Etebo,9,0,Gençlerbirligi,False,Midfielder,Nigeria,9 November 1995,361839
3854,Pierre-Yves André,9,0,,False,Forward,France,14 May 1974,2867
3855,Rhys Williams,9,0,Morecambe,False,Centre Central Defender,England,3 February 2001,256099
3856,Ron-Robert Zieler,9,0,1. FC Köln,False,Goalkeeper,Germany,12 February 1989,738694
3857,Shaun Cummings,9,0,,False,Right Full Back,Jamaica,25 February 1989,140201
3858,Silas,9,0,,False,Midfielder,Portugal,1 September 1976,3402
3859,Simon Johnson,9,0,Solihull Moors,False,Midfielder,England,9 March 1983,177662
3860,Stephen Dobbie,9,0,Bolton Wanderers,False,Centre Striker,Scotland,5 December 1982,18689
3861,Steve Mandanda,9,0,Rennes,False,Goalkeeper,France,28 March 1985,320690
3862,Steven Berghuis,9,0,Ajax,False,Forward,Netherlands,19 December 1991,281487
3863,Tony Sheridan,9,0,,False,Forward,Ireland,21 October 1974,136
3864,Vlado Bozinoski,9,0,,False,Midfielder,North Macedonia,30 March 1964,210
3865,Wayne Andrews,9,0,Wealdstone,False,Forward,England,25 November 1977,732303
3866,Will Hoskins,9,0,Exeter City,False,Centre Striker,England,6 May 1986,19218
3867,Winston Bogarde,9,0,Chelsea,False,Defender,Netherlands,22 October 1970,2331
3868,John Hendry,8,2,,False,Forward,Scotland,6 January 1970,559
3869,Yordi,8,2,,False,Forward,Spain,14 September 1974,222307
3870,Alejo Veliz,8,1,Espanyol,False,Striker,Argentina,19 September 2003,362513
3871,Ben Hutchinson,8,1,Mansfield Town,False,Centre/Right Striker,England,27 November 1987,11405
3872,Dennis Srbeny,8,1,SpVgg Greuther Fürth,False,Centre Striker,Germany,5 May 1994,341368
3873,Esteban Fuertes,8,1,,False,Forward,Argentina,26 December 1972,2115
3874,Hélder Cristóvão,8,1,Paris Saint Germain,False,Defender,Portugal,21 March 1971,334939
3875,Kepa,8,1,Deportivo Guadalajara,False,Centre Striker,Spain,13 January 1984,102666
3876,Leon Balogun,8,1,Rangers,False,Centre Central Defender,Nigeria,28 June 1988,332671
3877,Mads Andersen,8,1,Luton Town,False,Centre Central Defender,Denmark,27 December 1997,354406
3878,Patrice Carteron,8,1,,False,Defender,France,30 July 1970,2500
3879,Terry Gibson,8,1,,False,Forward,England,23 December 1962,586
3880,Adam Green,8,0,,False,Defender,England,12 January 1984,17102
3881,Alan Tate,8,0,Crewe Alexandra,False,Centre Central Defender,England,2 September 1982,14565
3882,Andreas Cornelius,8,0,FC København,False,Centre Striker,Denmark,16 March 1993,7207
3883,Andy Ducros,8,0,Redditch United,False,Midfielder,England,16 September 1977,96964
3884,Andy Morrison,8,0,,False,Defender,Scotland,30 July 1970,2436
3885,Beni Baningime,8,0,Heart of Midlothian,False,Centre Defensive Midfielder,DR Congo,9 September 1998,324727
3886,Bosko Balaban,8,0,Club Brugge,False,Left/Centre Second Striker,Croatia,15 October 1978,173535
3887,Bénie Traoré,8,0,FC Basel,False,Forward,Cote D’Ivoire,30 November 2002,740801
3888,Chris Lucketti,8,0,Huddersfield Town,False,Defender,England,28 September 1971,96075
3889,Christian Panucci,8,0,Roma,False,Centre/Right Central Defender,Italy,12 April 1973,334998
3890,Christian Wilhelmsson,8,0,Deportivo de La Coruña,False,Midfielder,Sweden,8 December 1979,222022
3891,Clinton N'Jie,8,0,Sivasspor,False,Left/Centre/Right Striker,Cameroon,15 August 1993,324921
3892,Damien Matthew,8,0,,False,Midfielder,England,23 September 1970,936
3893,Dennis Cirkin,8,0,Queens Park Rangers,False,Defender,Latvia,6 April 2002,792444
3894,Djamel Belmadi,8,0,Marseille,False,Midfielder,Algeria,25 March 1976,2970
3895,Elliot Omozusi,8,0,Leyton Orient,False,Left/Right Full Back,England,15 December 1988,11270
3896,Emerse Faé,8,0,,False,Midfielder,Cote D’Ivoire,24 January 1984,4739
3897,Fred Onyedinma,8,0,Wycombe Wanderers,False,Centre Attacking Midfielder,Nigeria,24 November 1996,161342
3898,Graham Potter,8,0,West Bromwich Albion,False,Midfielder,England,20 May 1975,42077
3899,Hakan Ünsal,8,0,,False,Defender,Turkiye,14 May 1973,278559
3900,Hannu Tihinen,8,0,FC Zürich,False,Centre Central Defender,Finland,1 July 1976,175142
3901,Jan Lastuvka,8,0,,False,Goalkeeper,Czech Republic,7 July 1982,52809
3902,Javi Moreno,8,0,Atlético de Madrid,False,Forward,Spain,10 September 1974,3182
3903,Jesurun Rak-Sakyi,8,0,Stoke City,False,Right Winger,Ghana,5 October 2002,776275
3904,John Piercy,8,0,,False,Midfielder,England,18 September 1979,2223
3905,Jonas Wirmola,8,0,,False,Defender,Sweden,17 July 1969,869
3906,Josh Tymon,8,0,Swansea City,False,Left Full Back,England,22 May 1999,346841
3907,Ludovic Sylvestre,8,0,Çaykur Rizespor,False,Centre Central Midfielder,France,5 February 1984,121677
3908,Malang Sarr,8,0,Lens,False,Centre Central Defender,France,23 January 1999,361786
3909,Maniche,8,0,Atlético de Madrid,False,Midfielder,Portugal,11 November 1977,222000
3910,Manuel Benson,8,0,Swansea City,False,Right Winger,Angola,28 March 1997,741900
3911,Marco Ambrosio,8,0,,False,Goalkeeper,Italy,30 May 1973,3193
3912,Marco Bizot,8,0,Aston Villa,True,Goalkeeper,Netherlands,10 March 1991,738480
3913,Marko Grujic,8,0,Levski Sofia,False,Midfielder,Serbia,13 April 1996,794426
3914,Matt Grimes,8,0,Coventry City,True,Defensive Midfielder,England,15 July 1995,733084
3915,Matteo Ferrari,8,0,,False,Defender,Italy,5 December 1979,3863
3916,Michael Olakigbe,8,0,Chesterfield,False,Forward,England,25 April 2004,734517
3917,Neal Bartlett,8,0,,False,Midfielder,England,7 April 1975,517
3918,Neale Fenn,8,0,,False,Forward,Ireland,18 January 1977,1277
3919,Nenê,8,0,Juventude,False,Midfielder,Brazil,19 July 1981,730840
3920,Nicky Maynard,8,0,Tranmere Rovers,False,Centre Striker,England,11 December 1986,288848
3921,Omar Elabdellaoui,8,0,,False,Defender,Norway,5 December 1991,336108
3922,Pal Lydersen,8,0,,False,Defender,Norway,10 September 1965,6
3923,Paris Maghoma,8,0,Norwich City,False,Midfielder,England,8 May 2001,775749
3924,Paul Moody,8,0,,False,Forward,England,13 June 1967,521
3925,Paul Moran,8,0,,False,Forward,England,22 May 1968,558
3926,Phil Jevons,8,0,Morecambe,False,Forward,England,1 August 1979,28262
3927,Reece Oxford,8,0,FC Augsburg,False,Centre Central Defender,England,16 December 1998,170889
3928,Roberto Jiménez,8,0,,False,Goalkeeper,Spain,10 February 1986,196350
3929,Runar Normann,8,0,,False,Midfielder,Norway,1 March 1978,2103
3930,Sandro Ramírez,8,0,Las Palmas,False,Striker,Spain,9 July 1995,340730
3931,Sheyi Ojo,8,0,KV Kortrijk,False,Left/Right Winger,England,19 June 1997,345126
3932,Simone Zaza,8,0,,False,Centre Striker,Italy,25 June 1991,135953
3933,Tommy Wright,8,0,Manchester City,False,Goalkeeper,Northern Ireland,29 August 1963,2166
3934,Tony Thomas,8,0,,False,Defender,England,12 July 1971,1656
3935,Trey Nyoni,8,0,Liverpool U19,False,Midfielder,England,30 June 2007,365526
3936,Valentín Barco,8,0,Chelsea,True,Left/Centre Central Midfielder,Argentina,23 July 2004,790514
3937,William Kvist,8,0,FC København,False,Centre Defensive Midfielder,Denmark,24 February 1985,32476
3938,Willy Kambwala,8,0,Como,False,Centre Central Defender,France,25 August 2004,793332
3939,Steve Cotterill,7,3,,False,Forward,England,20 July 1964,583
3940,Clive Allen,7,2,,False,Forward,England,20 May 1961,882
3941,Juan Cala,7,2,Cádiz,False,Centre Central Defender,Spain,26 November 1989,168179
3942,Leandre Griffit,7,2,,False,Midfielder,France,21 May 1984,110790
3943,Phil Gee,7,2,,False,Defender,England,19 December 1964,975
3944,Xavier Gravelaine,7,2,Monaco,False,Forward,France,5 October 1968,278932
3945,Alysson,7,1,Aston Villa,True,Right Winger,Brazil,5 May 2006,772474
3946,Craig Beattie,7,1,,False,Forward,Scotland,16 January 1984,120783
3947,Diego Gavilán,7,1,,False,Midfielder,Paraguay,1 March 1980,2174
3948,Douglas Rinaldi,7,1,,False,Midfielder,Brazil,10 February 1984,4388
3949,Gilberto,7,1,Tottenham Hotspur,False,Defender,Brazil,25 April 1976,4780
3950,Greg Berry,7,1,,False,Forward,England,5 March 1971,584
3951,Greg Goodridge,7,1,,False,Midfielder,Barbados,10 July 1971,1258
3952,Henrik Larsson,7,1,,False,Forward,Sweden,20 September 1971,4451
3953,Juan Carlos Menseguéz,7,1,,False,Left/Centre/Right Striker,Argentina,18 February 1984,121095
3954,Mark Burchill,7,1,,False,Forward,Scotland,18 August 1980,3351
3955,Matthew Pennington,7,1,Bradford City,False,Defender,England,6 October 1994,737430
3956,Mbulelo Mabizela,7,1,,False,Midfielder,South Africa,16 September 1980,3372
3957,Nuri Sahin,7,1,,False,Centre Central Defender,Turkiye,5 September 1988,256253
3958,Oliver Sonne,7,1,Sparta Prague,False,Right Full Back,Peru,10 November 2000,776098
3959,Orlando Sá,7,1,Málaga,False,Centre Striker,Portugal,26 May 1988,262836
3960,Silvestre Varela,7,1,,False,Left/Right Winger,Portugal,2 February 1985,284479
3961,Simon Vukcevic,7,1,Blackburn Rovers,False,Left/Centre Attacking Midfielder,Montenegro,29 January 1986,5929
3962,Sébastien Puygrenier,7,1,Zenit St Petersburg,False,Defender,France,28 January 1982,4903
3963,Xisco,7,1,Alcorcón,False,Centre Striker,Spain,26 June 1986,268780
3964,Abdelhamid Sabiri,7,0,Sampdoria,False,Attacking Midfielder,Morocco,28 November 1996,338152
3965,Adam Henley,7,0,Chorley,False,Defender,Wales,14 June 1994,264565
3966,Adrian Clarke,7,0,Southend United,False,Midfielder,England,28 September 1974,42029
3967,Alan McLeary,7,0,,False,Defender,England,10 June 1964,658
3968,Andy Marriott,7,0,Exeter City,False,Goalkeeper,Wales,11 October 1970,29736
3969,Anthony McNamee,7,0,Wycombe Wanderers,False,Midfielder,England,13 July 1984,178040
3970,Ben Pearson,7,0,Stoke City,False,Centre Central Midfielder,England,4 January 1995,732267
3971,Borna Sosa,7,0,,False,Left Full Back,Croatia,21 January 1998,738358
3972,Brian Laudrup,7,0,,False,Forward,Denmark,22 February 1969,2029
3973,Cadete,7,0,,False,Forward,Portugal,27 August 1968,2271
3974,Chido Obi,7,0,,False,Centre Striker,Denmark,29 November 2007,736027
3975,Chris Willmott,7,0,,False,Defender,England,30 September 1977,2290
3976,Christer Warren,7,0,,False,Forward,England,10 October 1974,1272
3977,Christian Walton,7,0,Ipswich Town,False,Goalkeeper,England,9 November 1995,301239
3978,Christopher McCann,7,0,Burton Albion,False,Midfielder,Ireland,21 July 1987,338193
3979,Colin Pates,7,0,,False,Defender,England,10 August 1961,4
3980,Danny Butterfield,7,0,Exeter City,False,Right Full Back,England,21 November 1979,10832
3981,Darren Byfield,7,0,Tamworth,False,Forward,Jamaica,29 September 1976,12394
3982,David Davis,7,0,Forest Green Rovers,False,Centre Central Midfielder,England,20 February 1991,337771
3983,David Hughes,7,0,,False,Defender,England,1 February 1978,1108
3984,Davy Klaassen,7,0,Ajax,False,Centre Attacking Midfielder,Netherlands,21 February 1993,111527
3985,Denis Zakaria,7,0,Monaco,False,Centre Defensive Midfielder,Switzerland,20 November 1996,345084
3986,Duncan Spedding,7,0,,False,Midfielder,England,7 September 1977,1461
3987,Fabio Daprelà,7,0,FC Lugano,False,Left Full Back,Switzerland,19 February 1991,53111
3988,Freddie Woodman,7,0,Liverpool,True,Goalkeeper,England,4 March 1997,737391
3989,Gary Borrowdale,7,0,Gillingham,False,Left Full Back,England,16 July 1985,10952
3990,Gary Locke,7,0,,False,Midfielder,Scotland,16 June 1975,2312
3991,Gedson Fernandes,7,0,,False,Centre Central Midfielder,Portugal,9 January 1999,314733
3992,Guido Carrillo,7,0,Elche,False,Centre Striker,Argentina,25 May 1991,258829
3993,Gérald Cid,7,0,,False,Defender,France,17 February 1983,4829
3994,Harry Clarke,7,0,Preston North End,False,Defender,England,2 March 2001,792635
3995,Ignacio Pussetto,7,0,Sampdoria,False,Left/Right Second Striker,Argentina,21 December 1995,327744
3996,Isaac Okoronkwo,7,0,FC Moscow,False,Centre/Right Central Defender,Nigeria,1 May 1978,173622
3997,Jaime Moreno,7,0,,False,Forward,Bolivia,19 January 1974,1236
3998,Jardel,7,0,,False,Forward,Brazil,18 September 1973,3181
3999,Jean Makoun,7,0,Olympiakos,False,Centre Defensive Midfielder,Cameroon,29 May 1983,126549
4000,Jeremy Monga,7,0,Swansea City,False,Forward,England,10 July 2009,794527
4001,Jiang Guangtai,7,0,Sunderland,False,Defender,China,27 May 1994,138616
4002,Johann Vogel,7,0,,False,Midfielder,Switzerland,8 March 1977,4527
4003,Jon Ashton,7,0,Braintree Town,False,Defender,England,4 October 1982,40682
4004,Jonah Kusi-Asare,7,0,Fulham,True,Striker,Sweden,4 July 2007,762655
4005,Jonathan Grounds,7,0,Exeter City,False,Left/Centre Central Defender,England,2 February 1988,283459
4006,Jordan Spence,7,0,Ipswich Town,False,Left/Right Full Back,England,24 May 1990,42791
4007,Jose Baxter,7,0,,False,Centre Striker,England,7 February 1992,161218
4008,Josh Walker,7,0,Gateshead,False,Midfielder,England,21 January 1989,10931
4009,Kazenga LuaLua,7,0,Charlton Athletic,False,Left/Right Winger,DR Congo,10 December 1990,358305
4010,Kyle Lightbourne,7,0,,False,Forward,Bermuda,29 September 1968,1615
4011,Laurent Courtois,7,0,LA Galaxy,False,Left/Right Attacking Midfielder,France,11 September 1978,114947
4012,Lee Durrant,7,0,,False,Midfielder,England,18 December 1973,209
4013,Léo Bonatini,7,0,Nottingham Forest,False,Centre Striker,Brazil,28 March 1994,163721
4014,Marcus Bettinelli,7,0,Manchester City,True,Goalkeeper,England,24 May 1992,737018
4015,Marcus Forss,7,0,Bolton Wanderers,False,Forward,Finland,18 June 1999,741745
4016,Marlon Beresford,7,0,,False,Goalkeeper,England,2 September 1969,1930
4017,Martin Woods,7,0,Boston United,False,Central Midfielder,Scotland,1 January 1986,368956
4018,Michael Stewart,7,0,Charlton Athletic,False,Midfielder,Scotland,26 February 1981,26899
4019,Mike Quigley,7,0,,False,Midfielder,England,2 October 1970,288
4020,Mikel Alonso,7,0,Real Unión,False,Midfielder,Spain,16 May 1980,108359
4021,Modibo Diakité,7,0,Ternana Unicusano,False,Central Defender,France,2 March 1987,280678
4022,Nathan Fraser,7,0,,False,Centre Striker,Ireland,22 February 2005,330729
4023,Neil McDonald,7,0,,False,Defender,England,2 November 1965,404
4024,Nery Castillo,7,0,Rayo Vallecano,False,Left/Right Winger,Mexico,13 June 1984,105682
4025,Nicos Papavasiliou,7,0,,False,Midfielder,Cyprus,31 August 1970,737
4026,Ozan Tufan,7,0,Trabzonspor,False,Centre Defensive Midfielder,Turkiye,23 March 1995,359872
4027,Patrick Roberts,7,0,Birmingham City,False,Midfielder,England,5 February 1997,776259
4028,Paul Elliott,7,0,,False,Defender,England,18 March 1964,93
4029,Peter Canero,7,0,,False,Defender,Scotland,18 January 1981,3249
4030,Peter Markstedt,7,0,,False,Defender,Sweden,11 January 1972,1550
4031,Philipp Degen,7,0,FC Basel,False,Right Full Back,Switzerland,15 February 1983,7121
4032,Ragnvald Soma,7,0,,False,Centre Central Defender,Norway,10 November 1979,114368
4033,Ray Wallace,7,0,Stoke City,False,Defender,England,2 October 1969,42034
4034,Renato Veiga,7,0,Villarreal,False,Centre Defensive Midfielder,Portugal,29 July 2003,740781
4035,Rob Bowman,7,0,,False,Defender,England,21 November 1975,218
4036,Rodolphe M'Bela Douala,7,0,Boavista,False,Forward,Cameroon,25 September 1978,4273
4037,Sam Shilton,7,0,,False,Midfielder,England,21 July 1978,1173
4038,Sergio Romero,7,0,Boca Juniors,False,Goalkeeper,Argentina,22 February 1987,335710
4039,Shelton Martis,7,0,Doncaster Rovers,False,Defender,Curacao,29 November 1982,27209
4040,Steve Blatherwick,7,0,Reading,False,Defender,England,20 September 1973,42002
4041,Ståle Stensaas,7,0,Rosenborg,False,Defender,Norway,7 July 1971,335034
4042,Veljko Milosavljevic,7,0,Bournemouth,True,Centre Central Defender,Serbia,28 June 2007,741612
4043,Will Keane,7,0,,False,Centre Striker,Ireland,11 January 1993,342078
4044,Yann Kermorgant,7,0,Reading,False,Centre Striker,France,8 November 1981,19949
4045,Ørjan Nyland,7,0,RB Leipzig,False,Goalkeeper,Norway,10 September 1990,328389
4046,Richard Walker,6,2,Solihull Moors,False,Forward,England,8 November 1977,177669
4047,Thievy Bifouma,6,2,Persepolis FC,False,Left Winger,Congo,13 May 1992,738888
4048,Chris Freestone,6,1,,False,Forward,England,9 April 1971,1238
4049,Chuba Akpom,6,1,Ipswich Town,True,Striker,England,9 October 1995,785375
4050,Daniel Braaten,6,1,,False,Forward,Norway,25 May 1982,125143
4051,Darren Powell,6,1,MK Dons,False,Defender,England,10 March 1976,28223
4052,David Smith,6,1,,False,Midfielder,England,29 March 1968,604
4053,Fran Mérida,6,1,Espanyol,False,Centre Central Midfielder,Spain,4 March 1990,262720
4054,Joe Lolley,6,1,,False,Left/Right Winger,England,25 August 1992,94284
4055,Jonathan Stevenson,6,1,,False,Forward,England,13 October 1982,2712
4056,Liam O'Brien,6,1,Tranmere Rovers,False,Midfielder,Ireland,5 September 1964,42061
4057,Marko Marin,6,1,,False,Midfielder,Germany,13 March 1989,292046
4058,Max Dowman,6,1,Arsenal,True,Attacking Midfielder,England,31 December 2009,738946
4059,Molla Wagué,6,1,,False,Defender,Mali,21 February 1991,300569
4060,Nick Powell,6,1,Bradford City,False,Midfielder,England,23 March 1994,740552
4061,Rade Prica,6,1,Maccabi Tel Aviv,False,Centre Striker,Sweden,30 June 1980,8834
4062,Ray McKinnon,6,1,,False,Defender,Scotland,5 August 1970,643
4063,Stale Solbakken,6,1,,False,Midfielder,Norway,27 February 1968,1802
4064,Stefan Malz,6,1,,False,Midfielder,Germany,15 June 1972,2049
4065,Steffen Karl,6,1,,False,Defender,Germany,3 February 1970,714
4066,Ahmad Elrich,6,0,,False,Midfielder,Australia,30 May 1981,3882
4067,Alan McCarthy,6,0,,False,Defender,England,11 January 1972,432
4068,Alou Diarra,6,0,Charlton Athletic,False,Centre Defensive Midfielder,France,15 July 1981,14457
4069,Anass Zaroury,6,0,Panathinaikos,False,Left Winger,Morocco,7 November 2000,794262
4070,Angeliño,6,0,Roma,False,Left Full Back,Spain,4 January 1997,359838
4071,Anthony Forde,6,0,Burton Albion,False,Midfielder,Ireland,16 November 1993,736130
4072,Ariza Makukula,6,0,Benfica,False,Forward,Portugal,4 March 1981,4911
4073,Ben Alnwick,6,0,,False,Goalkeeper,England,1 January 1987,39264
4074,Ben Woodburn,6,0,Salford City,False,Left/Centre/Right Attacking Midfielder,Wales,15 October 1999,361678
4075,Bobby Clark,6,0,Derby County,False,Midfielder,England,7 February 2005,785388
4076,Carl Robinson,6,0,,False,Midfielder,Wales,13 October 1976,110711
4077,Carl Serrant,6,0,,False,Defender,England,12 September 1975,1948
4078,Carl Veart,6,0,,False,Midfielder,Australia,21 May 1970,1789
4079,Charlie Goode,6,0,Stevenage,False,Centre Central Defender,England,3 August 1995,362487
4080,Chem Campbell,6,0,Stevenage,False,Midfielder,Wales,30 December 2002,737301
4081,Chris Price,6,0,,False,Midfielder,England,30 March 1960,78
4082,Christian Kalvenes,6,0,,False,Left Full Back,Norway,8 March 1977,5562
4083,Cody Drameh,6,0,,False,Right Full Back,England,8 December 2001,361507
4084,David Beharall,6,0,,False,Defender,England,8 March 1979,1947
4085,David Farrell,6,0,,False,Midfielder,England,11 November 1971,47
4086,David Kerr,6,0,,False,Midfielder,Scotland,6 September 1974,287
4087,Dekel Keinan,6,0,,False,Left/Centre Central Defender,Israel,15 September 1984,144719
4088,Elsad Zverotic,6,0,FC Sion,False,Right Full Back,Montenegro,31 October 1986,24091
4089,Ezra Mayers,6,0,West Ham United,False,Defender,England,16 January 2007,691863
4090,Fernando Guerrero,6,0,Independiente del Valle,False,Left/Centre/Right Attacking Midfielder,Ecuador,31 July 1989,267337
4091,Fodé Ballo-Touré,6,0,,False,Left Full Back,Senegal,3 January 1997,347495
4092,Franck Dumas,6,0,Marseille,False,Defender,France,9 January 1968,784964
4093,Gareth Grant,6,0,,False,Forward,England,6 September 1980,2082
4094,Gavin McGowan,6,0,,False,Defender,England,16 January 1976,5
4095,George Hemmings,6,0,Aston Villa,False,Midfielder,England,4 March 2007,739759
4096,George Honeyman,6,0,Blackpool,False,Midfielder,England,8 September 1994,737426
4097,Graham Allen,6,0,,False,Defender,England,8 April 1977,1183
4098,Gustavo Scarpa,6,0,,False,Attacking Midfielder,Brazil,5 January 1994,346990
4099,Ian Ormondroyd,6,0,,False,Forward,England,22 September 1964,989
4100,Ian Thomas-Moore,6,0,Rotherham United,False,Forward,England,26 August 1976,28682
4101,Ignacio Scocco,6,0,River Plate,False,Centre Striker,Argentina,29 May 1985,138004
4102,Itzik Zohar,6,0,,False,Midfielder,Israel,31 October 1970,1627
4103,Jacob Burns,6,0,Unirea Urziceni,False,Midfielder,Australia,20 April 1978,174928
4104,Jak Alnwick,6,0,Cardiff City,False,Goalkeeper,England,17 June 1993,314468
4105,Jan Kozak,6,0,ASU Politehnica Timisoara,False,Left Winger,Slovakia,22 April 1980,98543
4106,Jason Kearton,6,0,,False,Goalkeeper,Australia,9 July 1969,123757
4107,Jean-Guy Wallemme,6,0,,False,Defender,France,10 August 1967,2032
4108,Jean-Philippe Gbamin,6,0,CSKA Sofia,False,Midfielder,Cote D’Ivoire,25 September 1995,793894
4109,Jemal Johnson,6,0,,False,Forward,United States,3 May 1985,178312
4110,Jesper Mattsson,6,0,,False,Defender,Sweden,18 April 1968,2039
4111,Joe Hodge,6,0,Huddersfield Town,False,Centre Defensive Midfielder,Ireland,14 September 2002,363459
4112,John Guidetti,6,0,Alavés,False,Centre Striker,Sweden,15 April 1992,130561
4113,Jonathan Adjo Kodjia,6,0,Versailles,False,Forward,Cote D’Ivoire,22 October 1989,367036
4114,Jordan Rhodes,6,0,Mansfield Town,False,Forward,Scotland,5 February 1990,735491
4115,Josh Benson,6,0,Rotherham United,False,Midfielder,England,5 December 1999,738838
4116,Josh Morris,6,0,Motherwell,False,Left Winger,England,30 September 1991,335249
4117,José Campaña,6,0,Las Palmas,False,Centre Central Midfielder,Spain,31 May 1993,357481
4118,Julien Ngoy,6,0,Kasimpasa S.K.,False,Left/Centre/Right Striker,Belgium,2 November 1997,358044
4119,Julio Soler,6,0,Bournemouth,True,Left Full Back,Argentina,16 February 2005,730942
4120,Jérémy Pied,6,0,Lille,False,Right Full Back,France,23 February 1989,137887
4121,Kevin Pilkington,6,0,Cambridge United,False,Goalkeeper,England,8 March 1974,135707
4122,Lee Makel,6,0,Huddersfield Town,False,Midfielder,England,11 January 1973,41868
4123,Lee Tomlin,6,0,,False,Left/Centre/Right Second Striker,England,12 January 1989,320191
4124,Lewis Price,6,0,Rotherham United,False,Goalkeeper,Wales,19 July 1984,30973
4125,Magnus Eikrem,6,0,Molde,False,Midfielder,Norway,8 August 1990,258374
4126,Martin Latka,6,0,Slovan Liberec,False,Defender,Czech Republic,28 September 1984,34386
4127,Martyn Waghorn,6,0,,False,Centre Striker,England,23 January 1990,728814
4128,Matthew Spring,6,0,Hitchin Town,False,Midfielder,England,17 November 1979,139859
4129,Maurice Doyle,6,0,,False,Midfielder,England,17 October 1969,436
4130,Michael Lake,6,0,,False,Midfielder,England,16 November 1966,648
4131,Niklas Gudmundsson,6,0,Ipswich Town,False,Defender,Sweden,29 February 1972,41878
4132,Odeluga Offiah,6,0,Preston North End,False,Central Defender,England,26 October 2002,738026
4133,Owen Otasowie,6,0,,False,Midfielder,United States,6 January 2001,289012
4134,Paolo Tramezzani,6,0,,False,Defender,Italy,30 July 1970,2003
4135,Patrick Blondeau,6,0,Marseille,False,Defender,France,27 January 1968,784966
4136,Paul Smith,6,0,Southend United,False,Goalkeeper,England,17 December 1979,12133
4137,Phil Warner,6,0,,False,Defender,England,2 February 1979,1740
4138,Rhys Wilmot,6,0,,False,Goalkeeper,Wales,21 February 1962,1081
4139,Salva Ballesta,6,0,Málaga,False,Centre Striker,Spain,22 May 1975,127474
4140,Sergei Kornilenko,6,0,Dynamo Kyiv,False,Centre Striker,Belarus,14 June 1983,5672
4141,Simon Stewart,6,0,,False,Defender,England,1 November 1973,481
4142,Siriki Dembélé,6,0,Oxford United,False,Left Winger,Scotland,7 September 1996,363718
4143,Steve White,6,0,,False,Forward,England,2 January 1959,807
4144,Stig Johansen,6,0,,False,Forward,Norway,13 June 1972,1798
4145,Toby Collyer,6,0,West Bromwich Albion,False,Defensive Midfielder,England,3 January 2004,794422
4146,Tom Edwards,6,0,Salford City,False,Defender,England,22 January 1999,361025
4147,Tom Watson,6,0,Leicester City,False,Left Winger,England,8 April 2006,791870
4148,Trevor Francis,6,0,,False,Forward,England,19 April 1954,496
4149,Yaniv Katan,6,0,Maccabi Haifa,False,Centre Striker,Israel,27 January 1981,8809
4150,Charlie MacDonald,5,1,St Albans City,False,Forward,England,13 February 1981,20103
4151,Francesco Sanetti,5,1,,False,Forward,Italy,11 January 1979,1735
4152,Henri Saivet,5,1,St Etienne,False,Midfielder,Senegal,26 October 1990,53441
4153,Paolo Vernazza,5,1,Bishop's Stortford,False,Midfielder,England,1 November 1979,175942
4154,Sébastien Pérez,5,1,Marseille,False,Defender,France,24 November 1973,278814
4155,Abdul Razak,5,0,Doncaster Rovers,False,Centre Central Midfielder,Cote D’Ivoire,11 November 1992,14623
4156,Alan O'Brien,5,0,Gateshead,False,Midfielder,Ireland,20 February 1985,176690
4157,Ashley Westwood,5,0,Kettering Town,False,Defender,England,31 August 1976,176866
4158,Ben Winterburn,5,0,Barnet,False,Midfielder,England,4 September 2004,741739
4159,Benicio Baker-Boaitey,5,0,Millwall,False,Midfielder,England,9 January 2004,749050
4160,Brahim Díaz,5,0,Milan,False,Left/Centre Winger,Morocco,3 August 1999,256796
4161,Carl Dickinson,5,0,Yeovil Town,False,Centre Full Back,England,31 March 1987,132033
4162,Charlie Cresswell,5,0,Rennes,False,Centre Central Defender,England,17 August 2002,790556
4163,Cho Won-Hee,5,0,Suwon Samsung Bluewings,False,Centre Defensive Midfielder,South Korea,17 April 1983,123052
4164,Chris Martin,5,0,Bristol Rovers,False,Centre Striker,Scotland,4 November 1988,349521
4165,Colin Foster,5,0,,False,Defender,England,16 July 1964,883
4166,Cosmin Contra,5,0,ASU Politehnica Timisoara,False,Right Full Back,Romania,15 December 1975,98540
4167,Dani Pacheco,5,0,UD Logroñés,False,Left/Centre/Right Attacking Midfielder,Spain,5 January 1991,268730
4168,Daniel Van Buyten,5,0,FC Bayern München,False,Centre Central Defender,Belgium,7 February 1978,7159
4169,David Button,5,0,Ipswich Town,True,Centre Goalkeeper,England,27 February 1989,737894
4170,David Martin,5,0,MK Dons,False,Goalkeeper,England,22 January 1986,57526
4171,David Pizarro,5,0,Fiorentina,False,Centre Central Midfielder,Chile,11 September 1979,8489
4172,Didier Agathe,5,0,,False,Midfielder,France,16 August 1975,4445
4173,Diego Coppola,5,0,,False,Centre Central Defender,Italy,28 December 2003,737206
4174,Dylan Kerr,5,0,,False,Defender,Malta,14 January 1967,224
4175,Filipe Oliveira,5,0,Sporting Braga,False,Midfielder,Portugal,27 May 1984,174766
4176,Francisco Sierralta,5,0,Watford,False,Centre Central Defender,Chile,6 May 1997,217457
4177,Fumaca,5,0,,False,Midfielder,Brazil,15 July 1976,2172
4178,Gary Madine,5,0,Spennymoor Town,False,Forward,England,24 August 1990,752871
4179,Gökhan Inler,5,0,Besiktas,False,Central Midfielder,Switzerland,27 June 1984,114779
4180,Gökhan Töre,5,0,Konyaspor,False,Winger,Turkiye,20 January 1992,358094
4181,Harald Wapenaar,5,0,,False,Goalkeeper,Netherlands,10 April 1970,3320
4182,Haris Vuckic,5,0,,False,Centre Striker,Slovenia,21 August 1992,335468
4183,Harry Amass,5,0,Norwich City,False,Left Full Back,England,16 March 2007,775586
4184,Ian Andrews,5,0,Leicester City,False,Goalkeeper,England,1 December 1964,1680
4185,Ian Durrant,5,0,,False,Midfielder,Scotland,29 October 1966,1085
4186,Ian Feuer,5,0,,False,Goalkeeper,United States,20 May 1971,2788
4187,Ignasi Miquel,5,0,Leganés,False,Centre Central Defender,Spain,28 September 1992,738271
4188,Jakob Haugaard,5,0,Wigan Athletic,False,Goalkeeper,Denmark,1 May 1992,90877
4189,John Victor,5,0,Nottingham Forest,True,Goalkeeper,Brazil,13 February 1996,741609
4190,Jon O'Connor,5,0,,False,Midfielder,England,29 October 1976,1186
4191,Jon Otsemobor,5,0,,False,Defender,England,23 March 1983,13578
4192,Josh Martin,5,0,Cheltenham Town,False,Forward,England,9 September 2001,740434
4193,Juan Larios,5,0,,False,Left Full Back,Spain,12 January 2004,325661
4194,Julio Santos,5,0,Toronto FC,False,Centre Defensive Midfielder,Brazil,18 November 1978,111363
4195,Kevin McLeod,5,0,,False,Midfielder,England,12 September 1980,178201
4196,Kevin McNaughton,5,0,Wigan Athletic,False,Right Full Back,Scotland,28 August 1982,20390
4197,Kevin Watson,5,0,Swindon Town,False,Midfielder,England,3 January 1974,42052
4198,Konstantinos Chalkias,5,0,,False,Goalkeeper,Greece,30 May 1974,3690
4199,Konstantinos Stafylidis,5,0,TSG 1899 Hoffenheim,False,Left Full Back,Greece,2 December 1993,171555
4200,Kosta Nedeljkovic,5,0,RB Leipzig,False,Right Full Back,Serbia,16 December 2005,735436
4201,Kyle Edwards,5,0,Northampton Town,False,Forward,England,17 February 1998,741784
4202,Lee Williamson,5,0,Burton Albion,False,Central Midfielder,Jamaica,7 June 1982,31027
4203,Lennard Sowah,5,0,Millwall,False,Left Full Back,Germany,23 August 1992,177042
4204,Luke Garbutt,5,0,Salford City,False,Left Full Back,England,21 May 1993,340888
4205,Madjid Bougherra,5,0,Rangers,False,Centre Central Defender,Algeria,7 October 1982,126105
4206,Mark Hudson,5,0,Grimsby Town,False,Midfielder,England,24 October 1980,29783
4207,Mark McKeever,5,0,,False,Midfielder,Ireland,16 November 1978,1731
4208,Martin Reeves,5,0,,False,Defender,England,7 September 1981,2707
4209,Matthew Rose,5,0,Queens Park Rangers,False,Defender,England,24 September 1975,353218
4210,Matthias Breitkreutz,5,0,,False,Midfielder,Germany,12 May 1971,49
4211,Michael O'Neill,5,0,,False,Midfielder,Northern Ireland,5 July 1969,1347
4212,Mick Galloway,5,0,,False,Midfielder,Scotland,13 October 1974,1090
4213,Najwan Ghrayib,5,0,,False,Defender,Israel,30 January 1974,2056
4214,Nasser Djiga,5,0,Rangers,False,Defender,Burkina Faso,15 November 2002,740862
4215,Neil Danns,5,0,Tranmere Rovers,False,Centre Central Midfielder,Guyana,23 November 1982,167091
4216,Neil Moore,5,0,Norwich City,False,Defender,England,21 September 1972,41936
4217,Odysseas Vlachodimos,5,0,Newcastle United,True,Goalkeeper,Greece,26 April 1994,359412
4218,Owen Coyle,5,0,,False,Forward,Ireland,14 July 1966,1298
4219,Pablo Armero,5,0,Napoli,False,Left Full Back,Colombia,2 November 1986,120951
4220,Rae Ingram,5,0,Manchester City,False,Defender,England,6 December 1974,713
4221,Raúl Bravo,5,0,Córdoba,False,Left Full Back,Spain,14 April 1981,103099
4222,Rhys Norrington-Davies,5,0,Queens Park Rangers,False,Defender,Wales,22 April 1999,740703
4223,Richairo Zivkovic,5,0,Lion City Sailors,False,Forward,Curacao,5 September 1996,341916
4224,Richard Graham,5,0,,False,Midfielder,Northern Ireland,28 November 1974,759
4225,Romain Faivre,5,0,Brest,False,Centre Central Midfielder,France,14 July 1998,362979
4226,Roque Júnior,5,0,Bayer 04 Leverkusen,False,Defender,Brazil,31 August 1976,334706
4227,Rory Ginty,5,0,Crystal Palace,False,Midfielder,Ireland,23 January 1977,939
4228,Ryan Noble,5,0,Gateshead,False,Forward,England,11 June 1991,10941
4229,Sam Hutchinson,5,0,AFC Wimbledon,False,Defensive Midfielder,England,3 August 1989,729164
4230,Shea Charles,5,0,Fulham,True,Centre Defensive Midfielder,Northern Ireland,5 November 2003,792317
4231,Sherjill MacDonald,5,0,Sparta Rotterdam,False,Centre Striker,Netherlands,20 November 1984,122883
4232,Simon Webster,5,0,,False,Defender,England,20 January 1964,824
4233,Stanislav Manolev,5,0,,False,Defender,Bulgaria,16 December 1985,163464
4234,Steve Anthrobus,5,0,,False,Forward,England,10 November 1968,659
4235,Steve Slade,5,0,Queens Park Rangers,False,Forward,England,6 October 1975,41998
4236,Terry Wilson,5,0,,False,Midfielder,England,8 February 1969,644
4237,Wayne Brown,5,0,Preston North End,False,Defender,England,20 August 1977,28556
4238,Wálter López,5,0,Triestina,False,Left Full Back,Uruguay,15 October 1985,280709
4239,Zdenek Grygera,5,0,Fulham,False,Defender,Czech Republic,14 May 1980,111442
4240,Emersonn,4,2,Ipswich Town,True,Striker,Brazil,16 July 2004,785898
4241,Malick Yalcouyé,4,2,Swansea City,False,Midfielder,Cote D’Ivoire,18 November 2005,740386
4242,Mohamed Belloumi,4,2,Hull City,False,Winger,Algeria,1 June 2002,741833
4243,Anan Khalaili,4,1,Crystal Palace,True,Right Full Back,Israel,3 September 2004,792694
4244,Avi Nimni,4,1,,False,Midfielder,Israel,26 April 1972,2275
4245,David Gregory,4,1,,False,Midfielder,England,23 January 1970,205
4246,George Earthy,4,1,Bristol City,False,Midfielder,England,5 September 2004,362843
4247,Gonzalo García,4,1,Fulham,True,Left/Centre/Right Winger,Spain,24 March 2004,790524
4248,Imre Varadi,4,1,,False,Forward,England,8 July 1959,625
4249,Lorenzo Lucca,4,1,Napoli,False,Striker,Italy,10 September 2000,775266
4250,Luka Vuskovic,4,1,Brighton & Hove Albion,True,Central Defender,Croatia,24 February 2007,785952
4251,Mikhail Kavelashvili,4,1,Manchester City,False,Midfielder,Georgia,22 July 1971,1211
4252,Nobel Mendy,4,1,Hull City,True,Central Defender,Senegal,3 September 2004,792472
4253,Ognjen Koroman,4,1,,False,Midfielder,Serbia,19 September 1978,3953
4254,Ryan Jarvis,4,1,Kings Lynn Town,False,Centre Striker,England,11 July 1986,261350
4255,Stephane Guivarc'h,4,1,,False,Forward,France,6 September 1970,2037
4256,Víctor Muñoz,4,1,Liverpool,True,Left/Right Winger,Spain,13 July 2003,785370
4257,Ángelo Henríquez,4,1,Dinamo Zagreb,False,Centre Striker,Chile,13 April 1994,17526
4258,Abdoul Ouattara,4,0,Ipswich Town,True,Right Full Back,Cote D’Ivoire,22 October 2005,792792
4259,Albert Grønbæk,4,0,Southampton,False,Central Midfielder,Denmark,23 May 2001,732285
4260,Alberto Mendez,4,0,,False,Midfielder,Germany,24 October 1974,1541
4261,Aleix García,4,0,Bayer 04 Leverkusen,False,Centre Central Midfielder,Spain,28 June 1997,359570
4262,Aleksandar Rodic,4,0,Olimpija Ljubljana,False,Forward,Slovenia,26 December 1979,120147
4263,Alex Murphy,4,0,Bolton Wanderers,False,Left Full Back,Ireland,25 June 2004,732275
4264,Anders Andersson,4,0,,False,Forward,Sweden,15 March 1974,1584
4265,Andy Webster,4,0,Coventry City,False,Centre Central Defender,Scotland,23 April 1982,10576
4266,António Silva,4,0,Bournemouth,True,Centre Central Defender,Portugal,30 October 2003,790417
4267,Aurèle Amenda,4,0,Coventry City,True,Centre Central Defender,Switzerland,31 July 2003,785967
4268,Bailey Peacock-Farrell,4,0,Blackpool,False,Goalkeeper,Northern Ireland,29 October 1996,738785
4269,Bobby Thomas,4,0,Coventry City,True,Centre Central Defender,England,30 January 2001,342736
4270,Brandon Thomas-Asante,4,0,Coventry City,True,Centre Striker,Ghana,29 December 1998,362498
4271,Brian Horne,4,0,,False,Goalkeeper,England,5 October 1967,635
4272,Caleb Yirenkyi,4,0,Coventry City,True,Centre Central Midfielder,Ghana,15 January 2006,791807
4273,Calum Willock,4,0,Cray Valley Paper Mills,False,Forward,St. Kitts & Nevis,29 October 1981,261151
4274,Carl Rushworth,4,0,Coventry City,True,Goalkeeper,England,2 July 2001,790526
4275,Charalampos Mavrias,4,0,Panathinaikos,False,Right Winger,Greece,21 February 1994,126072
4276,Chris Swailes,4,0,Blyth Spartans,False,Defender,England,19 October 1970,176025
4277,Colin Doyle,4,0,Blackpool,False,Goalkeeper,Ireland,12 June 1985,18659
4278,Collins Mbesuma,4,0,Orlando Pirates,False,Centre Striker,Zambia,3 February 1984,111290
4279,Costinha,4,0,Brighton & Hove Albion,True,Right Full Back,Portugal,26 March 2000,785353
4280,Craig Eastmond,4,0,Wealdstone,False,Midfielder,England,9 December 1990,369185
4281,Craig Harrison,4,0,,False,Defender,England,10 November 1977,1431
4282,Daizen Maeda,4,0,Ipswich Town,True,Left Winger,Japan,20 October 1997,786188
4283,Danny Coyne,4,0,Shrewsbury Town,False,Goalkeeper,Wales,27 August 1973,12106
4284,Danny Hay,4,0,,False,Defender,New Zealand,15 May 1975,2127
4285,Darren Ward,4,0,,False,Goalkeeper,Wales,11 May 1974,4743
4286,Dave McEwen,4,0,,False,Forward,England,2 November 1977,2225
4287,Denis Suárez,4,0,,False,Centre Attacking Midfielder,Spain,6 January 1994,24774
4288,Doni,4,0,Liverpool,False,Goalkeeper,Brazil,22 October 1979,5986
4289,Dorus de Vries,4,0,Celtic,False,Goalkeeper,Netherlands,29 December 1980,32438
4290,Elliot Stroud,4,0,Hull City,True,Left Winger,Sweden,22 June 2002,791947
4291,Emilio Nsue,4,0,Intercity Sant Joan d'Alacant,False,Right Full Back,Equatorial Guinea,30 September 1989,330439
4292,Fredrik Stoor,4,0,,False,Defender,Sweden,28 February 1984,97998
4293,Garry Thompson,4,0,,False,Forward,England,7 October 1959,446
4294,Gary Parkinson,4,0,,False,Defender,England,10 January 1968,633
4295,Geoffrey Mujangi Bia,4,0,Akhisarspor,False,Midfielder,Belgium,12 August 1989,129361
4296,Glenn Pennyfather,4,0,,False,Midfielder,England,11 February 1963,202
4297,Goce Sedloski,4,0,Dinamo Zagreb,False,Defender,North Macedonia,10 April 1974,784742
4298,Grant McCann,4,0,Peterborough United,False,Central Midfielder,Northern Ireland,14 April 1980,11750
4299,Grant Watts,4,0,,False,Forward,England,5 November 1973,163
4300,Greg Shields,4,0,,False,Defender,Scotland,21 August 1976,2533
4301,Guillermo Varela,4,0,Flamengo,False,Defender,Uruguay,24 March 1993,336379
4302,Harry Howell,4,0,Leicester City,False,Forward,England,20 April 2008,792695
4303,Hayden Hackney,4,0,Everton,True,Centre Central Midfielder,England,26 June 2002,785461
4304,Herold Goulon,4,0,,False,Midfielder,France,12 June 1988,178308
4305,Iain Turner,4,0,Tranmere Rovers,False,Goalkeeper,Scotland,26 January 1984,49594
4306,Indiana Vassilev,4,0,Philadelphia Union,False,Right Winger,United States,16 February 2001,785759
4307,Iván Kaviedes,4,0,,False,Forward,Ecuador,24 October 1977,3757
4308,Jack Rudoni,4,0,Coventry City,True,Centre Central Midfielder,England,14 June 2001,359204
4309,Jake Evans,4,0,,False,Forward,England,21 August 2008,785703
4310,Jamie McMaster,4,0,,False,Midfielder,Australia,29 November 1982,2401
4311,Jamie Milligan,4,0,FC United of Manchester,False,Midfielder,England,3 January 1980,261255
4312,Jamie Murphy,4,0,Mansfield Town,False,Left Winger,Scotland,28 August 1989,303005
4313,Jason Blunt,4,0,Leeds United,False,Midfielder,England,16 August 1977,1195
4314,Jason Kennedy,4,0,,False,Centre Central Midfielder,England,11 September 1986,167585
4315,Jay Dasilva,4,0,Coventry City,True,Left Full Back,Wales,22 April 1998,340751
4316,Jay Robinson,4,0,Southampton,False,Centre Striker,England,15 March 2007,363442
4317,Jay Stansfield,4,0,Birmingham City,False,Forward,England,24 November 2002,364393
4318,Jeffrey Bruma,4,0,,False,Centre Central Defender,Netherlands,13 November 1991,284952
4319,Joe White,4,0,Leyton Orient,False,Midfielder,England,1 October 2002,739452
4320,Joel Mumbongo,4,0,Tranmere Rovers,False,Centre Striker,Sweden,9 January 1999,320884
4321,John Burridge,4,0,,False,Goalkeeper,England,3 December 1951,999
4322,John Welsh,4,0,,False,Centre Central Midfielder,England,10 January 1984,131907
4323,Jordan Lyden,4,0,Hereford FC,False,Midfielder,Australia,30 January 1996,350568
4324,Juliano Rodrigo,4,0,,False,Midfielder,Brazil,8 July 1976,2902
4325,Jérémy Jacquet,4,0,Liverpool,True,Centre Central Defender,France,13 July 2005,785376
4326,Kasey Palmer,4,0,,False,Attacking Midfielder,Jamaica,9 November 1996,363823
4327,Kazuyuki Toda,4,0,,False,Midfielder,Japan,30 December 1977,3047
4328,Kevin Stuhr-Ellegaard,4,0,IF Elfsborg,False,Goalkeeper,Denmark,23 May 1983,8549
4329,Kevin Toner,4,0,La Nucía,False,Centre Central Defender,Ireland,18 July 1996,265030
4330,Kjell Scherpen,4,0,Ipswich Town,True,Goalkeeper,Netherlands,23 January 2000,786314
4331,Konstantinos Tzolakis,4,0,Hull City,True,Goalkeeper,Greece,8 November 2002,790532
4332,Lee Charles,4,0,,False,Forward,England,20 August 1971,1259
4333,Lee Hodges,4,0,,False,Midfielder,England,4 September 1973,98397
4334,Les Sealey,4,0,,False,Goalkeeper,England,29 September 1957,1062
4335,Lewie Coyle,4,0,Hull City,True,Right Full Back,England,15 October 1995,349612
4336,Lloyd Dyer,4,0,,False,Left Winger,England,13 September 1982,31026
4337,Lucas Herrington,4,0,Hull City,True,Central Defender,Australia,5 September 2007,792471
4338,Lucien Mettomo,4,0,,False,Defender,Cameroon,19 April 1977,2958
4339,Luis Hernández,4,0,Cádiz,False,Centre/Right Central Defender,Spain,14 April 1989,303144
4340,Luke Cundle,4,0,Millwall,False,Central Midfielder,England,26 April 2002,733065
4341,Luke Harris,4,0,Birmingham City,False,Midfielder,Wales,4 March 2005,739222
4342,Luton Shelton,4,0,Aalborg BK,False,Forward,Jamaica,11 November 1985,173137
4343,Mads Bidstrup,4,0,Lyon,False,Central Midfielder,Denmark,25 February 2001,793664
4344,Mamadou Sangaré,4,0,Brentford,True,Centre Central Midfielder,Mali,26 June 2002,790418
4345,Marco Boogers,4,0,,False,Forward,Netherlands,12 January 1967,1290
4346,Marcos Painter,4,0,Portsmouth,False,Left Full Back,Ireland,17 August 1986,11835
4347,Marek Rodák,4,0,Welling United,False,Goalkeeper,Slovakia,13 December 1996,20301
4348,Massimo Taibi,4,0,,False,Goalkeeper,Italy,18 February 1970,2146
4349,Matt Bound,4,0,,False,Defender,England,9 November 1972,507
4350,Michael Debeve,4,0,,False,Midfielder,France,1 December 1970,2735
4351,Michael Hector,4,0,Dagenham and Redbridge,False,Defender,Jamaica,19 July 1992,736346
4352,Milan van Ewijk,4,0,Coventry City,True,Right Full Back,Netherlands,8 September 2000,343252
4353,Miroslav Stoch,4,0,Slavia Prague,False,Winger,Slovakia,19 October 1989,52827
4354,Moustapha Salifou,4,0,,False,Centre Central Midfielder,Togo,1 June 1983,4496
4355,Myles Peart-Harris,4,0,Middlesbrough,False,Midfielder,England,18 September 2002,785472
4356,Ned Zelic,4,0,,False,Midfielder,Australia,4 July 1971,1316
4357,Nick Wright,4,0,,False,Forward,England,15 October 1975,2250
4358,Nicky Law,4,0,Exeter City,False,Left/Centre Attacking Midfielder,England,29 March 1988,131880
4359,Nicky Tanner,4,0,,False,Defender,England,24 May 1965,245
4360,Nuno Morais,4,0,APOEL Nicosia,False,Centre Defensive Midfielder,Portugal,29 January 1984,8047
4361,Omari Forson,4,0,Monza,False,Right Winger,England,20 July 2004,362696
4362,Paul Moulden,4,0,,False,Forward,England,6 September 1967,418
4363,Paulo Alves,4,0,,False,Forward,Portugal,10 December 1969,1799
4364,Pep Chavarría,4,0,Chelsea,True,Left Full Back,Spain,10 April 1998,792439
4365,Peter Degn,4,0,,False,Midfielder,Denmark,6 April 1977,1904
4366,Pierre Laurent,4,0,,False,Midfielder,France,13 December 1970,1394
4367,Reece Grego-Cox,4,0,Dagenham and Redbridge,False,Forward,Ireland,12 November 1996,369009
4368,Regan Slater,4,0,Hull City,True,Centre Defensive Midfielder,England,11 September 1999,302331
4369,Rhys Healey,4,0,Barrow,False,Forward,England,6 December 1994,740433
4370,Ricardo Quaresma,4,0,,False,Left/Right Winger,Portugal,26 September 1983,257398
4371,Roberto Mancini,4,0,,False,Forward,Italy,27 November 1964,2539
4372,Rodrigo Ribeiro,4,0,,False,Centre Striker,Portugal,28 April 2005,356583
4373,Romelle Donovan,4,0,Sheffield United,False,Midfielder,England,30 November 2006,785897
4374,Ronald Araujo,4,0,Liverpool,True,Central Defender,Uruguay,7 March 1999,792039
4375,Régis Genaux,4,0,,False,Defender,Belgium,31 March 1973,1516
4376,Samuel Kalu,4,0,,False,Right Striker,Nigeria,26 August 1997,302186
4377,Sandy Robertson,4,0,,False,Midfielder,Scotland,26 April 1971,687
4378,Scott Murray,4,0,Bath City,False,Midfielder,Scotland,26 May 1974,26554
4379,Shayne Bradley,4,0,,False,Forward,England,8 December 1979,1997
4380,Shea Lacey,4,0,Manchester United,False,Right Winger,England,14 April 2007,736963
4381,Simon Dawkins,4,0,Ipswich Town,False,Left/Right Winger,Jamaica,1 December 1987,145099
4382,Simon Lappin,4,0,,False,Midfielder,Scotland,25 January 1983,13443
4383,Souza,4,0,FC Porto,False,Left Full Back,Brazil,16 June 2006,794573
4384,Steve De Ridder,4,0,Sint-Truidense VV,False,Midfielder,Belgium,25 February 1987,262111
4385,Stuart Nicholson,4,0,Tamworth,False,Forward,England,3 February 1987,29120
4386,Terry Cooke,4,0,,False,Midfielder,England,5 August 1976,2448
4387,Thomas Meunier,4,0,Sunderland,True,Right Full Back,Belgium,12 September 1991,785955
4388,Tom Craddock,4,0,Spennymoor Town,False,Forward,England,14 October 1986,40904
4389,Tom Lawrence,4,0,Perth Glory,False,Attacking Midfielder,Wales,13 January 1994,760899
4390,Toni Kallio,4,0,Sheffield United,False,Defender,Finland,9 August 1978,97050
4391,Ty Gooden,4,0,,False,Midfielder,England,23 October 1972,872
4392,Tyler Onyango,4,0,Stockport County,False,Centre Central Midfielder,England,4 March 2003,741799
4393,Tyrese Campbell,4,0,Sheffield United,False,Centre Striker,England,28 December 1999,362698
4394,Vance Warner,4,0,Nottingham Forest,False,Defender,England,3 September 1974,1025
4395,Vladimir Stojkovic,4,0,Partizan Belgrade,False,Goalkeeper,Serbia,28 July 1983,52725
4396,Víctor Ibarbo,4,0,Roma,False,Left/Right Second Striker,Colombia,19 May 1990,34299
4397,Woyo Coulibaly,4,0,Leicester City,False,Right Full Back,Mali,26 May 1999,731771
4398,Xaver Schlager,4,0,Nottingham Forest,True,Central Midfielder,Austria,28 September 1997,786129
4399,Andrea Orlandi,3,1,Novara,False,Left/Centre Attacking Midfielder,Spain,3 August 1984,133192
4400,César Palacios,3,1,Fulham,True,Centre Attacking Midfielder,Spain,11 November 2004,790523
4401,Jimmy Dunne,3,1,Queens Park Rangers,False,Centre Central Defender,Ireland,19 October 1997,280751
4402,Luc Nilis,3,1,,False,Forward,Belgium,25 May 1967,2526
4403,Mark Cullen,3,1,AFC Fylde,False,Forward,England,21 April 1992,328654
4404,Miguel Layún,3,1,,False,Left/Right Full Back,Mexico,25 June 1988,310618
4405,Nicola Ventola,3,1,,False,Forward,Italy,24 May 1978,3568
4406,Tom Edozie,3,1,Wolverhampton Wanderers,False,Right Winger,England,18 May 2006,327351
4407,Aaron Doran,3,0,Leyton Orient,False,Forward,Ireland,13 May 1991,96290
4408,Adam Campbell,3,0,Crawley Town,False,Centre Striker,England,1 January 1995,344346
4409,Ahmed Fathy,3,0,Al Ahly,False,Defender,Egypt,10 November 1984,91752
4410,Aiden O'Neill,3,0,,False,Midfielder,Australia,4 July 1998,340537
4411,Alan Blayney,3,0,,False,Goalkeeper,Northern Ireland,9 October 1981,3010
4412,Alex Evtushok,3,0,,False,Defender,Ukraine,11 January 1970,1515
4413,Amar Dedic,3,0,Newcastle United,True,Right Full Back,Bosnia & Herzegovina,18 August 2002,792808
4414,Antwoine Hackford,3,0,AFC Wimbledon,False,Forward,England,20 March 2004,739493
4415,Artim Sakiri,3,0,,False,Midfielder,North Macedonia,23 September 1973,3083
4416,Ben Reeves,3,0,Eastleigh,False,Midfielder,Northern Ireland,19 November 1991,758565
4417,Ben Sahar,3,0,Maccabi Haifa,False,Forward,Israel,10 August 1989,305489
4418,Brek Shea,3,0,,False,Left/Right Wing Back,United States,28 February 1990,312096
4419,Brian Launders,3,0,,False,Midfielder,Ireland,8 June 1976,1891
4420,Bruno Berner,3,0,Leicester City,False,Defender,Switzerland,21 November 1977,27957
4421,Caleb Watts,3,0,Plymouth Argyle,False,Midfielder,Australia,16 January 2002,737525
4422,Callum Slattery,3,0,Motherwell,False,Centre Central Midfielder,England,8 February 1999,335245
4423,Cameron Brannagan,3,0,Oxford City,False,Midfielder,England,9 May 1996,93567
4424,Charly Musonda,3,0,Levante,False,Left/Centre/Right Attacking Midfielder,Belgium,15 October 1996,329286
4425,Chris Holland,3,0,Birmingham City,False,Midfielder,England,11 September 1975,41784
4426,Chris Shuker,3,0,Tranmere Rovers,False,Midfielder,England,9 May 1982,15232
4427,Christian Mayrleb,3,0,,False,Forward,Austria,8 June 1972,1733
4428,Connor Goldson,3,0,,False,Centre Central Defender,England,18 December 1992,136702
4429,Connor Randall,3,0,Liverpool,False,Defender,England,21 October 1995,136272
4430,Curtis Woodhouse,3,0,,False,Midfielder,England,17 April 1980,2838
4431,Damien Plessis,3,0,Doncaster Rovers,False,Midfielder,France,5 March 1988,176488
4432,Dan Neil,3,0,Ipswich Town,True,Midfielder,England,13 December 2001,785374
4433,Daniel Agyei,3,0,Leyton Orient,False,Centre Striker,England,1 June 1997,340850
4434,Daniel Carriço,3,0,,False,Centre Central Defender,Portugal,4 August 1988,296090
4435,Daniel Smith,3,0,,False,Left Full Back,England,5 October 1986,13107
4436,Danny Crow,3,0,AFC Sudbury,False,Forward,England,26 January 1986,292872
4437,Danny Thomas,3,0,Tamworth,False,Midfielder,England,1 May 1981,29108
4438,Darren Jackson,3,0,,False,Midfielder,Scotland,25 July 1966,2031
4439,Derek Boateng,3,0,Eibar,False,Centre Defensive Midfielder,Ghana,2 May 1983,105795
4440,Diego Poyet,3,0,Charlton Athletic,False,Centre Defensive Midfielder,Uruguay,8 April 1995,18941
4441,Dimitri Foulquier,3,0,Valencia CF,False,Right Full Back,Guadeloupe,23 March 1993,288764
4442,Dwight Marshall,3,0,,False,Forward,England,3 October 1965,1239
4443,Dário Essugo,3,0,,False,Centre Central Midfielder,Portugal,14 March 2005,737017
4444,Eggert Jónsson,3,0,Fleetwood Town,False,Centre Central Midfielder,Iceland,18 August 1988,19277
4445,Ephron Mason-Clark,3,0,Peterborough United,False,Left/Centre/Right Striker,Jamaica,25 August 1999,356707
4446,Ethan Wheatley,3,0,Lincoln City,False,Forward,England,20 January 2006,793024
4447,Exequiel Palacios,3,0,Ipswich Town,True,Midfielder,Argentina,5 October 1998,793203
4448,Franck Songo'o,3,0,Albacete,False,Midfielder,Cameroon,14 May 1987,101447
4449,Gabriel Paletta,3,0,Monza,False,Defender,Italy,15 February 1986,256807
4450,Gaetano Giallanza,3,0,,False,Forward,Switzerland,6 June 1974,1596
4451,Gareth Williams,3,0,,False,Midfielder,Scotland,16 December 1981,4396
4452,Gary Gillespie,3,0,,False,Defender,Scotland,5 July 1960,1079
4453,Gifton Noel-Williams,3,0,Stoke City,False,Forward,England,21 January 1980,353352
4454,Gustavo Nunes,3,0,Swansea City,False,Left Winger,Brazil,20 November 2005,775082
4455,Han-Noah Massengo,3,0,FC Augsburg,False,Defensive Midfielder,France,7 July 2001,738712
4456,Hákon Valdimarsson,3,0,Brentford,True,Goalkeeper,Iceland,13 October 2001,356314
4457,Ian Henderson,3,0,Salford City,False,Centre Striker,England,24 January 1985,187010
4458,Ibrahim Osman,3,0,Birmingham City,False,Left Winger,Ghana,29 November 2004,774432
4459,Ibrahima Cissé,3,0,RFC Seraing,False,Centre Defensive Midfielder,Guinea,28 February 1994,276616
4460,Ivan Guerrero,3,0,,False,Defender,Honduras,30 November 1977,2536
4461,Jack Fletcher,3,0,Manchester United,True,Centre/Right Attacking Midfielder,England,19 March 2007,739690
4462,Jamal Campbell-Ryce,3,0,Stevenage,False,Left/Right Winger,Jamaica,6 April 1983,132015
4463,James McConnell,3,0,Ajax,False,Midfielder,England,13 September 2004,740936
4464,Jamie Donley,3,0,Oxford United,False,Midfielder,Northern Ireland,3 January 2005,772480
4465,Jason Bowen,3,0,,False,Midfielder,Wales,24 August 1972,1797
4466,Jayden Danns,3,0,Liverpool,False,Forward,England,16 January 2006,735523
4467,Jed Steer,3,0,Peterborough United,False,Goalkeeper,England,23 September 1992,356706
4468,Jimmy Walker,3,0,Lincoln City,False,Goalkeeper,England,9 July 1973,41171
4469,Joe Allon,3,0,,False,Forward,England,12 November 1966,598
4470,Joe Lumley,3,0,,False,Goalkeeper,England,15 February 1995,757407
4471,Joe Riley,3,0,Mansfield Town,False,Right Full Back,England,13 October 1991,179737
4472,Johan Cavalli,3,0,,False,Midfielder,France,12 September 1981,4398
4473,John Gayle,3,0,,False,Forward,England,30 July 1964,689
4474,John Hills,3,0,Fleetwood Town,False,Defender,England,21 April 1978,95689
4475,John Karelse,3,0,,False,Goalkeeper,Netherlands,17 May 1970,2165
4476,John McGrath,3,0,Alfreton Town,False,Midfielder,Ireland,27 March 1980,9788
4477,Jordan Cook,3,0,Hartlepool United,False,Centre Striker,England,20 March 1990,291451
4478,Jordan Hugill,3,0,Hartlepool United,False,Forward,England,4 June 1992,792127
4479,Jordáo,3,0,,False,Midfielder,Angola,30 August 1971,3076
4480,Josh Vela,3,0,Carlisle United,False,Centre Central Midfielder,England,14 December 1993,356348
4481,José Pozo,3,0,Manchester City,False,Left/Centre/Right Second Striker,Spain,15 March 1996,127047
4482,Kaine Kesler-Hayden,3,0,Coventry City,True,Right Full Back,England,23 October 2002,737397
4483,Keith O'Halloran,3,0,,False,Midfielder,Ireland,10 November 1975,1230
4484,Kiko Casilla,3,0,Getafe,False,Goalkeeper,Spain,2 October 1986,322884
4485,Kim Ji-Soo,3,0,1. FC Kaiserslautern,False,Central Defender,South Korea,24 December 2004,738930
4486,Kim Källström,3,0,Grasshoppers Zürich,False,Left/Centre Central Midfielder,Sweden,24 August 1982,122112
4487,Kostas Konstantinidis,3,0,,False,Midfielder,Greece,31 August 1972,2610
4488,Kostas Mitroglou,3,0,Aris,False,Centre Striker,Greece,12 March 1988,277227
4489,Kyel Reid,3,0,Chesterfield,False,Left Winger,England,26 November 1987,139197
4490,Layvin Kurzawa,3,0,Paris Saint Germain,False,Left Full Back,France,4 September 1992,325466
4491,Lee Barnard,3,0,Chelmsford City,False,Forward,England,18 July 1984,91199
4492,Lee Camp,3,0,Wrexham,False,Goalkeeper,Northern Ireland,22 August 1984,307101
4493,Lee Hodges,3,0,,False,Midfielder,England,2 March 1978,1068
4494,Lee Jones,3,0,Tranmere Rovers,False,Forward,Wales,19 May 1973,42067
4495,Lee Matthews,3,0,,False,Forward,England,16 January 1979,1679
4496,Lee Norfolk,3,0,Ipswich Town,False,Midfielder,New Zealand,17 October 1975,955
4497,Lee Powell,3,0,,False,Forward,Wales,2 June 1973,523
4498,Leon Chiwome,3,0,,False,Forward,England,10 January 2006,358209
4499,Lewis Bate,3,0,Stockport County,False,Centre Central Midfielder,England,28 October 2002,359459
4500,Liam O'Neil,3,0,Boreham Wood,False,Midfielder,England,31 July 1993,350441
4501,Lucien Aubey,3,0,Rennes,False,Left/Centre Central Defender,France,24 May 1984,174526
4502,Ludwig Augustinsson,3,0,RSC Anderlecht,False,Left Full Back,Sweden,21 April 1994,362495
4503,Lukás Hornícek,3,0,Newcastle United,True,Goalkeeper,Czech Republic,13 July 2002,790515
4504,Malcolm Ebiowei,3,0,,False,Forward,England,4 September 2003,739754
4505,Malik Buari,3,0,,False,Midfielder,Ghana,21 January 1984,3225
4506,Mamadou Sarr,3,0,Real Sociedad,False,Central Defender,Senegal,29 August 2005,793758
4507,Mario Espartero,3,0,,False,Midfielder,France,17 January 1978,2780
4508,Mark O'Mahony,3,0,,False,Centre Striker,Ireland,14 January 2005,792357
4509,Mark Robson,3,0,,False,Midfielder,England,22 May 1969,42118
4510,Mark Yeates,3,0,AFC Fylde,False,Winger,Ireland,11 January 1985,167856
4511,Martin Taylor,3,0,,False,Goalkeeper,England,9 December 1966,1353
4512,Mateo Joseph,3,0,,False,Centre Striker,Spain,19 October 2003,330725
4513,Max Weiss,3,0,Burnley,False,Goalkeeper,Germany,15 June 2004,737232
4514,Mel Sterland,3,0,,False,Defender,England,1 September 1961,624
4515,Melker Ellborg,3,0,Sunderland,True,Goalkeeper,Sweden,22 May 2003,776238
4516,Michael Bradley,3,0,Toronto FC,False,Centre Central Midfielder,United States,31 July 1987,120451
4517,Michael Doughty,3,0,Swindon Town,False,Centre Central Midfielder,England,20 November 1992,134484
4518,Mikael Mandron,3,0,Motherwell,False,Centre Striker,France,11 October 1994,336514
4519,Mohamed-Ali Cho,3,0,Hull City,True,Right Winger,France,19 January 2004,793190
4520,Muamer Tankovic,3,0,Omonia Nicosia,False,Forward,Sweden,22 February 1995,749820
4521,Nathan Doyle,3,0,Luton Town,False,Centre Central Midfielder,England,12 January 1987,14782
4522,Neil Gregory,3,0,Ipswich Town,False,Forward,Zambia,7 October 1972,212
4523,Neil Tolson,3,0,,False,Forward,England,25 October 1973,421
4524,Nicklas Helenius,3,0,,False,Centre Striker,Denmark,8 May 1991,324902
4525,Nicolas Nkoulou,3,0,Sakaryaspor,False,Defender,Cameroon,27 March 1990,736008
4526,Patrizio Billio,3,0,,False,Midfielder,Italy,19 April 1974,1631
4527,Paul Brooker,3,0,Reading,False,Midfielder,England,25 November 1976,353259
4528,Paul Ifill,3,0,,False,Midfielder,Barbados,20 October 1979,4461
4529,Paul Mahorn,3,0,,False,Forward,England,13 August 1973,816
4530,Paul McDonald,3,0,,False,Defender,Scotland,20 April 1968,783
4531,Paul McGee,3,0,,False,Forward,Ireland,17 May 1968,580
4532,Paul Rachubka,3,0,Bury,False,Goalkeeper,England,21 May 1981,31297
4533,Pelé,3,0,Havant & Waterlooville,False,Defender,Cape Verde,2 May 1978,16676
4534,Percy Tau,3,0,Al Ahly,False,Left/Centre/Right Second Striker,South Africa,13 May 1994,298457
4535,Peter Billing,3,0,,False,Defender,England,24 October 1964,607
4536,Philip Ifil,3,0,Kettering Town,False,Defender,England,18 November 1986,176864
4537,Rami Shaaban,3,0,Brighton and Hove Albion,False,Goalkeeper,Sweden,30 June 1975,352799
4538,Rekeem Harper,3,0,Barrow,False,Midfielder,England,8 March 2000,737420
4539,Robert Betts,3,0,,False,Midfielder,England,21 December 1981,2100
4540,Rodrigo Possebon,3,0,Santos,False,Midfielder,Italy,13 February 1989,108948
4541,Román Golobart,3,0,Elche,False,Centre Central Defender,Spain,21 March 1992,116054
4542,Ryan Tunnicliffe,3,0,Portsmouth,False,Centre Central Midfielder,England,30 December 1992,281187
4543,Sam Amo-Ameyaw,3,0,Strasbourg,False,Left/Right Winger,England,18 July 2006,737853
4544,Sam Sodje,3,0,Notts County,False,Defender,Nigeria,14 July 1980,28363
4545,Samir Carruthers,3,0,,False,Attacking Midfielder,Ireland,4 April 1993,261587
4546,Scott Mean,3,0,,False,Midfielder,England,13 December 1973,1506
4547,Sean Dundee,3,0,,False,Forward,South Africa,7 December 1972,1925
4548,Sean Steur,3,0,Newcastle United,True,Midfielder,Netherlands,11 January 2008,785905
4549,Sebastián Blanco,3,0,Portland Timbers,False,Left/Centre/Right Attacking Midfielder,Argentina,15 March 1988,142379
4550,Seydou Doumbia,3,0,FC Sion,False,Centre Striker,Cote D’Ivoire,31 December 1987,171359
4551,Shaun MacDonald,3,0,,False,Centre Central Midfielder,Wales,17 June 1988,281074
4552,Shola Shoretire,3,0,,False,Forward,England,2 February 2004,363666
4553,Stefano Gioacchini,3,0,,False,Forward,Italy,25 November 1976,1882
4554,Stephen Cooke,3,0,,False,Midfielder,England,15 February 1983,2306
4555,Steve Guinan,3,0,Kidderminster Harriers,False,Forward,England,24 December 1975,176890
4556,Steve Livingstone,3,0,Grimsby Town,False,Forward,England,8 September 1969,41862
4557,Sullay Kaikai,3,0,Cambridge United,False,Left Winger,Sierra Leone,26 August 1995,343047
4558,Tarik Muharemovic,3,0,Leeds United,True,Central Defender,Bosnia & Herzegovina,28 February 2003,785969
4559,Temitope Obadeyi,3,0,Hereford FC,False,Midfielder,England,29 October 1989,356141
4560,Thomas Cannon,3,0,Sheffield United,False,Forward,Ireland,28 December 2002,732404
4561,Tokelo Rantie,3,0,,False,Centre Second Striker,South Africa,8 September 1990,10067
4562,Tony Springett,3,0,Norwich City,False,Right Winger,Ireland,22 September 2002,307472
4563,Tyler Fredricson,3,0,,False,Centre Central Defender,England,23 February 2005,326942
4564,Victor Torp,3,0,Coventry City,True,Central Midfielder,Denmark,30 July 1999,355338
4565,Will Lankshear,3,0,Middlesbrough,False,Forward,England,20 April 2005,786121
4566,Will Norris,3,0,Wycombe Wanderers,False,Goalkeeper,England,12 August 1993,735513
4567,Zach Abbott,3,0,Southampton,False,Centre Central Defender,England,13 May 2006,794503
4568,Zion Suzuki,3,0,Aston Villa,True,Goalkeeper,Japan,21 August 2002,792888
4569,Alexandre Pato,2,1,,False,Left/Centre/Right Striker,Brazil,2 September 1989,312557
4570,Justin Channing,2,1,,False,Defender,England,19 November 1968,647
4571,Lewin Nyatanga,2,1,Barnsley,False,Defender,Wales,18 August 1988,31320
4572,Liam Millar,2,1,Birmingham City,False,Left Winger,Canada,27 September 1999,794493
4573,Will Atkinson,2,1,,False,Centre Central Midfielder,England,14 October 1988,12148
4574,Williams Martínez,2,1,,False,Defender,Uruguay,18 December 1982,4005
4575,Aaron Rowe,2,0,AFC Hornchurch,False,Midfielder,England,7 September 2000,793224
4576,Adam Newton,2,0,Woking,False,Defender,St. Kitts & Nevis,4 December 1980,16931
4577,Adrian Bakalli,2,0,,False,Midfielder,Belgium,22 November 1976,2239
4578,Albert Adomah,2,0,Walsall,False,Left/Right Winger,Ghana,13 December 1987,361681
4579,Alexandre Jankewitz,2,0,,False,Midfielder,Switzerland,25 December 2001,281583
4580,Alexis Nicolas,2,0,Brighton and Hove Albion,False,Midfielder,Cyprus,13 February 1983,352826
4581,Amine Linganzi,2,0,Salford City,False,Midfielder,Congo,16 November 1989,155623
4582,Andre Green,2,0,Rotherham United,False,Left/Right Central Midfielder,England,26 July 1998,343597
4583,Andy Collett,2,0,,False,Goalkeeper,England,28 October 1973,333
4584,Andy Goram,2,0,Oldham Athletic,False,Goalkeeper,Scotland,13 April 1964,2462
4585,Asher Agbinone,2,0,Gillingham,False,Midfielder,England,28 September 2005,731235
4586,Ayyoub Bouaddi,2,0,Manchester City,True,Centre Central Midfielder,Morocco,2 October 2007,793054
4587,Bebé,2,0,Racing Club Ferrol,False,Left/Right Winger,Cape Verde,12 July 1990,377021
4588,Ben Wilmot,2,0,Stoke City,False,Centre Central Defender,England,4 November 1999,355696
4589,Bernard Allou,2,0,,False,Forward,France,19 June 1975,1972
4590,Bernard Diomede,2,0,,False,Midfielder,France,23 January 1974,2429
4591,Borja Oubiña,2,0,Celta de Vigo,False,Midfielder,Spain,17 May 1982,4520
4592,Bradley Barcola,2,0,Liverpool,True,Left/Right Winger,France,2 September 2002,794415
4593,Brandon Mason,2,0,,False,Defender,England,30 September 1997,369182
4594,Brandon Pierrick,2,0,Crystal Palace,False,Right Winger,England,10 December 2001,138686
4595,Brooke Norton-Cuffy,2,0,Hull City,True,Right Full Back,England,12 January 2004,794461
4596,Bruno Rodriguez,2,0,,False,Forward,France,25 November 1972,2272
4597,Caleb Kporha,2,0,,False,Right Full Back,England,15 July 2006,362121
4598,Callum Marshall,2,0,Huddersfield Town,False,Striker,Northern Ireland,28 November 2004,362658
4599,Chris Black,2,0,,False,Midfielder,England,7 September 1982,3039
4600,Chris Casper,2,0,Manchester United,False,Defender,England,28 April 1975,306
4601,Chris Doig,2,0,Grimsby Town,False,Defender,Scotland,13 February 1981,11008
4602,Chris Greenman,2,0,,False,Defender,England,22 December 1968,120
4603,Clive Clarke,2,0,,False,Defender,Ireland,14 January 1980,4847
4604,Con Blatsis,2,0,,False,Defender,Greece,6 July 1977,2352
4605,Conor McAleny,2,0,Harrogate Town,False,Forward,England,12 August 1992,740037
4606,Craig Lynch,2,0,Rochdale,False,Striker,England,25 March 1992,11935
4607,Dan Potts,2,0,,False,Defender,England,13 April 1994,365021
4608,Dani Rodrigues,2,0,,False,Midfielder,Portugal,3 March 1980,1993
4609,Daniele Daino,2,0,,False,Defender,Italy,8 September 1979,2787
4610,Danny Livesey,2,0,Chester FC,False,Defender,England,31 December 1984,133772
4611,Danny Wallace,2,0,,False,Forward,England,21 January 1964,329
4612,Danny Wilson,2,0,Colorado Rapids,False,Defender,Scotland,27 December 1991,144738
4613,Darren Potter,2,0,Tranmere Rovers,False,Centre Central Midfielder,Ireland,21 December 1984,161311
4614,David McDonald,2,0,,False,Defender,England,2 January 1971,533
4615,Deivid Washington,2,0,,False,Centre Striker,Brazil,5 June 2005,349067
4616,Detsi Kruszynski,2,0,,False,Midfielder,Poland,14 October 1961,854
4617,Dion Pereira,2,0,Crawley Town,False,Midfielder,Antigua & Barbuda,25 March 1999,738020
4618,Dionatan Teixeira,2,0,Sheriff Tiraspol,False,Defender,Slovakia,24 July 1992,52761
4619,Divine Mukasa,2,0,West Ham United,False,Midfielder,England,22 August 2007,792957
4620,Dom Ballard,2,0,Bristol City,False,Forward,England,1 April 2005,790533
4621,Dominic Thompson,2,0,Waasland-Beveren,False,Defender,England,26 July 2000,786178
4622,Eiran Cashin,2,0,Derby County,False,Centre Central Defender,Ireland,9 November 2001,794496
4623,Elliot Lee,2,0,,False,Left/Centre Attacking Midfielder,England,16 December 1994,329102
4624,Emanuel Olisadebe,2,0,,False,Forward,Poland,22 December 1978,3960
4625,Emerson Hyndman,2,0,,False,Centre Central Midfielder,United States,9 April 1996,312634
4626,Eric da Silva Moreira,2,0,Rio Ave,False,Forward,Germany,3 May 2006,751890
4627,Fabri,2,0,Ibiza,False,Goalkeeper,Spain,31 December 1987,352583
4628,Folarin Balogun,2,0,Monaco,False,Centre Striker,United States,3 July 2001,348081
4629,Fredrik Ulvestad,2,0,Sivasspor,False,Centre Central Defender,Norway,17 June 1992,324914
4630,Frédéric Nimani,2,0,Neuchâtel Xamax,False,Left/Centre Striker,Central African Republic,8 October 1988,131173
4631,Gaetano Berardi,2,0,Leeds United,False,Left/Right Full Back,Switzerland,21 August 1988,14741
4632,Gedo,2,0,,False,Centre Attacking Midfielder,Egypt,30 October 1984,6702
4633,Giulian Biancone,2,0,RSC Anderlecht,False,Defender,France,31 March 2000,785380
4634,Giuseppe Mazzarelli,2,0,,False,Forward,Switzerland,14 August 1972,1212
4635,Graham Barrett,2,0,Coventry City,False,Forward,Ireland,6 October 1981,352916
4636,Hasney Aljofree,2,0,Oldham Athletic,False,Defender,England,11 July 1978,96693
4637,Hogan Ephraim,2,0,Whitehawk,False,Midfielder,England,31 March 1988,43811
4638,Hugo Larsson,2,0,Fulham,True,Centre Central Midfielder,Sweden,27 June 2004,794459
4639,Ignacio González,2,0,Nacional,False,Centre Attacking Midfielder,Uruguay,14 May 1982,120052
4640,Imants Bleidelis,2,0,,False,Defender,Latvia,16 August 1975,2492
4641,Ionut Radu,2,0,Celta de Vigo,False,Goalkeeper,Romania,28 May 1997,738200
4642,Isaac Price,2,0,West Bromwich Albion,False,Midfielder,Northern Ireland,26 September 2003,732298
4643,Ivano Bonetti,2,0,,False,Midfielder,Italy,1 August 1964,1790
4644,Jack Hobbs,2,0,Bolton Wanderers,False,Centre Central Defender,England,18 August 1988,133852
4645,Jahmai Simpson-Pusey,2,0,,False,Defender,England,4 November 2005,739760
4646,Jake Hesketh,2,0,Eastleigh,False,Attacking Midfielder,England,27 March 1996,294061
4647,Jake Vokins,2,0,Eastleigh,False,Defender,England,17 March 2000,752708
4648,Jamal Lowe,2,0,Sheffield Wednesday,False,Right Winger,Jamaica,21 July 1994,359403
4649,James Keene,2,0,,False,Forward,England,26 December 1985,9588
4650,James Panayi,2,0,,False,Defender,England,24 January 1980,2235
4651,James Sinclair,2,0,Morecambe,False,Centre Striker,England,22 October 1987,131945
4652,James Tavernier,2,0,Rangers,False,Right Full Back,England,31 October 1991,136700
4653,Jannik Schuster,2,0,Brentford,False,Defender,Austria,16 May 2006,792748
4654,Jason Davidson,2,0,KAS Eupen,False,Defender,Australia,29 June 1991,314306
4655,Javier De Pedro,2,0,,False,Midfielder,Spain,4 August 1973,3751
4656,Jean Michel Ferri,2,0,,False,Midfielder,France,7 February 1969,1922
4657,Jenson Seelt,2,0,Swansea City,False,Central Defender,Netherlands,23 May 2003,793197
4658,Jesús Gámez,2,0,Newcastle United,False,Right Full Back,Spain,10 April 1985,30658
4659,Jesús Vallejo,2,0,Granada CF,False,Centre Central Defender,Spain,5 January 1997,188632
4660,Jimmy Crawford,2,0,,False,Midfielder,Ireland,1 May 1973,1014
4661,Joachim Kayi Sanda,2,0,Southampton,False,Centre Central Defender,France,29 November 2006,731013
4662,Joe Johnson,2,0,Luton Town,False,Left Full Back,England,21 February 2006,348989
4663,Joe Keenan,2,0,Chelsea,False,Midfielder,England,14 October 1982,2092
4664,Joe Murphy,2,0,Tranmere Rovers,False,Goalkeeper,Ireland,21 August 1981,192379
4665,Joe Whitworth,2,0,Exeter City,False,Goalkeeper,England,29 February 2004,361151
4666,John Eyre,2,0,,False,Forward,England,9 October 1974,865
4667,Johnny Wright,2,0,,False,Defender,Northern Ireland,24 November 1975,1099
4668,Jon Sheffield,2,0,Oldham Athletic,False,Goalkeeper,England,1 February 1969,41949
4669,Jonathan Blondel,2,0,Club Brugge,False,Left/Right Winger,Belgium,3 April 1984,18321
4670,Josh Payne,2,0,Hayes & Yeading,False,Defensive Midfielder,England,25 November 1990,305861
4671,João Teixeira,2,0,Shanghai Shenhua,False,Midfielder,Portugal,18 January 1993,355096
4672,Joél Drakes-Thomas,2,0,,False,Forward,England,9 June 2009,766764
4673,Juan Iturbe,2,0,Roma,False,Left/Right Winger,Paraguay,4 June 1993,18720
4674,Junior Agogo,2,0,,False,Forward,Ghana,1 August 1979,1736
4675,Justin Skinner,2,0,,False,Midfielder,England,30 January 1969,571
4676,Ján Mucha,2,0,Everton,False,Goalkeeper,Slovakia,5 December 1982,5699
4677,Kader Mangane,2,0,Rennes,False,Centre Central Defender,Senegal,23 March 1983,6479
4678,Kaelan Casey,2,0,Swansea City,False,Defender,England,28 October 2004,739779
4679,Kaide Gordon,2,0,,False,Right Winger,England,5 October 2004,335152
4680,Kayne Ramsay,2,0,Charlton Athletic,False,Right Full Back,England,10 October 2000,356659
4681,Kerrea Gilbert,2,0,St Albans City,False,Defender,England,28 February 1987,12198
4682,Kieron Freeman,2,0,Oldham Athletic,False,Defender,Wales,21 March 1992,350646
4683,Kristofer Haestad,2,0,Vålerenga,False,Midfielder,Norway,9 December 1983,112834
4684,Kristoffer Nordfeldt,2,0,,False,Goalkeeper,Sweden,23 June 1989,282904
4685,Lamine Diatta,2,0,Doncaster Rovers,False,Defender,Senegal,2 July 1975,176485
4686,Lance Key,2,0,Rushden & Diamonds,False,Goalkeeper,England,17 May 1968,28684
4687,Laurens Ten Heuvel,2,0,,False,Forward,Netherlands,6 June 1976,1776
4688,Lawrie Dudfield,2,0,,False,Forward,England,7 May 1980,1686
4689,Lee Crooks,2,0,Manchester City,False,Defender,England,14 January 1978,1000
4690,Lenny Pidgeley,2,0,,False,Goalkeeper,England,7 February 1984,20719
4691,Leo Cotterell,2,0,,False,Defender,England,2 September 1974,698
4692,Leo Hjelde,2,0,Mechelen,False,Defender,Norway,26 August 2003,792614
4693,Leon Clarke,2,0,Hartlepool United,False,Centre Striker,England,10 February 1985,338698
4694,Lewis Brunt,2,0,Bolton Wanderers,False,Defender,England,6 November 2000,792442
4695,Lewis Koumas,2,0,Liverpool,True,Forward,Wales,19 September 2005,793007
4696,Lewis Orford,2,0,West Ham United,False,Midfielder,England,18 February 2006,741797
4697,Lewis Richardson,2,0,Boreham Wood,False,Midfielder,England,7 February 2003,741926
4698,Loïc Damour,2,0,Versailles,False,Centre Central Midfielder,France,8 January 1991,360445
4699,Lucas Gourna-Douath,2,0,Hull City,True,Centre Defensive Midfielder,France,5 August 2003,792702
4700,Maceo Rigters,2,0,,False,Centre Striker,Netherlands,22 January 1984,4531
4701,Malick Fofana,2,0,Sunderland,True,Winger,Belgium,31 March 2005,794518
4702,Marc Navarro,2,0,,False,Right Full Back,Spain,2 July 1995,160685
4703,Marcel Gecov,2,0,,False,Midfielder,Czech Republic,1 January 1988,124825
4704,Marcelino Núñez,2,0,Ipswich Town,True,Centre Central Midfielder,Chile,1 March 2000,740926
4705,Marco Borriello,2,0,,False,Centre Striker,Italy,18 June 1982,12549
4706,Marcos Angeleri,2,0,Nacional,False,Right Full Back,Argentina,7 April 1983,153484
4707,Marcus Harness,2,0,Huddersfield Town,False,Forward,Ireland,24 February 1996,737486
4708,Mark Platts,2,0,,False,Midfielder,England,23 May 1979,1266
4709,Mark Randall,2,0,Larne,False,Midfielder,England,28 September 1989,364102
4710,Martial Godo,2,0,Strasbourg,False,Left/Centre/Right Winger,Cote D’Ivoire,14 March 2003,741686
4711,Martin Herrera,2,0,,False,Goalkeeper,Argentina,13 September 1970,2906
4712,Martin Johansen,2,0,,False,Forward,Denmark,22 July 1972,1616
4713,Martyn Booty,2,0,,False,Defender,England,30 May 1971,855
4714,Mason Burstow,2,0,Bolton Wanderers,False,Forward,England,4 August 2003,739440
4715,Matt Crooks,2,0,Hull City,True,Centre Central Midfielder,England,20 January 1994,731029
4716,Matt Hill,2,0,Tranmere Rovers,False,Left Full Back,England,26 March 1981,15227
4717,Matt Miazga,2,0,Cincinnati,False,Centre Central Defender,United States,19 July 1995,327514
4718,Matt Mills,2,0,Forest Green Rovers,False,Centre Central Defender,England,14 July 1986,161068
4719,Matteo Ruggeri,2,0,Aston Villa,True,Left Full Back,Italy,11 July 2002,792889
4720,Matty Daly,2,0,Harrogate Town,False,Left/Centre Attacking Midfielder,England,10 March 2001,340846
4721,Max Alleyne,2,0,Burnley,False,Defender,England,21 July 2005,792631
4722,Mervyn Day,2,0,,False,Goalkeeper,England,26 June 1955,623
4723,Michael Cummins,2,0,Gateshead,False,Midfielder,Ireland,1 June 1978,10930
4724,Michael Harriman,2,0,Northampton Town,False,Right Full Back,Ireland,23 October 1992,166985
4725,Michael Hefele,2,0,Nottingham Forest,False,Centre Central Defender,Germany,1 September 1990,135235
4726,Michael Jeffrey,2,0,,False,Forward,England,11 August 1971,745
4727,Michael McGovern,2,0,Heart of Midlothian,False,Goalkeeper,Northern Ireland,12 July 1984,359095
4728,Milos Veljkovic,2,0,Crvena Zvezda,False,Defender,Serbia,26 September 1995,740834
4729,Moses Ashikodi,2,0,York City,False,Forward,Antigua & Barbuda,27 June 1987,178071
4730,Moussa Dembélé,2,0,Atlético de Madrid,False,Centre Striker,France,12 July 1996,267447
4731,Nabil Abidallah,2,0,,False,Midfielder,Netherlands,5 August 1982,2390
4732,Nathan Eccleston,2,0,Coventry City,False,Centre Second Striker,England,30 December 1990,10597
4733,Nathan Holland,2,0,Forest Green Rovers,False,Left Winger,England,19 June 1998,345879
4734,Neil Davis,2,0,,False,Forward,England,15 August 1973,52
4735,Nick Crittenden,2,0,,False,Midfielder,England,11 November 1978,1605
4736,Nick Proschwitz,2,0,,False,Centre Striker,Germany,28 November 1986,92892
4737,Nico Elvedi,2,0,Leeds United,True,Centre Central Defender,Switzerland,30 September 1996,792891
4738,Niels Nkounkou,2,0,Eintracht Frankfurt,False,Left Full Back,France,1 November 2000,347183
4739,Obbi Oularé,2,0,RWDM,False,Forward,Belgium,8 January 1996,303701
4740,Omari Kellyman,2,0,Cardiff City,False,Midfielder,England,15 September 2005,741755
4741,Ousmane Diomande,2,0,Nottingham Forest,True,Centre Central Defender,Cote D’Ivoire,4 December 2003,792318
4742,Ovie Ejaria,2,0,,False,Centre Central Midfielder,England,18 November 1997,199366
4743,Owen Garvan,2,0,Colchester United,False,Centre Central Midfielder,Ireland,29 January 1988,21178
4744,Patrick Agyemang,2,0,Portsmouth,False,Centre Striker,Ghana,29 September 1980,15495
4745,Patrick Foletti,2,0,,False,Goalkeeper,Switzerland,27 May 1974,2642
4746,Paul Browne,2,0,,False,Defender,Scotland,17 February 1975,663
4747,Paul Lake,2,0,Manchester City,False,Midfielder,England,28 October 1968,291
4748,Paul Murray,2,0,Hartlepool United,False,Midfielder,England,31 August 1976,27644
4749,Paul Williams,2,0,,False,Defender,Northern Ireland,8 September 1963,610
4750,Promise David,2,0,Brighton & Hove Albion,True,Striker,Canada,3 July 2001,792876
4751,Quinten Timber,2,0,Crystal Palace,True,Midfielder,Netherlands,17 June 2001,794522
4752,Rati Aleksidze,2,0,,False,Midfielder,Georgia,3 August 1978,2335
4753,Richard Brown,2,0,,False,Midfielder,England,13 January 1967,73
4754,Richard Eckersley,2,0,Oldham Athletic,False,Defender,England,12 March 1989,19808
4755,Richie Ryan,2,0,,False,Centre Defensive Midfielder,Ireland,6 January 1985,144729
4756,Rushian Hepburn-Murphy,2,0,MK Dons,False,Forward,England,28 August 1998,737285
4757,Russ Watkinson,2,0,,False,Forward,England,3 December 1977,1525
4758,Ryan Allsop,2,0,Birmingham City,False,Goalkeeper,England,17 June 1992,359218
4759,Ryan France,2,0,Sheffield United,False,Midfielder,England,13 December 1980,28772
4760,Ryan McAidoo,2,0,Manchester City,True,Left/Right Winger,England,24 June 2008,363131
4761,Sagi Burton,2,0,Crystal Palace,False,Defender,St. Kitts & Nevis,25 November 1977,933
4762,Sam Aiston,2,0,Gainsborough Trinity,False,Midfielder,England,21 November 1976,176679
4763,Sam Baldock,2,0,,False,Centre Striker,England,15 March 1989,303491
4764,Sam McMahon,2,0,,False,Midfielder,England,10 February 1976,977
4765,Scott Howie,2,0,,False,Goalkeeper,Scotland,4 January 1972,1784
4766,Scott McDonald,2,0,,False,Centre Second Striker,Australia,21 August 1983,11478
4767,Scott Thomas,2,0,Manchester City,False,Defender,England,30 October 1974,277
4768,Seb Hines,2,0,Orlando City SC,False,Central Defender,England,29 May 1988,142306
4769,Shaun Byrne,2,0,,False,Midfielder,Ireland,21 January 1981,2258
4770,Shumaira Mheuka,2,0,Celtic,False,Forward,England,20 October 2007,794551
4771,Sidnei Tavares,2,0,Blackburn Rovers,False,Midfielder,Cape Verde,29 September 2001,781455
4772,Simon Moore,2,0,Sunderland,True,Goalkeeper,England,19 May 1990,359399
4773,Sorba Thomas,2,0,Hull City,True,Winger,Wales,25 January 1999,794515
4774,Stefan Wessels,2,0,FC Basel,False,Goalkeeper,Germany,28 February 1979,98621
4775,Steve Baker,2,0,,False,Defender,England,8 September 1978,1427
4776,Steve McMillan,2,0,,False,Defender,Scotland,19 January 1976,4051
4777,Steve Robinson,2,0,,False,Midfielder,Northern Ireland,10 December 1974,553
4778,Taylor Richards,2,0,Crawley Town,False,Midfielder,England,4 December 2000,785310
4779,Thomas Helmer,2,0,,False,Defender,Germany,21 April 1965,2194
4780,Thomas Strakosha,2,0,AEK Athens,False,Goalkeeper,Albania,19 March 1995,741069
4781,Tomas Danilevicius,2,0,,False,Forward,Lithuania,18 July 1978,2301
4782,Tomás Kalas,2,0,FC Schalke 04,False,Centre Central Defender,Czech Republic,15 May 1993,353862
4783,Troy Parrott,2,0,Real Betis,False,Centre Striker,Ireland,4 February 2002,793379
4784,Tyler Fletcher,2,0,Manchester United,True,Centre Central Midfielder,Scotland,19 March 2007,736961
4785,Tyler Morton,2,0,Lyon,False,Defensive Midfielder,England,31 October 2002,739765
4786,Tyrese Francois,2,0,Wigan Athletic,False,Central Midfielder,Australia,16 July 2000,361348
4787,Vitor Reis,2,0,Manchester City,False,Central Defender,Brazil,12 January 2006,736467
4788,Walter Benítez,2,0,Crystal Palace,True,Goalkeeper,Argentina,19 January 1993,737234
4789,William Prunier,2,0,,False,Defender,France,14 August 1967,1310
4790,Zack Nelson,2,0,Luton Town,False,Midfielder,England,21 April 2005,353592
4791,Zack Steffen,2,0,,False,Goalkeeper,United States,2 April 1995,319173
4792,Zavier Gozo,2,0,Crystal Palace,True,Right Winger,United States,22 March 2007,792877
4793,Zoran Tosic,2,0,,False,Left/Right Winger,Serbia,28 April 1987,53127
4794,Álvaro Rodríguez,2,0,Bournemouth,True,Striker,Uruguay,14 July 2004,785951
4795,Óscar Mingueza,2,0,Crystal Palace,True,Central Defender,Spain,13 May 1999,785904
4796,Aidan Newhouse,1,1,,False,Forward,England,23 May 1972,579
4797,Chris David,1,1,,False,Midfielder,Netherlands,6 March 1993,257487
4798,Gary Bull,1,1,,False,Striker,England,12 June 1966,1036
4799,Josh Harrop,1,1,Cheltenham Town,False,Centre Central Midfielder,England,15 December 1995,356237
4800,Aaron McLean,1,0,Ebbsfleet United,False,Forward,England,25 May 1983,91242
4801,Abdisalam Abdulkadir Ibrahim,1,0,Vålerenga,False,Centre Central Midfielder,Norway,1 May 1991,49276
4802,Adam Farley,1,0,,False,Defender,England,12 January 1980,1654
4803,Adam Matthews,1,0,Shamrock Rovers,False,Defender,Wales,13 January 1992,732601
4804,Adam Mitchell,1,0,Spennymoor Town,False,Midfielder,England,18 October 1993,41372
4805,Adam Rachel,1,0,Solihull Moors,False,Goalkeeper,England,10 December 1976,177643
4806,Akin Famewo,1,0,Bolton Wanderers,False,Central Defender,England,9 November 1998,785442
4807,Aladji Bamba,1,0,Newcastle United,True,Midfielder,France,14 July 2006,786134
4808,Albert Jarrett,1,0,Bromley,False,Midfielder,Sierra Leone,23 October 1984,176227
4809,Alex Král,1,0,FC København,False,Midfielder,Czech Republic,19 May 1998,794127
4810,Alex Matos,1,0,Sheffield United,False,Right Winger,England,3 October 2004,741689
4811,Alex Mighten,1,0,Port Vale,False,Left Winger,England,11 April 2002,356710
4812,Alex Nimely,1,0,Port Vale,False,Centre Striker,England,11 May 1991,15025
4813,Alex Smith,1,0,Eastbourne Borough,False,Defender,England,31 October 1991,40744
4814,Alfie Dorrington,1,0,,False,Defender,England,20 April 2005,741055
4815,Alfie Pond,1,0,,False,Centre Central Defender,England,1 March 2004,326858
4816,Allan Tchaptchet,1,0,Grenoble,False,Left/Right Central Defender,France,21 December 2001,342264
4817,Aly Dia,1,0,,False,Forward,Senegal,20 August 1965,1524
4818,Amadou Diallo,1,0,,False,Forward,England,15 February 2003,343760
4819,Amaury Bischoff,1,0,,False,Midfielder,Portugal,31 March 1987,4865
4820,Anderson Silva,1,0,Barnsley,False,Midfielder,Brazil,28 August 1982,94842
4821,Andrew Barrowman,1,0,,False,Forward,Scotland,27 November 1984,3157
4822,Andrew Eleftheriou,1,0,Dagenham and Redbridge,False,Defender,England,8 November 1997,261166
4823,Andrew Moran,1,0,Preston North End,False,Attacking Midfielder,Ireland,15 October 2003,776271
4824,Andy Thomson,1,0,Portsmouth,False,Defender,England,28 March 1974,41971
4825,Anthony Grant,1,0,,False,Centre Central Midfielder,Jamaica,4 June 1987,339665
4826,Anthony Ormerod,1,0,,False,Midfielder,England,31 March 1979,1434
4827,Antoni Milambo,1,0,Brentford,False,Midfielder,Netherlands,3 April 2005,794862
4828,Antonio Barreca,1,0,Monaco,False,Left Full Back,Italy,18 March 1995,154334
4829,Arturo Lupoli,1,0,Arsenal,False,Forward,Italy,24 June 1987,3460
4830,Baily Cargill,1,0,Mansfield Town,False,Left/Centre Central Defender,England,5 July 1995,340853
4831,Bali Mumba,1,0,Plymouth Argyle,False,Right Full Back,England,8 October 2001,342741
4832,Bazoumana Touré,1,0,Newcastle United,True,Left Winger,Cote D’Ivoire,2 March 2006,785592
4833,Ben Amos,1,0,Burnley,False,Goalkeeper,England,10 April 1990,790534
4834,Ben Clark,1,0,Gateshead,False,Defender,England,24 January 1983,10925
4835,Ben Parkinson,1,0,,False,Left/Right Winger,England,10 March 2005,342567
4836,Bendito Mantato,1,0,,False,Right Winger,England,25 January 2008,736802
4837,Bersant Celina,1,0,Stoke City,False,Left/Centre/Right Attacking Midfielder,Kosovo,9 September 1996,337367
4838,Billy Knott,1,0,Rochdale,False,Midfielder,England,28 November 1992,93572
4839,Björn Runström,1,0,New England Revolution,False,Forward,Sweden,1 March 1984,110296
4840,Blessing Kaku,1,0,Levski Sofia,False,Midfielder,Nigeria,5 March 1978,174062
4841,Bojan Djordjic,1,0,,False,Midfielder,Sweden,6 February 1982,178163
4842,Bradley Burrowes,1,0,,False,Midfielder,England,4 March 2008,731028
4843,Brandon Aguilera,1,0,Rio Ave,False,Attacking Midfielder,Costa Rica,28 June 2003,739572
4844,Brandon Austin,1,0,Tottenham Hotspur,False,Goalkeeper,England,8 January 1999,50144
4845,Brandon Comley,1,0,Walsall,False,Centre Central Midfielder,Montserrat,18 November 1995,314616
4846,Brian Linighan,1,0,,False,Defender,England,11 February 1973,870
4847,Brian McGovern,1,0,,False,Defender,Ireland,28 April 1980,2047
4848,Bruno Andrade,1,0,Kettering Town,False,Forward,Portugal,2 October 1993,728776
4849,Bruno Jordão,1,0,CSKA Sofia,False,Midfielder,Portugal,12 October 1998,793895
4850,Bruno Perone,1,0,Gimnàstic de Tarragona,False,Centre Central Defender,Brazil,6 July 1987,168413
4851,Bülent Akin,1,0,,False,Midfielder,Turkiye,28 August 1979,3117
4852,CJ Egan-Riley,1,0,Marseille,False,Centre Central Defender,England,2 January 2003,738048
4853,Cabral,1,0,Lausanne,False,Defensive Midfielder,Cape Verde,22 October 1988,131069
4854,Cafú,1,0,Rotherham United,False,Centre Defensive Midfielder,Portugal,26 February 1993,341536
4855,Callum Connolly,1,0,Stockport County,False,Defensive Midfielder,England,23 September 1997,359458
4856,Callum Olusesi,1,0,,False,Midfielder,England,11 March 2007,637069
4857,Cameron Lancaster,1,0,Louisville City,False,Forward,England,5 November 1992,738281
4858,Cameron Peupion,1,0,,False,Centre Central Midfielder,Australia,23 September 2002,347523
4859,Carl Ikeme,1,0,Doncaster Rovers,False,Goalkeeper,Nigeria,8 June 1986,176479
4860,Carsten Fredgaard,1,0,,False,Forward,Denmark,20 May 1976,2210
4861,Cedric Avinel,1,0,,False,Defender,Guadeloupe,11 September 1986,4375
4862,Chema Andrés,1,0,Brighton & Hove Albion,True,Centre Central Midfielder,Spain,25 April 2005,794509
4863,Chris Boden,1,0,,False,Midfielder,England,13 October 1973,1373
4864,Chris Coyne,1,0,,False,Defender,Australia,20 December 1978,1282
4865,Chris Hamon,1,0,,False,Forward,England,27 April 1970,805
4866,Chris Lumsdon,1,0,Darlington,False,Midfielder,England,15 December 1979,95522
4867,Chris Plummer,1,0,Queens Park Rangers,False,Defender,England,12 October 1976,1040
4868,Christian Negouai,1,0,,False,Midfielder,France,20 January 1975,2966
4869,Claudio Echeverri,1,0,Benfica,False,Attacking Midfielder,Argentina,2 January 2006,794545
4870,Cole Kpekawa,1,0,Kidderminster Harriers,False,Defender,England,20 May 1996,357716
4871,Colin Cramb,1,0,,False,Forward,Scotland,23 June 1974,788
4872,Colin McKee,1,0,,False,Forward,Scotland,22 August 1973,328
4873,Connor Ronan,1,0,Colorado Rapids,False,Central Midfielder,Ireland,6 March 1998,337584
4874,Conor Coventry,1,0,Charlton Athletic,False,Centre Defensive Midfielder,Ireland,25 March 2000,355387
4875,Craig Middleton,1,0,,False,Forward,England,10 September 1970,609
4876,Cyril Chapuis,1,0,,False,Forward,France,21 March 1979,3428
4877,César,1,0,,False,Defender,Spain,3 April 1977,4142
4878,Dan Chesters,1,0,Wealdstone,False,Midfielder,England,4 April 2002,792212
4879,Daniel Allsopp,1,0,,False,Forward,Australia,10 August 1978,2545
4880,Daniel Gore,1,0,,False,Centre Central Midfielder,England,26 September 2004,334646
4881,Daniel Lafferty,1,0,Peterborough United,False,Left Full Back,Northern Ireland,18 May 1989,144552
4882,Daniele Padelli,1,0,Udinese,False,Goalkeeper,Italy,25 October 1985,281568
4883,Danny Boxall,1,0,Crystal Palace,False,Defender,Ireland,24 August 1977,932
4884,Darko Gyabi,1,0,Hull City,True,Centre Central Midfielder,England,18 February 2004,741714
4885,Darío Osorio,1,0,Crystal Palace,True,Right Winger,Chile,24 January 2004,794511
4886,David Affengruber,1,0,Fulham,True,Centre Central Defender,Austria,19 March 2001,794513
4887,David Beresford,1,0,Oldham Athletic,False,Midfielder,England,11 November 1976,758
4888,David Grondin,1,0,,False,Defender,France,8 May 1980,1803
4889,David Raven,1,0,Marine,False,Right Full Back,England,10 March 1985,261646
4890,David Terrier,1,0,,False,Defender,France,4 August 1973,1711
4891,Demeaco Duhaney,1,0,Istanbulspor,False,Left Full Back,England,13 October 1998,353915
4892,Demetri Mitchell,1,0,Leyton Orient,False,Midfielder,Jamaica,11 January 1997,737489
4893,Derek Allan,1,0,,False,Defender,Scotland,24 December 1974,506
4894,Derrick Williams,1,0,Reading,False,Defender,Ireland,17 January 1993,740517
4895,Dexter Lembikisa,1,0,Lincoln City,False,Defender,Jamaica,4 November 2003,741775
4896,Diego Penny,1,0,Burnley,False,Goalkeeper,Peru,22 April 1984,5301
4897,Dodi Lukébakio,1,0,Benfica,False,Left/Right Winger,Belgium,24 September 1997,741872
4898,Dominic Gape,1,0,Colchester United,False,Midfielder,England,9 September 1994,737460
4899,Dominic Sadi,1,0,,False,Forward,England,2 September 2003,363166
4900,Dominic Samuel,1,0,Ebbsfleet United,False,Forward,England,11 April 1994,369028
4901,Dong Fangzhuo,1,0,,False,Forward,China,23 January 1985,120718
4902,Eduard Campabadal,1,0,Zamora,False,Defender,Spain,26 January 1993,377126
4903,El Hadji Ba,1,0,Apollon Limassol,False,Midfielder,Mauritania,5 March 1993,324502
4904,Emiliano Marcondes,1,0,Norwich City,False,Midfielder,Denmark,9 March 1995,372089
4905,Enso González,1,0,Wolverhampton Wanderers,False,Forward,Paraguay,20 January 2005,349566
4906,Erik Hagen,1,0,,False,Defender,Norway,14 July 1980,4811
4907,Fabian Caballero,1,0,,False,Forward,Argentina,31 January 1978,1811
4908,Federico Bessone,1,0,,False,Left Full Back,Argentina,23 January 1984,169270
4909,Femi Seriki,1,0,Rotherham United,False,Right Full Back,England,28 April 2002,356756
4910,Ferdinand Coly,1,0,,False,Defender,Senegal,10 September 1973,2820
4911,Filip Lesniak,1,0,Aalborg BK,False,Defensive Midfielder,Slovakia,14 May 1996,263089
4912,Fin Stevens,1,0,FC St. Pauli,False,Right Full Back,Wales,10 April 2003,737934
4913,Finley Munroe,1,0,Middlesbrough,False,Left Full Back,England,8 February 2005,774187
4914,Franck Rolling,1,0,,False,Defender,France,23 August 1968,1401
4915,Fraser Fyvie,1,0,,False,Midfielder,Scotland,27 March 1993,13464
4916,Freddie Ladapo,1,0,,False,Striker,England,1 February 1993,378684
4917,Gareth Davies,1,0,,False,Defender,Wales,11 December 1973,1788
4918,Gareth Evans,1,0,,False,Defender,England,15 February 1981,1908
4919,Gary Mills,1,0,Tamworth,False,Midfielder,England,11 November 1961,29112
4920,Gary Twigg,1,0,,False,Forward,Scotland,19 March 1984,2359
4921,Gavin Holligan,1,0,,False,Forward,England,13 June 1980,2021
4922,Gavin Hoyte,1,0,Maidstone United,False,Right Full Back,Trinidad & Tobago,6 June 1990,167649
4923,George Abbott,1,0,Wycombe Wanderers,False,Defender,England,17 August 2005,739806
4924,George Edmundson,1,0,Middlesbrough,False,Central Defender,England,15 August 1997,732511
4925,Geovany Quenda,1,0,Chelsea,True,Right Winger,Portugal,30 April 2007,785355
4926,Gerry Peyton,1,0,,False,Goalkeeper,Ireland,20 May 1956,886
4927,Giedrius Arlauskis,1,0,,False,Goalkeeper,Lithuania,1 December 1987,273070
4928,Gláuber,1,0,Manchester City,False,Defender,Brazil,5 August 1983,5016
4929,Graham Rix,1,0,,False,Forward,England,23 October 1957,682
4930,Greg Strong,1,0,Bolton Wanderers,False,Defender,England,5 September 1975,1139
4931,Gunnar Nielsen,1,0,Manchester City,False,Goalkeeper,Faroe Islands,7 October 1986,30245
4932,Halil Dervisoglu,1,0,Hatayspor,False,Centre Striker,Turkiye,8 December 1999,358010
4933,Harrison Ashby,1,0,Queens Park Rangers,False,Right Full Back,Scotland,14 November 2001,363813
4934,Harvey White,1,0,Stevenage,False,Defensive Midfielder,England,19 September 2001,347554
4935,Hidemasa Morita,1,0,Hull City,True,Centre Central Midfielder,Japan,10 May 1995,786135
4936,Hiram Boateng,1,0,York City,False,Midfielder,England,8 January 1996,752914
4937,Honest Ahanor,1,0,Crystal Palace,True,Central Defender,Italy,23 February 2008,794447
4938,Iago Falque,1,0,Torino,False,Left/Right Second Striker,Spain,4 January 1990,130235
4939,Iain Jenkins,1,0,,False,Defender,Northern Ireland,24 November 1972,168
4940,Ibrahim Mbaye,1,0,Aston Villa,True,Left/Right Winger,Senegal,24 January 2008,794445
4941,Ishmel Demontagnac,1,0,,False,Midfielder,England,15 June 1988,13305
4942,Istvan Kozma,1,0,,False,Midfielder,Hungary,3 December 1964,258
4943,Iyseden Christie,1,0,,False,Forward,England,14 November 1976,20542
4944,Jake Clarke-Salter,1,0,Queens Park Rangers,False,Centre Central Defender,England,22 September 1997,313100
4945,Jake Kean,1,0,Burton Albion,False,Goalkeeper,England,4 February 1991,327944
4946,Jamaldeen Jimoh-Aloba,1,0,West Bromwich Albion,False,Midfielder,England,2 October 2006,776262
4947,Jamar Loza,1,0,,False,Forward,Jamaica,10 May 1994,328683
4948,James Coppinger,1,0,Doncaster Rovers,False,Left/Centre/Right Attacking Midfielder,England,18 January 1981,10797
4949,James Hurst,1,0,Buxton,False,Defender,England,31 January 1992,295164
4950,James Husband,1,0,Blackpool,False,Left Full Back,England,3 January 1994,185907
4951,James Rowswell,1,0,,False,Centre Central Defender,England,13 July 2006,739243
4952,James Shea,1,0,Luton Town,False,Goalkeeper,England,16 June 1991,353591
4953,James Weir,1,0,,False,Midfielder,England,4 August 1995,315464
4954,Jamie Barnwell,1,0,,False,Forward,England,26 December 1975,927
4955,Jamie Slabber,1,0,Bromley,False,Forward,England,31 December 1984,16409
4956,Jamie Sterry,1,0,Doncaster Rovers,False,Right Full Back,England,21 November 1995,340822
4957,Jan Eriksson,1,0,,False,Midfielder,Sweden,24 August 1967,1484
4958,Jared Hodgkiss,1,0,Hereford FC,False,Right Full Back,England,15 November 1986,328900
4959,Jaroslaw Fojut,1,0,Tromsø,False,Defender,Poland,17 October 1987,9401
4960,Jason McCarthy,1,0,,False,Right Full Back,England,7 November 1995,135727
4961,Jason Minett,1,0,,False,Defender,England,12 August 1971,359
4962,Jay Emmanuel-Thomas,1,0,Braintree Town,False,Forward,England,27 December 1990,761157
4963,Jay O'Shea,1,0,Foxtel A-League All Stars,False,Midfielder,Ireland,10 August 1988,311679
4964,Jayden Meghoma,1,0,Portsmouth,False,Left Full Back,England,28 June 2006,794500
4965,Jaydon Banel,1,0,Derby County,False,Winger,Netherlands,19 October 2004,775938
4966,Jayson Molumby,1,0,West Bromwich Albion,False,Centre Central Midfielder,Ireland,6 August 1999,311449
4967,Jeff Smith,1,0,Darlington,False,Midfielder,England,28 June 1980,95524
4968,Jens Hjertø-Dahl,1,0,Hull City,True,Central Midfielder,Norway,31 October 2005,790976
4969,Jerome Abbey,1,0,Wolverhampton Wanderers,False,Midfielder,England,16 September 2009,776107
4970,Jesse Derry,1,0,Sporting Lisbon,False,Left/Right Winger,England,30 June 2007,786115
4971,Jimi Tauriainen,1,0,,False,Centre Central Midfielder,Finland,8 March 2004,319026
4972,Jimmy Smith,1,0,Yeovil Town,False,Midfielder,England,7 January 1987,288269
4973,Jo Inge Berget,1,0,,False,Left/Centre Striker,Norway,11 September 1990,15930
4974,Jocelin Ta Bi,1,0,Sunderland,True,Right Winger,Cote D’Ivoire,9 February 2005,774181
4975,Joe Knight,1,0,Sutton United,False,Midfielder,England,21 September 2005,794872
4976,Joe Lewis,1,0,Fulham,False,Goalkeeper,England,6 October 1987,19294
4977,Joe Sheerin,1,0,,False,Forward,England,8 November 1977,1343
4978,Joel Asoro,1,0,Metz,False,Left/Right Winger,Sweden,27 April 1999,360391
4979,Joel Coleman,1,0,Millwall,False,Goalkeeper,England,26 September 1995,740898
4980,Joel Pereira,1,0,Reading,False,Goalkeeper,Portugal,28 June 1996,352477
4981,Johan Manzambi,1,0,Aston Villa,True,Central Midfielder,Switzerland,14 October 2005,785968
4982,Johann Smith,1,0,,False,Forward,United States,25 April 1987,4152
4983,John Halls,1,0,Aldershot Town,False,Defender,England,14 February 1982,26395
4984,John Johnson,1,0,Northampton Town,False,Defender,England,16 September 1988,28303
4985,John Keeley,1,0,,False,Goalkeeper,England,27 July 1961,646
4986,John Swift,1,0,Portsmouth,False,Midfielder,England,23 June 1995,738523
4987,Johnny Gorman,1,0,Leyton Orient,False,Winger,Northern Ireland,26 October 1992,11282
4988,Jon Newby,1,0,Northwich Victoria,False,Forward,England,28 November 1978,96641
4989,Jon Routledge,1,0,Stockport County,False,Defender,England,23 November 1989,177747
4990,Jonathan Benteke,1,0,Oldham Athletic,False,Centre Striker,Belgium,28 April 1995,100603
4991,Jonathan Bewers,1,0,,False,Defender,England,10 September 1982,2057
4992,Jonathan Franks,1,0,,False,Right Winger,England,8 April 1990,11041
4993,Jonathan Hutchinson,1,0,,False,Defender,England,2 April 1982,2819
4994,Jonjo Dickman,1,0,,False,Midfielder,England,22 September 1981,1483
4995,Jordan Rossiter,1,0,Oldham Athletic,False,Midfielder,England,24 March 1997,731041
4996,Jordan Slew,1,0,Morecambe,False,Left/Centre Striker,England,7 September 1992,172619
4997,Jordan Thomas,1,0,,False,Defender,England,2 January 2001,328664
4998,Joseph Dodoo,1,0,Solihull Moors,False,Forward,England,29 June 1995,736525
4999,José Crespo,1,0,PAOK Salonika,False,Centre Central Defender,Spain,9 February 1987,34302
5000,João Virgínia,1,0,Wolverhampton Wanderers,False,Goalkeeper,Portugal,10 October 1999,793200
5001,Jun'ai Byfield,1,0,Tottenham Hotspur,False,Central Defender,England,6 December 2008,791988
5002,Jérémie Boga,1,0,Juventus,False,Winger,Cote D’Ivoire,3 January 1997,785817
5003,Kaden Braithwaite,1,0,Manchester City,True,Centre Central Defender,England,8 February 2008,793211
5004,Kaden Rodney,1,0,,False,Centre Defensive Midfielder,England,7 October 2004,349249
5005,Kamari Doyle,1,0,Reading,False,Centre Attacking Midfielder,England,1 August 2005,792356
5006,Karim Bagheri,1,0,,False,Midfielder,Iran,20 February 1974,2324
5007,Karim Rekik,1,0,,False,Centre Central Defender,Netherlands,2 December 1994,258765
5008,Kaye Furo,1,0,Brentford,False,Forward,Belgium,6 February 2007,792953
5009,Kayky,1,0,,False,Right Winger,Brazil,11 June 2003,299437
5010,Keith Hill,1,0,,False,Defender,England,17 May 1969,594
5011,Kelland Watts,1,0,Cambridge United,False,Centre Central Defender,England,3 November 1999,359237
5012,Kenji Gorré,1,0,Swansea City,False,Midfielder,Curacao,29 September 1994,90954
5013,Kevin Betsy,1,0,Woking,False,Midfielder,Seychelles,20 March 1978,16941
5014,Kevin Cooper,1,0,,False,Forward,England,8 February 1975,3417
5015,Kevin Dearden,1,0,,False,Goalkeeper,England,8 March 1970,526
5016,Kevin Ellis,1,0,Ipswich Town,False,Defender,England,11 May 1977,697
5017,Kevin Ellison,1,0,Newport County,False,Left Winger,England,23 February 1979,211649
5018,Kieran Agard,1,0,Doncaster Rovers,False,Centre Striker,England,10 October 1989,300558
5019,Kieran Lee,1,0,Bolton Wanderers,False,Centre Central Midfielder,England,22 June 1988,267008
5020,Kristoffer Klaesson,1,0,Leeds United,False,Goalkeeper,Norway,27 November 2000,284443
5021,Kyle Lafferty,1,0,,False,Centre Striker,Northern Ireland,16 September 1987,305655
5022,Lacina Emeghara Traoré,1,0,,False,Centre Striker,,20 August 1990,163776
5023,Larnell Cole,1,0,Tranmere Rovers,False,Midfielder,England,9 March 1993,79458
5024,Lasse Sørensen,1,0,Huddersfield Town,False,Right,Denmark,21 October 1999,359275
5025,Leam Richardson,1,0,Accrington Stanley,False,Defender,England,19 November 1979,26338
5026,Lee Boylan,1,0,,False,Centre Striker,England,2 September 1978,29593
5027,Lee Harper,1,0,Kettering Town,False,Goalkeeper,England,30 October 1971,96200
5028,Lee Martin,1,0,,False,Defender,England,5 February 1968,1303
5029,Lee Martin,1,0,Ramsgate,False,Attacking Midfielder,England,9 February 1987,350656
5030,Lee Roche,1,0,,False,Defender,England,28 October 1980,27262
5031,Levi Lumeka,1,0,Troyes,False,Left/Right Winger,England,5 September 1998,281758
5032,Lewis Warrington,1,0,Tranmere Rovers,False,Midfielder,England,10 October 2002,785321
5033,Li Ke,1,0,Brentford,False,Full Back,China,24 May 1993,15292
5034,Li Weifeng,1,0,,False,Defender,China,26 January 1978,2898
5035,Liam Fontaine,1,0,,False,Defender,England,7 January 1986,13643
5036,Liam McCarron,1,0,Boston United,False,Midfielder,Scotland,7 March 2001,778457
5037,Lloyd Isgrove,1,0,Bolton Wanderers,False,Right Winger,Wales,12 January 1993,257556
5038,Louis Laing,1,0,Darlington,False,Central Defender,England,6 March 1993,167446
5039,Louis Moult,1,0,Crewe Alexandra,False,Forward,England,14 May 1992,739219
5040,Lucas Piazón,1,0,Botafogo,False,Left/Centre/Right Attacking Midfielder,Brazil,20 January 1994,331866
5041,Luciano Figueroa,1,0,,False,Forward,Argentina,19 May 1981,100343
5042,Luke Amos,1,0,Perth Glory,False,Midfielder,England,23 February 1997,736880
5043,Luke Daniels,1,0,Barrow,False,Goalkeeper,England,5 January 1988,728563
5044,Luke Dreher,1,0,Wealdstone,False,Midfielder,England,27 November 1998,369188
5045,Manu García,1,0,Alavés,False,Centre Attacking Midfielder,Spain,2 January 1998,279635
5046,Marc Bridge-Wilkinson,1,0,Darlington,False,Midfielder,England,16 March 1979,27159
5047,Marcello Trotta,1,0,Frosinone,False,Centre Striker,Italy,29 September 1992,256577
5048,Marco Almeida,1,0,,False,Defender,Portugal,4 April 1977,2283
5049,Marco Branca,1,0,,False,Forward,Italy,6 January 1965,1943
5050,Marino Rahmberg,1,0,Derby County,False,Substitute,Sweden,7 August 1974,1379
5051,Mark Halstead,1,0,Torquay United,False,Goalkeeper,England,17 September 1990,329024
5052,Mark Hughes,1,0,Bristol Rovers,False,Centre Central Defender,England,9 December 1986,281030
5053,Mark Watson,1,0,,False,Forward,England,28 December 1973,1070
5054,Marquinhos,1,0,Norwich City,False,Right Winger,Brazil,7 April 2003,337756
5055,Martin Brittain,1,0,Gateshead,False,Midfielder,England,29 December 1984,27523
5056,Martin Carruthers,1,0,,False,Forward,England,7 August 1972,42157
5057,Martyn Margetson,1,0,Cardiff City,False,Goalkeeper,Wales,8 September 1971,352862
5058,Martín Cáceres,1,0,LA Galaxy,False,Centre Central Defender,Uruguay,7 April 1987,327518
5059,Mathis Amougou,1,0,Strasbourg,False,Central Midfielder,France,18 January 2006,738419
5060,Matias Fernandez-Pardo,1,0,Newcastle United,True,Striker,Belgium,3 February 2005,794449
5061,Matt Murray,1,0,,False,Goalkeeper,England,2 May 1981,3381
5062,Matthew Birley,1,0,,False,Midfielder,England,26 July 1986,3801
5063,Matthew Craig,1,0,Mansfield Town,False,Midfielder,Scotland,16 April 2003,731020
5064,Matthew Worthington,1,0,Oldham Athletic,False,Midfielder,England,18 December 1997,732513
5065,Maurice Edu,1,0,Philadelphia Union,False,Centre Central Midfielder,United States,18 April 1986,142350
5066,Max Thompson,1,0,,False,Right Winger,England,9 February 2002,321648
5067,Mesca,1,0,,False,Midfielder,Guinea-Bissau,6 May 1993,13021
5068,Michael Barron,1,0,,False,Defender,England,22 December 1974,337
5069,Michael Folivi,1,0,Chesham United,False,Forward,England,25 February 1998,728625
5070,Michael Golding,1,0,,False,Centre Central Midfielder,England,23 May 2006,360339
5071,Michael Ndiweni,1,0,,False,Forward,England,2 December 2003,343731
5072,Mikkel Bischoff,1,0,Brøndby IF,False,Defender,Denmark,3 February 1982,173412
5073,Miles Addison,1,0,,False,Centre Central Defender,England,7 January 1989,20844
5074,Mineiro,1,0,,False,Midfielder,Brazil,2 August 1975,4919
5075,Mislav Orsic,1,0,Dinamo Zagreb,False,Forward,Croatia,29 December 1992,793550
5076,Mohammed Camara,1,0,,False,Midfielder,Guinea,25 June 1975,98396
5077,Máximo Perrone,1,0,Como,False,Defensive Midfielder,Argentina,7 January 2003,739162
5078,Nathan Ashton,1,0,,False,Defender,England,30 January 1987,27237
5079,Nathan Butler-Oyedeji,1,0,Lausanne,False,Forward,England,4 January 2003,741294
5080,Nathan Ferguson,1,0,Reading,False,Centre Central Defender,England,6 October 2000,740419
5081,Nathan Young-Coombes,1,0,Wealdstone,False,Forward,England,15 January 2003,740024
5082,Nehemiah Oriola,1,0,Brighton & Hove Albion,True,Winger,England,11 June 2007,756382
5083,Neil Cutler,1,0,,False,Goalkeeper,England,3 September 1976,178581
5084,Neil Finn,1,0,,False,Goalkeeper,England,29 December 1978,1280
5085,Niall Huggins,1,0,Wycombe Wanderers,False,Right Full Back,Wales,18 December 2000,741811
5086,Nick Colgan,1,0,Huddersfield Town,False,Goalkeeper,Ireland,19 September 1973,176819
5087,Nick Culkin,1,0,Queens Park Rangers,False,Goalkeeper,England,6 July 1978,353209
5088,Olabade Aluko,1,0,Leicester City,False,Centre/Right Full Back,England,30 November 2006,348198
5089,Oliver Shenton,1,0,Chorley,False,Midfielder,England,6 November 1997,185919
5090,Omar Pouso,1,0,,False,Midfielder,Uruguay,28 February 1980,4446
5091,Orpheo Keizerweerd,1,0,,False,Forward,Netherlands,21 November 1968,420
5092,Oskar Buur,1,0,FC Volendam,False,Defender,Denmark,31 March 1998,333477
5093,Owen Beck,1,0,Blackburn Rovers,False,Defender,Wales,9 August 2002,760892
5094,Owen Bevan,1,0,,False,Central Defender,Wales,26 October 2003,355258
5095,Owen Morrison,1,0,,False,Forward,Northern Ireland,8 December 1981,1986
5096,Paddy McCarthy,1,0,Bolton Wanderers,False,Midfielder,Ireland,31 May 1983,25521
5097,Paris Simmons,1,0,Lincoln United,False,Forward,England,2 January 1990,96322
5098,Park Chu-Young,1,0,Watford,False,Striker,South Korea,10 July 1985,12510
5099,Patrice Luzi,1,0,Rennes,False,Goalkeeper,France,8 July 1980,174515
5100,Paul Marquis,1,0,,False,Midfielder,England,29 August 1972,884
5101,Paul Mitchell,1,0,,False,Midfielder,England,20 October 1971,831
5102,Paul Shepherd,1,0,,False,Forward,England,17 November 1977,1518
5103,Pedro Chirivella,1,0,Panathinaikos,False,Midfielder,Spain,23 May 1997,741026
5104,Per Kroldrup,1,0,Olhanense,False,Centre Central Defender,Denmark,31 July 1979,122615
5105,Peter Kurucz,1,0,Ferencvárosi TC,False,Goalkeeper,Hungary,30 May 1988,119673
5106,Peter Whiston,1,0,,False,Defender,England,4 January 1968,1051
5107,Phil O'Donnell,1,0,,False,Midfielder,Scotland,25 March 1972,2179
5108,Philip Morgan,1,0,,False,Goalkeeper,England,18 December 1974,1086
5109,Piotr Swierczewski,1,0,,False,Midfielder,Poland,8 April 1972,2831
5110,Rafael Camacho,1,0,Belenenses,False,Winger,Portugal,22 May 2000,289483
5111,Rafik Halliche,1,0,Fulham,False,Centre Central Defender,Algeria,2 September 1986,5712
5112,Ralf Fährmann,1,0,Norwich City,False,Goalkeeper,Germany,27 September 1988,160300
5113,Reda Khadra,1,0,Birmingham City,False,Left/Centre/Right Attacking Midfielder,Germany,4 July 2001,336129
5114,Reece Wabara,1,0,Bolton Wanderers,False,Right Full Back,England,28 December 1991,43529
5115,Rees Greenwood,1,0,Gateshead,False,Midfielder,England,10 January 1996,93997
5116,Remi Matthews,1,0,Crystal Palace,False,Goalkeeper,England,10 February 1994,353823
5117,Remy Rees-Dottin,1,0,,False,Left Winger,England,6 March 2006,729396
5118,Rhys Weston,1,0,,False,Defender,Wales,27 October 1980,13520
5119,Ricardo,1,0,,False,Goalkeeper,Spain,30 December 1971,101137
5120,Richard Duffy,1,0,Port Vale,False,Centre Central Defender,Wales,30 August 1985,30860
5121,Richard Irving,1,0,Nottingham Forest,False,Forward,England,10 September 1975,1253
5122,Richard Witschge,1,0,,False,Midfielder,Netherlands,20 September 1969,279311
5123,Rio Cardines,1,0,Bristol City,False,Left Full Back,Trinidad & Tobago,1 July 2006,792321
5124,Robert Hall,1,0,Barnet,False,Left/Right Winger,England,20 October 1993,328680
5125,Robert Malcolm,1,0,Motherwell,False,Midfielder,Scotland,12 November 1980,174235
5126,Robert Milsom,1,0,Sutton United,False,Central Midfielder,England,2 January 1987,277063
5127,Robert Quinn,1,0,Crystal Palace,False,Midfielder,Ireland,8 November 1976,1632
5128,Robert Wolleaston,1,0,Farnborough,False,Midfielder,England,21 December 1979,27424
5129,Robinio Vaz,1,0,Hull City,True,Centre Striker,France,17 February 2007,794463
5130,Roman Dixon,1,0,,False,Right Full Back,England,26 December 2004,362626
5131,Ronnie Edwards,1,0,Queens Park Rangers,False,Defender,England,28 March 2003,773623
5132,Russell Anderson,1,0,Derby County,False,Defender,Scotland,25 October 1978,27190
5133,Ruud Boffin,1,0,,False,Goalkeeper,Belgium,5 November 1987,256243
5134,Ryan Garry,1,0,Bournemouth,False,Defender,England,29 September 1983,26598
5135,Ryan McGivern,1,0,Swindon Town,False,Defender,Northern Ireland,8 January 1990,128224
5136,Ryan Oné,1,0,Lincoln City,False,Forward,Scotland,26 June 2006,785343
5137,Ryan Seager,1,0,Yeovil Town,False,Centre Striker,England,5 February 1996,154823
5138,Ryan Trevitt,1,0,Wigan Athletic,False,Midfielder,England,12 March 2003,739546
5139,Rúnar Rúnarsson,1,0,FC København,False,Goalkeeper,Iceland,18 February 1995,356802
5140,Sam Curtis,1,0,Peterborough United,False,Full Back,Ireland,1 December 2005,362370
5141,Sam Williamson,1,0,Fleetwood Town,False,Defender,England,15 October 1987,95684
5142,Scott Golbourne,1,0,Shrewsbury Town,False,Left Full Back,England,29 February 1988,154805
5143,Scott Kerr,1,0,Grimsby Town,False,Central Midfielder,England,11 December 1981,11017
5144,Scott Taylor,1,0,Staines Town,False,Forward,England,5 May 1976,12235
5145,Sean Kilgannon,1,0,,False,Midfielder,Scotland,8 March 1981,2163
5146,Sean Neave,1,0,Wolverhampton Wanderers,False,Forward,England,27 May 2007,794660
5147,Shay Logan,1,0,Brentford,False,Defender,England,29 January 1988,12841
5148,Sidiki Cherif,1,0,Coventry City,True,Centre Striker,France,15 December 2006,792890
5149,Simon Ireland,1,0,,False,Midfielder,England,23 November 1971,74
5150,Sindre Egeli,1,0,Ipswich Town,True,Right Winger,Norway,21 June 2006,740927
5151,Sonny Perkins,1,0,Leyton Orient,False,Forward,England,10 February 2004,734522
5152,Stathis Tavlaridis,1,0,,False,Centre Central Defender,Greece,25 January 1980,17956
5153,Stephen Brooker,1,0,Doncaster Rovers,False,Forward,England,21 May 1981,27226
5154,Stephen Darby,1,0,Bolton Wanderers,False,Full Back,England,6 October 1988,49672
5155,Stephen Melton,1,0,,False,Midfielder,England,3 October 1978,1442
5156,Steve Banks,1,0,Gillingham,False,Goalkeeper,England,9 February 1972,352977
5157,Steve Mautone,1,0,Reading,False,Goalkeeper,Australia,10 August 1970,42001
5158,Steven Watt,1,0,Maidstone United,False,Defender,Scotland,1 May 1985,16759
5159,Stuart Massey,1,0,,False,Midfielder,England,17 November 1964,151
5160,Stuart McKinstry,1,0,,False,Left Winger,Scotland,18 September 2002,335246
5161,Sydie Peck,1,0,Sheffield United,False,Central Midfielder,England,13 September 2004,354355
5162,Tariqe Fosu,1,0,Northampton Town,False,Left/Right Winger,Ghana,5 November 1995,362660
5163,Tatsuhiro Sakamoto,1,0,Coventry City,True,Left/Centre/Right Attacking Midfielder,Japan,22 October 1996,341867
5164,Terry Dunfield,1,0,Oldham Athletic,False,Central Midfielder,Canada,20 February 1982,11687
5165,Thakgalo Leshabela,1,0,AFC Telford United,False,Midfielder,South Africa,18 September 1999,752577
5166,Theo Corbeanu,1,0,Granada CF,False,Right Winger,Canada,17 May 2002,356700
5167,Theo Robinson,1,0,,False,Centre Striker,Jamaica,22 January 1989,328479
5168,Theofanis Gekas,1,0,FC Sion,False,Centre Striker,Greece,23 May 1980,24113
5169,Thomas Robson,1,0,,False,Defender,England,11 September 1995,90912
5170,Tino Anjorin,1,0,Portsmouth,False,Centre Attacking Midfielder,England,23 November 2001,346807
5171,Tom James,1,0,Bristol Rovers,False,Defender,Wales,15 April 1996,785598
5172,Tom King,1,0,Everton,True,Goalkeeper,Wales,9 March 1995,740530
5173,Tom Thorpe,1,0,Bradford City,False,Defender,England,13 January 1993,39265
5174,Tom Williamson,1,0,,False,Central Midfielder,England,24 December 1984,29474
5175,Tommy Black,1,0,Grays Athletic,False,Midfielder,England,26 November 1979,95872
5176,Tommy Goodwin,1,0,,False,Midfielder,England,8 November 1979,2277
5177,Tommy Wright,1,0,Corby Town,False,Forward,England,28 September 1984,10568
5178,Tony Caig,1,0,Hartlepool United,False,Goalkeeper,England,11 April 1974,19373
5179,Tony Folan,1,0,,False,Midfielder,Ireland,18 September 1978,1629
5180,Tony Witter,1,0,,False,Defender,England,12 August 1965,866
5181,Tyreke Johnson,1,0,Chelmsford City,False,Forward,England,3 November 1998,339162
5182,Tyson Nuñez,1,0,,False,Forward,Honduras,30 October 1972,2211
5183,Ulrich Le Pen,1,0,,False,Midfielder,France,21 January 1974,2694
5184,Uwe Hünemeier,1,0,SC Paderborn 07,False,Centre Central Defender,Germany,9 January 1986,187169
5185,Vangelis Moras,1,0,Verona,False,Centre Central Defender,Greece,26 August 1981,112854
5186,Vítezslav Jaros,1,0,Ajax,False,Goalkeeper,Czech Republic,23 July 2001,737616
5187,Wayne Brown,1,0,Sutton United,False,Midfielder,England,6 August 1988,139441
5188,Wayne Burnett,1,0,Huddersfield Town,False,Midfielder,England,4 September 1971,41869
5189,Wayne Gray,1,0,Chelmsford City,False,Centre Striker,England,7 November 1980,26930
5190,Will Alves,1,0,Huddersfield Town,False,Midfielder,England,4 May 2005,741772
5191,Will Fish,1,0,Cardiff City,False,Centre Central Defender,England,17 February 2003,363246
5192,Xande Silva,1,0,Nottingham Forest,False,Forward,Portugal,16 March 1997,321745
5193,Yildiray Bastürk,1,0,,False,Centre Attacking Midfielder,Turkiye,24 December 1978,5282
5194,Zadok Yohanna,1,0,Brighton & Hove Albion,True,Right Winger,Nigeria,29 June 2007,785354
5195,Zain Silcott-Duberry,1,0,Sheffield Wednesday,False,Left/Right Wing Back,England,9 July 2005,782257
5196,Andy Williams,0,0,Hereford FC,False,Centre Striker,England,14 August 1986,350579
5197,Ben Chrisene,0,0,Norwich City,False,Left Full Back,England,12 January 2004,362069
5198,Ben Jackson,0,0,,False,Defender,England,3 September 2003,739782
5199,Richard Walker,0,0,,False,Forward,England,9 November 1971,1117
5200,Richie Laryea,0,0,Toronto FC,False,Right Wing Back,Canada,7 January 1995,337698
